{"type":"FeatureCollection","crs":{"type":"name","properties":{"name":"EPSG:4326"}},"features":[
{"type":"Feature","geometry":{"type":"Point","coordinates":[-74.09667983,4.57205993]},"properties":{"GmlID":"Puntos_Criticos_Arrojo_Clandestino_Residuos.1","OBJECTID":1,"Nombre_Localidad":"4","Frecuencia":"Lunes - Jueves","Dirección":"Calle 26 Sur con carrera 9","Observación":"ACTIVO"}},
{"type":"Feature","geometry":{"type":"Point","coordinates":[-74.05499489,4.64420353]},"properties":{"GmlID":"Puntos_Criticos_Arrojo_Clandestino_Residuos.2","OBJECTID":2,"Nombre_Localidad":"2","Frecuencia":"Lunes - Jueves","Dirección":"Cll 62 Kr 1 a 3","Observación":"ACTIVO"}},
{"type":"Feature","geometry":{"type":"Point","coordinates":[-74.06214618,4.61754709]},"properties":{"GmlID":"Puntos_Criticos_Arrojo_Clandestino_Residuos.3","OBJECTID":3,"Nombre_Localidad":"3","Frecuencia":"Miercoles - Sabado","Dirección":"Cll 33 Kr 1","Observación":"ACTIVO"}},
{"type":"Feature","geometry":{"type":"Point","coordinates":[-74.08105291,4.59536408]},"properties":{"GmlID":"Puntos_Criticos_Arrojo_Clandestino_Residuos.4","OBJECTID":4,"Nombre_Localidad":"3","Frecuencia":"Miercoles - Sabado","Dirección":"Cll 6 Kr 9","Observación":"ACTIVO"}},
{"type":"Feature","geometry":{"type":"Point","coordinates":[-74.08944868,4.57945470]},"properties":{"GmlID":"Puntos_Criticos_Arrojo_Clandestino_Residuos.5","OBJECTID":5,"Nombre_Localidad":"4","Frecuencia":"Lunes - Jueves","Dirección":"Carrera 8 # 13-51 Sur","Observación":"ACTIVO"}},
{"type":"Feature","geometry":{"type":"Point","coordinates":[-74.08106241,4.58604562]},"properties":{"GmlID":"Puntos_Criticos_Arrojo_Clandestino_Residuos.6","OBJECTID":6,"Nombre_Localidad":"4","Frecuencia":"Lunes - Jueves","Dirección":"Carrera 6  calle 1","Observación":"ACTIVO"}},
{"type":"Feature","geometry":{"type":"Point","coordinates":[-74.07418116,4.60932431]},"properties":{"GmlID":"Puntos_Criticos_Arrojo_Clandestino_Residuos.7","OBJECTID":7,"Nombre_Localidad":"3","Frecuencia":"Miercoles - Sabado","Dirección":"Carrera 13 con calle 21","Observación":"ACTIVO"}},
{"type":"Feature","geometry":{"type":"Point","coordinates":[-74.09094290,4.55578518]},"properties":{"GmlID":"Puntos_Criticos_Arrojo_Clandestino_Residuos.8","OBJECTID":8,"Nombre_Localidad":"4","Frecuencia":"Lunes - Jueves","Dirección":"Carrera 4 Este Calle 36 H Sur","Observación":"ACTIVO"}},
{"type":"Feature","geometry":{"type":"Point","coordinates":[-74.08519110,4.53239098]},"properties":{"GmlID":"Puntos_Criticos_Arrojo_Clandestino_Residuos.9","OBJECTID":9,"Nombre_Localidad":"4","Frecuencia":"Lunes - Jueves","Dirección":"Calle 56 Sur con Transversal 15 Este","Observación":"ACTIVO"}},
{"type":"Feature","geometry":{"type":"Point","coordinates":[-74.09066951,4.52985044]},"properties":{"GmlID":"Puntos_Criticos_Arrojo_Clandestino_Residuos.10","OBJECTID":10,"Nombre_Localidad":"4","Frecuencia":"Lunes - Jueves","Dirección":"Carrera 11 Este Calle 62 Sur","Observación":"ACTIVO"}},
{"type":"Feature","geometry":{"type":"Point","coordinates":[-74.09838549,4.55170813]},"properties":{"GmlID":"Puntos_Criticos_Arrojo_Clandestino_Residuos.11","OBJECTID":11,"Nombre_Localidad":"4","Frecuencia":"Lunes - Jueves","Dirección":"Calle 41 sur con carrera 1a","Observación":"ACTIVO"}},
{"type":"Feature","geometry":{"type":"Point","coordinates":[-74.09953107,4.55056071]},"properties":{"GmlID":"Puntos_Criticos_Arrojo_Clandestino_Residuos.12","OBJECTID":12,"Nombre_Localidad":"4","Frecuencia":"Lunes - Jueves","Dirección":"Calle 41b sur con carrera 1a","Observación":"ACTIVO"}},
{"type":"Feature","geometry":{"type":"Point","coordinates":[-74.08941015,4.52122024]},"properties":{"GmlID":"Puntos_Criticos_Arrojo_Clandestino_Residuos.13","OBJECTID":13,"Nombre_Localidad":"4","Frecuencia":"Lunes - Jueves","Dirección":"Calle 71 Sur con transversal 14 Este","Observación":"ACTIVO"}},
{"type":"Feature","geometry":{"type":"Point","coordinates":[-74.09812456,4.55762854]},"properties":{"GmlID":"Puntos_Criticos_Arrojo_Clandestino_Residuos.14","OBJECTID":14,"Nombre_Localidad":"4","Frecuencia":"Lunes - Jueves","Dirección":"Calle 37 sur con carrera 2d","Observación":"ACTIVO"}},
{"type":"Feature","geometry":{"type":"Point","coordinates":[-74.08837088,4.54390760]},"properties":{"GmlID":"Puntos_Criticos_Arrojo_Clandestino_Residuos.15","OBJECTID":15,"Nombre_Localidad":"4","Frecuencia":"Lunes - Jueves","Dirección":"Calle 44 Sur con Carrera 11","Observación":"ACTIVO"}},
{"type":"Feature","geometry":{"type":"Point","coordinates":[-74.08190349,4.58440152]},"properties":{"GmlID":"Puntos_Criticos_Arrojo_Clandestino_Residuos.16","OBJECTID":16,"Nombre_Localidad":"4","Frecuencia":"Lunes - Jueves","Dirección":"Calle 1 a sur Carrera 6","Observación":"ACTIVO"}},
{"type":"Feature","geometry":{"type":"Point","coordinates":[-74.09698351,4.55502270]},"properties":{"GmlID":"Puntos_Criticos_Arrojo_Clandestino_Residuos.17","OBJECTID":17,"Nombre_Localidad":"4","Frecuencia":"Lunes - Jueves","Dirección":"Calle 37 A Sur # 2N - 09","Observación":"ACTIVO"}},
{"type":"Feature","geometry":{"type":"Point","coordinates":[-74.11603419,4.49254969]},"properties":{"GmlID":"Puntos_Criticos_Arrojo_Clandestino_Residuos.18","OBJECTID":18,"Nombre_Localidad":"5","Frecuencia":"Martes - Viernes","Dirección":"Carrera 7 con calle 108 sur","Observación":"ACTIVO"}},
{"type":"Feature","geometry":{"type":"Point","coordinates":[-74.11697510,4.51316238]},"properties":{"GmlID":"Puntos_Criticos_Arrojo_Clandestino_Residuos.19","OBJECTID":19,"Nombre_Localidad":"5","Frecuencia":"Martes - Viernes","Dirección":"Calle 76 sur con carrera 14A","Observación":"ACTIVO"}},
{"type":"Feature","geometry":{"type":"Point","coordinates":[-74.11120493,4.50483412]},"properties":{"GmlID":"Puntos_Criticos_Arrojo_Clandestino_Residuos.20","OBJECTID":20,"Nombre_Localidad":"5","Frecuencia":"Martes - Viernes","Dirección":"Calle 90 sur carrera 8","Observación":"ACTIVO"}},
{"type":"Feature","geometry":{"type":"Point","coordinates":[-74.11560558,4.53749594]},"properties":{"GmlID":"Puntos_Criticos_Arrojo_Clandestino_Residuos.21","OBJECTID":21,"Nombre_Localidad":"5","Frecuencia":"Martes - Viernes","Dirección":"Diagonal 57A con transversal 3B","Observación":"ACTIVO"}},
{"type":"Feature","geometry":{"type":"Point","coordinates":[-74.11842499,4.52189508]},"properties":{"GmlID":"Puntos_Criticos_Arrojo_Clandestino_Residuos.22","OBJECTID":22,"Nombre_Localidad":"5","Frecuencia":"Martes - Viernes","Dirección":"Carrera 14A con calle 70 bis Sur- Calle 69 F Sur","Observación":"ACTIVO"}},
{"type":"Feature","geometry":{"type":"Point","coordinates":[-74.10878922,4.50914357]},"properties":{"GmlID":"Puntos_Criticos_Arrojo_Clandestino_Residuos.23","OBJECTID":23,"Nombre_Localidad":"5","Frecuencia":"Martes - Viernes","Dirección":"Cll 81 Sur Kr 6","Observación":"ACTIVO"}},
{"type":"Feature","geometry":{"type":"Point","coordinates":[-74.08721626,4.54628560]},"properties":{"GmlID":"Puntos_Criticos_Arrojo_Clandestino_Residuos.24","OBJECTID":24,"Nombre_Localidad":"4","Frecuencia":"Lunes - Jueves","Dirección":"Carrera 11 Este Calle 42 A Sur","Observación":"ACTIVO"}},
{"type":"Feature","geometry":{"type":"Point","coordinates":[-74.11567714,4.50316308]},"properties":{"GmlID":"Puntos_Criticos_Arrojo_Clandestino_Residuos.25","OBJECTID":25,"Nombre_Localidad":"5","Frecuencia":"Martes - Viernes","Dirección":"Avenida Caracas con calle 93B Sur","Observación":"ACTIVO"}},
{"type":"Feature","geometry":{"type":"Point","coordinates":[-74.11718694,4.51535692]},"properties":{"GmlID":"Puntos_Criticos_Arrojo_Clandestino_Residuos.26","OBJECTID":26,"Nombre_Localidad":"5","Frecuencia":"Martes - Viernes","Dirección":"Cll 74 b Bis Sur Kr 14 u","Observación":"ACTIVO"}},
{"type":"Feature","geometry":{"type":"Point","coordinates":[-74.12047495,4.51919566]},"properties":{"GmlID":"Puntos_Criticos_Arrojo_Clandestino_Residuos.27","OBJECTID":27,"Nombre_Localidad":"5","Frecuencia":"Martes - Viernes","Dirección":"Cll 72 Sur  Kr 14 L","Observación":"ACTIVO"}},
{"type":"Feature","geometry":{"type":"Point","coordinates":[-74.12398015,4.47594361]},"properties":{"GmlID":"Puntos_Criticos_Arrojo_Clandestino_Residuos.28","OBJECTID":28,"Nombre_Localidad":"5","Frecuencia":"Martes - Viernes","Dirección":"Kr  14 f Cll 136 sur","Observación":"ACTIVO"}},
{"type":"Feature","geometry":{"type":"Point","coordinates":[-74.09396080,4.53668897]},"properties":{"GmlID":"Puntos_Criticos_Arrojo_Clandestino_Residuos.29","OBJECTID":29,"Nombre_Localidad":"4","Frecuencia":"Lunes - Jueves","Dirección":"Calle 54A Bis sur con carrera 5 Este","Observación":"ACTIVO"}},
{"type":"Feature","geometry":{"type":"Point","coordinates":[-74.08345146,4.54657864]},"properties":{"GmlID":"Puntos_Criticos_Arrojo_Clandestino_Residuos.30","OBJECTID":30,"Nombre_Localidad":"4","Frecuencia":"Lunes - Jueves","Dirección":"Calle 41 Sur Carrera 13B Este","Observación":"ACTIVO"}},
{"type":"Feature","geometry":{"type":"Point","coordinates":[-74.08101251,4.54662623]},"properties":{"GmlID":"Puntos_Criticos_Arrojo_Clandestino_Residuos.31","OBJECTID":31,"Nombre_Localidad":"4","Frecuencia":"Lunes - Jueves","Dirección":"Calle 41 Sur Carrera 16 Este","Observación":"ACTIVO"}},
{"type":"Feature","geometry":{"type":"Point","coordinates":[-74.08620492,4.58715910]},"properties":{"GmlID":"Puntos_Criticos_Arrojo_Clandestino_Residuos.32","OBJECTID":32,"Nombre_Localidad":"4","Frecuencia":"Lunes - Jueves","Dirección":"Carrera 10 Calle 1C Sur","Observación":"ACTIVO"}},
{"type":"Feature","geometry":{"type":"Point","coordinates":[-74.08546339,4.57151014]},"properties":{"GmlID":"Puntos_Criticos_Arrojo_Clandestino_Residuos.33","OBJECTID":33,"Nombre_Localidad":"4","Frecuencia":"Lunes - Jueves","Dirección":"Transversal 2  B Este Calle 19 Sur","Observación":"ACTIVO"}},
{"type":"Feature","geometry":{"type":"Point","coordinates":[-74.08362212,4.55015923]},"properties":{"GmlID":"Puntos_Criticos_Arrojo_Clandestino_Residuos.34","OBJECTID":34,"Nombre_Localidad":"4","Frecuencia":"Lunes - Jueves","Dirección":"Avenida Los Cerros Calle 37 Sur","Observación":"ACTIVO"}},
{"type":"Feature","geometry":{"type":"Point","coordinates":[-74.08617267,4.55164354]},"properties":{"GmlID":"Puntos_Criticos_Arrojo_Clandestino_Residuos.35","OBJECTID":35,"Nombre_Localidad":"4","Frecuencia":"Lunes - Jueves","Dirección":"Diagonal 36 K Bis Sur Carrera 9a Este","Observación":"ACTIVO"}},
{"type":"Feature","geometry":{"type":"Point","coordinates":[-74.08708519,4.55190290]},"properties":{"GmlID":"Puntos_Criticos_Arrojo_Clandestino_Residuos.36","OBJECTID":36,"Nombre_Localidad":"4","Frecuencia":"Lunes - Jueves","Dirección":"Carrera 8 C este con calle 36 L sur","Observación":"ACTIVO"}},
{"type":"Feature","geometry":{"type":"Point","coordinates":[-74.06947391,4.59126807]},"properties":{"GmlID":"Puntos_Criticos_Arrojo_Clandestino_Residuos.37","OBJECTID":37,"Nombre_Localidad":"17","Frecuencia":"Miercoles - Sabado","Dirección":"calle 9 carrera 4 este","Observación":"ACTIVO"}},
{"type":"Feature","geometry":{"type":"Point","coordinates":[-74.02738580,4.73700070]},"properties":{"GmlID":"Puntos_Criticos_Arrojo_Clandestino_Residuos.38","OBJECTID":38,"Nombre_Localidad":"1","Frecuencia":"Martes - Viernes","Dirección":"Calle 161 con carrera 8","Observación":"ACTIVO"}},
{"type":"Feature","geometry":{"type":"Point","coordinates":[-74.03692213,4.74505514]},"properties":{"GmlID":"Puntos_Criticos_Arrojo_Clandestino_Residuos.39","OBJECTID":39,"Nombre_Localidad":"1","Frecuencia":"Martes - Viernes","Dirección":"Kr 15  Cll 163","Observación":"ACTIVO"}},
{"type":"Feature","geometry":{"type":"Point","coordinates":[-74.03146752,4.75646593]},"properties":{"GmlID":"Puntos_Criticos_Arrojo_Clandestino_Residuos.40","OBJECTID":40,"Nombre_Localidad":"1","Frecuencia":"Martes - Viernes","Dirección":"Carrera 9 con calle 180 a 183","Observación":"ACTIVO"}},
{"type":"Feature","geometry":{"type":"Point","coordinates":[-74.02413220,4.76623454]},"properties":{"GmlID":"Puntos_Criticos_Arrojo_Clandestino_Residuos.41","OBJECTID":41,"Nombre_Localidad":"1","Frecuencia":"Martes - Viernes","Dirección":"Carrera 4 (Ambos costados) con Calle 189 B","Observación":"ACTIVO"}},
{"type":"Feature","geometry":{"type":"Point","coordinates":[-74.06485567,4.64776595]},"properties":{"GmlID":"Puntos_Criticos_Arrojo_Clandestino_Residuos.42","OBJECTID":42,"Nombre_Localidad":"2","Frecuencia":"Lunes - Jueves","Dirección":"Av caracas Cll 60 a bis","Observación":"ACTIVO"}},
{"type":"Feature","geometry":{"type":"Point","coordinates":[-74.05375253,4.64699862]},"properties":{"GmlID":"Puntos_Criticos_Arrojo_Clandestino_Residuos.43","OBJECTID":43,"Nombre_Localidad":"2","Frecuencia":"Lunes - Jueves","Dirección":"Calle 65 b con carrera 1","Observación":"ACTIVO"}},
{"type":"Feature","geometry":{"type":"Point","coordinates":[-74.06814838,4.62893816]},"properties":{"GmlID":"Puntos_Criticos_Arrojo_Clandestino_Residuos.44","OBJECTID":44,"Nombre_Localidad":"2","Frecuencia":"Lunes - Jueves","Dirección":"Avenida Caracas con calle 40 c","Observación":"ACTIVO"}},
{"type":"Feature","geometry":{"type":"Point","coordinates":[-74.06059541,4.66476412]},"properties":{"GmlID":"Puntos_Criticos_Arrojo_Clandestino_Residuos.45","OBJECTID":45,"Nombre_Localidad":"2","Frecuencia":"Lunes - Jueves","Dirección":"Calle 77 con Autopista Norte","Observación":"ACTIVO"}},
{"type":"Feature","geometry":{"type":"Point","coordinates":[-74.04774336,4.68164117]},"properties":{"GmlID":"Puntos_Criticos_Arrojo_Clandestino_Residuos.46","OBJECTID":46,"Nombre_Localidad":"2","Frecuencia":"Lunes - Jueves","Dirección":"Carrera 13A con Calle 97","Observación":"ACTIVO"}},
{"type":"Feature","geometry":{"type":"Point","coordinates":[-74.08150336,4.59409504]},"properties":{"GmlID":"Puntos_Criticos_Arrojo_Clandestino_Residuos.47","OBJECTID":47,"Nombre_Localidad":"3","Frecuencia":"Miercoles - Sabado","Dirección":"Carrera 10 entre las calles 4 y 5","Observación":"ACTIVO"}},
{"type":"Feature","geometry":{"type":"Point","coordinates":[-74.08109750,4.59295816]},"properties":{"GmlID":"Puntos_Criticos_Arrojo_Clandestino_Residuos.48","OBJECTID":48,"Nombre_Localidad":"3","Frecuencia":"Miercoles - Sabado","Dirección":"Carrera 9 con Avenida Comuneros","Observación":"ACTIVO"}},
{"type":"Feature","geometry":{"type":"Point","coordinates":[-74.07991778,4.58809970]},"properties":{"GmlID":"Puntos_Criticos_Arrojo_Clandestino_Residuos.49","OBJECTID":49,"Nombre_Localidad":"3","Frecuencia":"Miercoles - Sabado","Dirección":"Carrera 6 con calle 1d","Observación":"ACTIVO"}},
{"type":"Feature","geometry":{"type":"Point","coordinates":[-74.07710612,4.58893721]},"properties":{"GmlID":"Puntos_Criticos_Arrojo_Clandestino_Residuos.50","OBJECTID":50,"Nombre_Localidad":"3","Frecuencia":"Miercoles - Sabado","Dirección":"Carrera 4 # 2B - 27","Observación":"ACTIVO"}},
{"type":"Feature","geometry":{"type":"Point","coordinates":[-74.07766076,4.58831036]},"properties":{"GmlID":"Puntos_Criticos_Arrojo_Clandestino_Residuos.51","OBJECTID":51,"Nombre_Localidad":"3","Frecuencia":"Miercoles - Sabado","Dirección":"Calle 2A # 4 - 31","Observación":"ACTIVO"}},
{"type":"Feature","geometry":{"type":"Point","coordinates":[-74.07549664,4.58707115]},"properties":{"GmlID":"Puntos_Criticos_Arrojo_Clandestino_Residuos.52","OBJECTID":52,"Nombre_Localidad":"3","Frecuencia":"Miercoles - Sabado","Dirección":"Calle 2A con carrera 2","Observación":"ACTIVO"}},
{"type":"Feature","geometry":{"type":"Point","coordinates":[-74.07116173,4.58794486]},"properties":{"GmlID":"Puntos_Criticos_Arrojo_Clandestino_Residuos.53","OBJECTID":53,"Nombre_Localidad":"3","Frecuencia":"Miercoles - Sabado","Dirección":"Carrera 3 Este # 2D - 94","Observación":"ACTIVO"}},
{"type":"Feature","geometry":{"type":"Point","coordinates":[-74.07790196,4.60223796]},"properties":{"GmlID":"Puntos_Criticos_Arrojo_Clandestino_Residuos.54","OBJECTID":54,"Nombre_Localidad":"3","Frecuencia":"Miercoles - Sabado","Dirección":"Jimenez con Carrera 11 La Capuchina","Observación":"ACTIVO"}},
{"type":"Feature","geometry":{"type":"Point","coordinates":[-74.07891486,4.58981670]},"properties":{"GmlID":"Puntos_Criticos_Arrojo_Clandestino_Residuos.55","OBJECTID":55,"Nombre_Localidad":"3","Frecuencia":"Miercoles - Sabado","Dirección":"Calle 2 B con carrera 6","Observación":"ACTIVO"}},
{"type":"Feature","geometry":{"type":"Point","coordinates":[-74.07243832,4.61012124]},"properties":{"GmlID":"Puntos_Criticos_Arrojo_Clandestino_Residuos.56","OBJECTID":56,"Nombre_Localidad":"3","Frecuencia":"Miercoles - Sabado","Dirección":"Carrera 12 con calle 23","Observación":"ACTIVO"}},
{"type":"Feature","geometry":{"type":"Point","coordinates":[-74.09384120,4.54804226]},"properties":{"GmlID":"Puntos_Criticos_Arrojo_Clandestino_Residuos.57","OBJECTID":57,"Nombre_Localidad":"4","Frecuencia":"Lunes - Jueves","Dirección":"Calle 43 sur con carrera 3C Este","Observación":"ACTIVO"}},
{"type":"Feature","geometry":{"type":"Point","coordinates":[-74.08805835,4.54641222]},"properties":{"GmlID":"Puntos_Criticos_Arrojo_Clandestino_Residuos.58","OBJECTID":58,"Nombre_Localidad":"4","Frecuencia":"Lunes - Jueves","Dirección":"Calle 42A sur con carrera 10 bis Este","Observación":"ACTIVO"}},
{"type":"Feature","geometry":{"type":"Point","coordinates":[-74.09680752,4.55977898]},"properties":{"GmlID":"Puntos_Criticos_Arrojo_Clandestino_Residuos.59","OBJECTID":59,"Nombre_Localidad":"4","Frecuencia":"Lunes - Jueves","Dirección":"Diagonal 36 G Sur  con carrera 2b","Observación":"ACTIVO"}},
{"type":"Feature","geometry":{"type":"Point","coordinates":[-74.09650188,4.55380337]},"properties":{"GmlID":"Puntos_Criticos_Arrojo_Clandestino_Residuos.60","OBJECTID":60,"Nombre_Localidad":"4","Frecuencia":"Lunes - Jueves","Dirección":"Calle 37 B Sur  Carrera 1a","Observación":"ACTIVO"}},
{"type":"Feature","geometry":{"type":"Point","coordinates":[-74.09974420,4.55506980]},"properties":{"GmlID":"Puntos_Criticos_Arrojo_Clandestino_Residuos.61","OBJECTID":61,"Nombre_Localidad":"4","Frecuencia":"Lunes - Jueves","Dirección":"Calle 39c sur con carrera 2 d bis","Observación":"ACTIVO"}},
{"type":"Feature","geometry":{"type":"Point","coordinates":[-74.09819353,4.55259427]},"properties":{"GmlID":"Puntos_Criticos_Arrojo_Clandestino_Residuos.62","OBJECTID":62,"Nombre_Localidad":"4","Frecuencia":"Lunes - Jueves","Dirección":"Calle 40a sur con carrera 1b","Observación":"ACTIVO"}},
{"type":"Feature","geometry":{"type":"Point","coordinates":[-74.09790308,4.55472555]},"properties":{"GmlID":"Puntos_Criticos_Arrojo_Clandestino_Residuos.63","OBJECTID":63,"Nombre_Localidad":"4","Frecuencia":"Lunes - Jueves","Dirección":"Calle 38 sur con carrera 2","Observación":"ACTIVO"}},
{"type":"Feature","geometry":{"type":"Point","coordinates":[-74.09725517,4.55497731]},"properties":{"GmlID":"Puntos_Criticos_Arrojo_Clandestino_Residuos.64","OBJECTID":64,"Nombre_Localidad":"4","Frecuencia":"Lunes - Jueves","Dirección":"Calle 37b sur Transversal 1 F Este","Observación":"ACTIVO"}},
{"type":"Feature","geometry":{"type":"Point","coordinates":[-74.08675127,4.53256699]},"properties":{"GmlID":"Puntos_Criticos_Arrojo_Clandestino_Residuos.65","OBJECTID":65,"Nombre_Localidad":"4","Frecuencia":"Lunes - Jueves","Dirección":"Calle 57 sur con transversal 14B Este","Observación":"ACTIVO"}},
{"type":"Feature","geometry":{"type":"Point","coordinates":[-74.03203368,4.74062400]},"properties":{"GmlID":"Puntos_Criticos_Arrojo_Clandestino_Residuos.66","OBJECTID":66,"Nombre_Localidad":"1","Frecuencia":"Lunes - Jueves","Dirección":"Carrera 9 con calle 163a","Observación":"ACTIVO"}},
{"type":"Feature","geometry":{"type":"Point","coordinates":[-74.06625701,4.63321133]},"properties":{"GmlID":"Puntos_Criticos_Arrojo_Clandestino_Residuos.67","OBJECTID":67,"Nombre_Localidad":"2","Frecuencia":"Lunes - Jueves","Dirección":"Carrera 13 con calle 46","Observación":"ACTIVO"}},
{"type":"Feature","geometry":{"type":"Point","coordinates":[-74.08252262,4.59477994]},"properties":{"GmlID":"Puntos_Criticos_Arrojo_Clandestino_Residuos.68","OBJECTID":68,"Nombre_Localidad":"3","Frecuencia":"Miercoles - Sabado","Dirección":"Carrera 11 con calle 5","Observación":"ACTIVO"}},
{"type":"Feature","geometry":{"type":"Point","coordinates":[-74.07138374,4.61300835]},"properties":{"GmlID":"Puntos_Criticos_Arrojo_Clandestino_Residuos.69","OBJECTID":69,"Nombre_Localidad":"3","Frecuencia":"Miercoles - Sabado","Dirección":"Kr 13 Cll 26","Observación":"ACTIVO"}},
{"type":"Feature","geometry":{"type":"Point","coordinates":[-74.02747750,4.76383103]},"properties":{"GmlID":"Puntos_Criticos_Arrojo_Clandestino_Residuos.70","OBJECTID":70,"Nombre_Localidad":"1","Frecuencia":"Lunes - Jueves","Dirección":"Carrera 7 con Calle 187 B - costado oriental","Observación":"ACTIVO"}},
{"type":"Feature","geometry":{"type":"Point","coordinates":[-74.04639695,4.75158084]},"properties":{"GmlID":"Puntos_Criticos_Arrojo_Clandestino_Residuos.71","OBJECTID":71,"Nombre_Localidad":"1","Frecuencia":"Lunes - Jueves","Dirección":"Autopista norte con calle 170","Observación":"ACTIVO"}},
{"type":"Feature","geometry":{"type":"Point","coordinates":[-74.07794156,4.58076040]},"properties":{"GmlID":"Puntos_Criticos_Arrojo_Clandestino_Residuos.72","OBJECTID":72,"Nombre_Localidad":"3","Frecuencia":"Miercoles - Sabado","Dirección":"Calle 1A Este con carrera 1C","Observación":"ACTIVO"}},
{"type":"Feature","geometry":{"type":"Point","coordinates":[-74.20355743,4.63670688]},"properties":{"GmlID":"Puntos_Criticos_Arrojo_Clandestino_Residuos.73","OBJECTID":73,"Nombre_Localidad":"7","Frecuencia":"Lunes","Dirección":"CL 70A SUR  102","Observación":"ACTIVO"}},
{"type":"Feature","geometry":{"type":"Point","coordinates":[-74.18669958,4.64412612]},"properties":{"GmlID":"Puntos_Criticos_Arrojo_Clandestino_Residuos.74","OBJECTID":74,"Nombre_Localidad":"7","Frecuencia":"Lunes - Viernes","Dirección":"CL 50 SUR  100","Observación":"ACTIVO"}},
{"type":"Feature","geometry":{"type":"Point","coordinates":[-74.20842121,4.63413034]},"properties":{"GmlID":"Puntos_Criticos_Arrojo_Clandestino_Residuos.75","OBJECTID":75,"Nombre_Localidad":"7","Frecuencia":"Lunes - Viernes","Dirección":"CL 75A SUR  100A","Observación":"ACTIVO"}},
{"type":"Feature","geometry":{"type":"Point","coordinates":[-74.20446958,4.63487572]},"properties":{"GmlID":"Puntos_Criticos_Arrojo_Clandestino_Residuos.76","OBJECTID":76,"Nombre_Localidad":"7","Frecuencia":"Lunes - Viernes","Dirección":"CL 72 SUR  100A","Observación":"ACTIVO"}},
{"type":"Feature","geometry":{"type":"Point","coordinates":[-74.20071495,4.62631553]},"properties":{"GmlID":"Puntos_Criticos_Arrojo_Clandestino_Residuos.77","OBJECTID":77,"Nombre_Localidad":"7","Frecuencia":"3 Veces por Semana","Dirección":"CL 72 SUR  90","Observación":"ACTIVO"}},
{"type":"Feature","geometry":{"type":"Point","coordinates":[-74.18979826,4.63278872]},"properties":{"GmlID":"Puntos_Criticos_Arrojo_Clandestino_Residuos.78","OBJECTID":78,"Nombre_Localidad":"7","Frecuencia":"Miercoles - Sabado","Dirección":"CL 56F SUR  91D","Observación":"ACTIVO"}},
{"type":"Feature","geometry":{"type":"Point","coordinates":[-74.19172923,4.63646669]},"properties":{"GmlID":"Puntos_Criticos_Arrojo_Clandestino_Residuos.79","OBJECTID":79,"Nombre_Localidad":"7","Frecuencia":"Miercoles","Dirección":"CL 56F SUR  95A","Observación":"ACTIVO"}},
{"type":"Feature","geometry":{"type":"Point","coordinates":[-74.19267826,4.63799797]},"properties":{"GmlID":"Puntos_Criticos_Arrojo_Clandestino_Residuos.80","OBJECTID":80,"Nombre_Localidad":"7","Frecuencia":"Miercoles - Sabado","Dirección":"CL 56F SUR  98","Observación":"ACTIVO"}},
{"type":"Feature","geometry":{"type":"Point","coordinates":[-74.19621604,4.64395335]},"properties":{"GmlID":"Puntos_Criticos_Arrojo_Clandestino_Residuos.81","OBJECTID":81,"Nombre_Localidad":"7","Frecuencia":"Miercoles - Sabado","Dirección":"CL 56F SUR  107","Observación":"ACTIVO"}},
{"type":"Feature","geometry":{"type":"Point","coordinates":[-74.19490882,4.63491550]},"properties":{"GmlID":"Puntos_Criticos_Arrojo_Clandestino_Residuos.82","OBJECTID":82,"Nombre_Localidad":"7","Frecuencia":"Miercoles","Dirección":"CL 59 SUR  96A","Observación":"ACTIVO"}},
{"type":"Feature","geometry":{"type":"Point","coordinates":[-74.19531809,4.63567607]},"properties":{"GmlID":"Puntos_Criticos_Arrojo_Clandestino_Residuos.83","OBJECTID":83,"Nombre_Localidad":"7","Frecuencia":"Miercoles","Dirección":"CL 59 SUR  97B","Observación":"ACTIVO"}},
{"type":"Feature","geometry":{"type":"Point","coordinates":[-74.20408728,4.63873207]},"properties":{"GmlID":"Puntos_Criticos_Arrojo_Clandestino_Residuos.84","OBJECTID":84,"Nombre_Localidad":"7","Frecuencia":"Martes - Jueves","Dirección":"CL 70A SUR  105B","Observación":"ACTIVO"}},
{"type":"Feature","geometry":{"type":"Point","coordinates":[-74.20581161,4.63792729]},"properties":{"GmlID":"Puntos_Criticos_Arrojo_Clandestino_Residuos.85","OBJECTID":85,"Nombre_Localidad":"7","Frecuencia":"Martes - Jueves","Dirección":"CL 72 SUR  105B","Observación":"ACTIVO"}},
{"type":"Feature","geometry":{"type":"Point","coordinates":[-74.16681557,4.60371943]},"properties":{"GmlID":"Puntos_Criticos_Arrojo_Clandestino_Residuos.86","OBJECTID":86,"Nombre_Localidad":"7","Frecuencia":"Miercoles","Dirección":"CL 56 SUR  73","Observación":"ACTIVO"}},
{"type":"Feature","geometry":{"type":"Point","coordinates":[-74.16581876,4.60459361]},"properties":{"GmlID":"Puntos_Criticos_Arrojo_Clandestino_Residuos.87","OBJECTID":87,"Nombre_Localidad":"7","Frecuencia":"Miercoles","Dirección":"CL 53C SUR  72H","Observación":"ACTIVO"}},
{"type":"Feature","geometry":{"type":"Point","coordinates":[-74.17774561,4.59905191]},"properties":{"GmlID":"Puntos_Criticos_Arrojo_Clandestino_Residuos.88","OBJECTID":88,"Nombre_Localidad":"7","Frecuencia":"Miercoles","Dirección":"CL 59A SUR  72A","Observación":"ACTIVO"}},
{"type":"Feature","geometry":{"type":"Point","coordinates":[-74.19037339,4.62924959]},"properties":{"GmlID":"Puntos_Criticos_Arrojo_Clandestino_Residuos.89","OBJECTID":89,"Nombre_Localidad":"7","Frecuencia":"Martes - Viernes","Dirección":"CL 57C SUR  89B","Observación":"ACTIVO"}},
{"type":"Feature","geometry":{"type":"Point","coordinates":[-74.18288527,4.63349763]},"properties":{"GmlID":"Puntos_Criticos_Arrojo_Clandestino_Residuos.90","OBJECTID":90,"Nombre_Localidad":"7","Frecuencia":"Martes - Viernes","Dirección":"CL 51A SUR  89B","Observación":"ACTIVO"}},
{"type":"Feature","geometry":{"type":"Point","coordinates":[-74.18131985,4.63412082]},"properties":{"GmlID":"Puntos_Criticos_Arrojo_Clandestino_Residuos.91","OBJECTID":91,"Nombre_Localidad":"7","Frecuencia":"Martes - Viernes","Dirección":"CL 49D SUR  89B","Observación":"ACTIVO"}},
{"type":"Feature","geometry":{"type":"Point","coordinates":[-74.20674456,4.63021181]},"properties":{"GmlID":"Puntos_Criticos_Arrojo_Clandestino_Residuos.92","OBJECTID":92,"Nombre_Localidad":"7","Frecuencia":"Martes","Dirección":"CL 75A SUR  95A","Observación":"ACTIVO"}},
{"type":"Feature","geometry":{"type":"Point","coordinates":[-74.19185429,4.63329981]},"properties":{"GmlID":"Puntos_Criticos_Arrojo_Clandestino_Residuos.93","OBJECTID":93,"Nombre_Localidad":"7","Frecuencia":"Martes - Sábado","Dirección":"CL 57 SUR  93C","Observación":"ACTIVO"}},
{"type":"Feature","geometry":{"type":"Point","coordinates":[-74.19796341,4.63325374]},"properties":{"GmlID":"Puntos_Criticos_Arrojo_Clandestino_Residuos.94","OBJECTID":94,"Nombre_Localidad":"7","Frecuencia":"Martes - Jueves - Sabado","Dirección":"CL 63 SUR  95A","Observación":"ACTIVO"}},
{"type":"Feature","geometry":{"type":"Point","coordinates":[-74.19883522,4.63487161]},"properties":{"GmlID":"Puntos_Criticos_Arrojo_Clandestino_Residuos.95","OBJECTID":95,"Nombre_Localidad":"7","Frecuencia":"Martes - Jueves - Sabado","Dirección":"CL 63 SUR  98","Observación":"ACTIVO"}},
{"type":"Feature","geometry":{"type":"Point","coordinates":[-74.20133581,4.63957105]},"properties":{"GmlID":"Puntos_Criticos_Arrojo_Clandestino_Residuos.96","OBJECTID":96,"Nombre_Localidad":"7","Frecuencia":"Martes - Jueves - Sabado","Dirección":"CL 63 SUR  104A BIS","Observación":"ACTIVO"}},
{"type":"Feature","geometry":{"type":"Point","coordinates":[-74.21312300,4.61469262]},"properties":{"GmlID":"Puntos_Criticos_Arrojo_Clandestino_Residuos.97","OBJECTID":97,"Nombre_Localidad":"7","Frecuencia":"Lunes - Miercoles - Viernes","Dirección":"DG 89B SUR TV 80I","Observación":"ACTIVO"}},
{"type":"Feature","geometry":{"type":"Point","coordinates":[-74.21181249,4.61291088]},"properties":{"GmlID":"Puntos_Criticos_Arrojo_Clandestino_Residuos.98","OBJECTID":98,"Nombre_Localidad":"7","Frecuencia":"Lunes - Viernes","Dirección":"CL 86 SUR  78A","Observación":"ACTIVO"}},
{"type":"Feature","geometry":{"type":"Point","coordinates":[-74.20332826,4.60917740]},"properties":{"GmlID":"Puntos_Criticos_Arrojo_Clandestino_Residuos.99","OBJECTID":99,"Nombre_Localidad":"7","Frecuencia":"Lunes - Miercoles","Dirección":"CL 75 SUR  79C","Observación":"ACTIVO"}},
{"type":"Feature","geometry":{"type":"Point","coordinates":[-74.19143469,4.60507123]},"properties":{"GmlID":"Puntos_Criticos_Arrojo_Clandestino_Residuos.100","OBJECTID":100,"Nombre_Localidad":"7","Frecuencia":"Viernes","Dirección":"DG 69B SUR  80","Observación":"ACTIVO"}},
{"type":"Feature","geometry":{"type":"Point","coordinates":[-74.19973513,4.60051228]},"properties":{"GmlID":"Puntos_Criticos_Arrojo_Clandestino_Residuos.101","OBJECTID":101,"Nombre_Localidad":"7","Frecuencia":"Viernes","Dirección":"CL 73C SUR  77I","Observación":"ACTIVO"}},
{"type":"Feature","geometry":{"type":"Point","coordinates":[-74.20915687,4.60617276]},"properties":{"GmlID":"Puntos_Criticos_Arrojo_Clandestino_Residuos.102","OBJECTID":102,"Nombre_Localidad":"7","Frecuencia":"Martes - Jueves - Sabado","Dirección":"CL 78 SUR  77G","Observación":"ACTIVO"}},
{"type":"Feature","geometry":{"type":"Point","coordinates":[-74.21168780,4.60965221]},"properties":{"GmlID":"Puntos_Criticos_Arrojo_Clandestino_Residuos.103","OBJECTID":103,"Nombre_Localidad":"7","Frecuencia":"Martes - Jueves - Sabado","Dirección":"CL 82 SUR  77G","Observación":"ACTIVO"}},
{"type":"Feature","geometry":{"type":"Point","coordinates":[-74.21225272,4.61380814]},"properties":{"GmlID":"Puntos_Criticos_Arrojo_Clandestino_Residuos.104","OBJECTID":104,"Nombre_Localidad":"7","Frecuencia":"Martes - Jueves - Sabado","Dirección":"CL 88 SUR  77G","Observación":"ACTIVO"}},
{"type":"Feature","geometry":{"type":"Point","coordinates":[-74.21598027,4.61432599]},"properties":{"GmlID":"Puntos_Criticos_Arrojo_Clandestino_Residuos.105","OBJECTID":105,"Nombre_Localidad":"7","Frecuencia":"Martes - Jueves - Sabado","Dirección":"CL 94 SUR  77G","Observación":"ACTIVO"}},
{"type":"Feature","geometry":{"type":"Point","coordinates":[-74.19654855,4.61697572]},"properties":{"GmlID":"Puntos_Criticos_Arrojo_Clandestino_Residuos.106","OBJECTID":106,"Nombre_Localidad":"7","Frecuencia":"Miercoles","Dirección":"CL 73 SUR  86","Observación":"ACTIVO"}},
{"type":"Feature","geometry":{"type":"Point","coordinates":[-74.19962330,4.60598705]},"properties":{"GmlID":"Puntos_Criticos_Arrojo_Clandestino_Residuos.107","OBJECTID":107,"Nombre_Localidad":"7","Frecuencia":"Martes - Viernes","Dirección":"DG 73B SUR  79BISA","Observación":"ACTIVO"}},
{"type":"Feature","geometry":{"type":"Point","coordinates":[-74.17984327,4.62007285]},"properties":{"GmlID":"Puntos_Criticos_Arrojo_Clandestino_Residuos.108","OBJECTID":108,"Nombre_Localidad":"7","Frecuencia":"Lunes - Miercoles - Viernes","Dirección":"CL 55 SUR  82B","Observación":"ACTIVO"}},
{"type":"Feature","geometry":{"type":"Point","coordinates":[-74.18271622,4.62133798]},"properties":{"GmlID":"Puntos_Criticos_Arrojo_Clandestino_Residuos.109","OBJECTID":109,"Nombre_Localidad":"7","Frecuencia":"Lunes","Dirección":"CL 55 SUR AK 86","Observación":"ACTIVO"}},
{"type":"Feature","geometry":{"type":"Point","coordinates":[-74.18224972,4.62287358]},"properties":{"GmlID":"Puntos_Criticos_Arrojo_Clandestino_Residuos.110","OBJECTID":110,"Nombre_Localidad":"7","Frecuencia":"Lunes - Miercoles - Viernes","Dirección":"CL 55 SUR  86B","Observación":"ACTIVO"}},
{"type":"Feature","geometry":{"type":"Point","coordinates":[-74.18415186,4.62512838]},"properties":{"GmlID":"Puntos_Criticos_Arrojo_Clandestino_Residuos.111","OBJECTID":111,"Nombre_Localidad":"7","Frecuencia":"Lunes - Miercoles - Viernes","Dirección":"CL 55 SUR  87C","Observación":"ACTIVO"}},
{"type":"Feature","geometry":{"type":"Point","coordinates":[-74.17876368,4.61099086]},"properties":{"GmlID":"Puntos_Criticos_Arrojo_Clandestino_Residuos.112","OBJECTID":112,"Nombre_Localidad":"7","Frecuencia":"Martes","Dirección":"CL 58C SUR  80","Observación":"ACTIVO"}},
{"type":"Feature","geometry":{"type":"Point","coordinates":[-74.17931848,4.61011244]},"properties":{"GmlID":"Puntos_Criticos_Arrojo_Clandestino_Residuos.113","OBJECTID":113,"Nombre_Localidad":"7","Frecuencia":"Martes","Dirección":"CL 58I SUR  80","Observación":"ACTIVO"}},
{"type":"Feature","geometry":{"type":"Point","coordinates":[-74.17758456,4.62911812]},"properties":{"GmlID":"Puntos_Criticos_Arrojo_Clandestino_Residuos.114","OBJECTID":114,"Nombre_Localidad":"7","Frecuencia":"Miercoles - Sabado","Dirección":"CL 49 SUR  87A","Observación":"ACTIVO"}},
{"type":"Feature","geometry":{"type":"Point","coordinates":[-74.15601901,4.59806646]},"properties":{"GmlID":"Puntos_Criticos_Arrojo_Clandestino_Residuos.115","OBJECTID":115,"Nombre_Localidad":"19","Frecuencia":"Jueves","Dirección":"DG 57C SUR  64","Observación":"ACTIVO"}},
{"type":"Feature","geometry":{"type":"Point","coordinates":[-74.19868139,4.62032470]},"properties":{"GmlID":"Puntos_Criticos_Arrojo_Clandestino_Residuos.116","OBJECTID":116,"Nombre_Localidad":"7","Frecuencia":"Viernes","Dirección":"CL 72B SUR  87C","Observación":"ACTIVO"}},
{"type":"Feature","geometry":{"type":"Point","coordinates":[-74.18758374,4.61001901]},"properties":{"GmlID":"Puntos_Criticos_Arrojo_Clandestino_Residuos.117","OBJECTID":117,"Nombre_Localidad":"7","Frecuencia":"Jueves","Dirección":"CL 65A SUR  81","Observación":"ACTIVO"}},
{"type":"Feature","geometry":{"type":"Point","coordinates":[-74.19410628,4.61045120]},"properties":{"GmlID":"Puntos_Criticos_Arrojo_Clandestino_Residuos.118","OBJECTID":118,"Nombre_Localidad":"7","Frecuencia":"Jueves","Dirección":"DG 71 SUR  81","Observación":"ACTIVO"}},
{"type":"Feature","geometry":{"type":"Point","coordinates":[-74.19004194,4.62222186]},"properties":{"GmlID":"Puntos_Criticos_Arrojo_Clandestino_Residuos.119","OBJECTID":119,"Nombre_Localidad":"7","Frecuencia":"Lunes - Jueves","Dirección":"CL 62 SUR  87BIS","Observación":"ACTIVO"}},
{"type":"Feature","geometry":{"type":"Point","coordinates":[-74.18163853,4.62218960]},"properties":{"GmlID":"Puntos_Criticos_Arrojo_Clandestino_Residuos.120","OBJECTID":120,"Nombre_Localidad":"7","Frecuencia":"Lunes","Dirección":"CL 55 SUR AK 86","Observación":"ACTIVO"}},
{"type":"Feature","geometry":{"type":"Point","coordinates":[-74.18633669,4.61998793]},"properties":{"GmlID":"Puntos_Criticos_Arrojo_Clandestino_Residuos.121","OBJECTID":121,"Nombre_Localidad":"7","Frecuencia":"Martes - Jueves - Sabado","Dirección":"CL 59 SUR AK 86","Observación":"ACTIVO"}},
{"type":"Feature","geometry":{"type":"Point","coordinates":[-74.19587229,4.61766597]},"properties":{"GmlID":"Puntos_Criticos_Arrojo_Clandestino_Residuos.122","OBJECTID":122,"Nombre_Localidad":"7","Frecuencia":"Martes - Jueves - Sabado","Dirección":"CL 71A SUR AK 86","Observación":"ACTIVO"}},
{"type":"Feature","geometry":{"type":"Point","coordinates":[-74.19963361,4.61658475]},"properties":{"GmlID":"Puntos_Criticos_Arrojo_Clandestino_Residuos.123","OBJECTID":123,"Nombre_Localidad":"7","Frecuencia":"Martes - Jueves - Sabado","Dirección":"CL 74 SUR AK 86","Observación":"ACTIVO"}},
{"type":"Feature","geometry":{"type":"Point","coordinates":[-74.19994203,4.61650990]},"properties":{"GmlID":"Puntos_Criticos_Arrojo_Clandestino_Residuos.124","OBJECTID":124,"Nombre_Localidad":"7","Frecuencia":"Martes","Dirección":"CL 75 SUR AK 86","Observación":"ACTIVO"}},
{"type":"Feature","geometry":{"type":"Point","coordinates":[-74.18860599,4.59864246]},"properties":{"GmlID":"Puntos_Criticos_Arrojo_Clandestino_Residuos.125","OBJECTID":125,"Nombre_Localidad":"7","Frecuencia":"Miercoles","Dirección":"CL 68 SUR TV 77J","Observación":"ACTIVO"}},
{"type":"Feature","geometry":{"type":"Point","coordinates":[-74.18216800,4.59860596]},"properties":{"GmlID":"Puntos_Criticos_Arrojo_Clandestino_Residuos.126","OBJECTID":126,"Nombre_Localidad":"7","Frecuencia":"Miercoles","Dirección":"CL 65A SUR  77J","Observación":"ACTIVO"}},
{"type":"Feature","geometry":{"type":"Point","coordinates":[-74.18467931,4.59839510]},"properties":{"GmlID":"Puntos_Criticos_Arrojo_Clandestino_Residuos.127","OBJECTID":127,"Nombre_Localidad":"7","Frecuencia":"Miercoles","Dirección":"CL 65G SUR  77J","Observación":"ACTIVO"}},
{"type":"Feature","geometry":{"type":"Point","coordinates":[-74.18601746,4.59835677]},"properties":{"GmlID":"Puntos_Criticos_Arrojo_Clandestino_Residuos.128","OBJECTID":128,"Nombre_Localidad":"7","Frecuencia":"Miercoles","Dirección":"CL 65I SUR  77J","Observación":"ACTIVO"}},
{"type":"Feature","geometry":{"type":"Point","coordinates":[-74.19109014,4.62102224]},"properties":{"GmlID":"Puntos_Criticos_Arrojo_Clandestino_Residuos.129","OBJECTID":129,"Nombre_Localidad":"7","Frecuencia":"Lunes - Jueves","Dirección":"DG 63 SUR  87","Observación":"ACTIVO"}},
{"type":"Feature","geometry":{"type":"Point","coordinates":[-74.16498953,4.56803996]},"properties":{"GmlID":"Puntos_Criticos_Arrojo_Clandestino_Residuos.130","OBJECTID":130,"Nombre_Localidad":"19","Frecuencia":"Martes - Sábado","Dirección":"CL 74A SUR  42","Observación":"ACTIVO"}},
{"type":"Feature","geometry":{"type":"Point","coordinates":[-74.16671246,4.56740287]},"properties":{"GmlID":"Puntos_Criticos_Arrojo_Clandestino_Residuos.131","OBJECTID":131,"Nombre_Localidad":"19","Frecuencia":"Martes - Sábado","Dirección":"CL 76S SUR  40","Observación":"ACTIVO"}},
{"type":"Feature","geometry":{"type":"Point","coordinates":[-74.16908627,4.56611411]},"properties":{"GmlID":"Puntos_Criticos_Arrojo_Clandestino_Residuos.132","OBJECTID":132,"Nombre_Localidad":"19","Frecuencia":"Martes - Sábado","Dirección":"CL 79 SUR TV 36B","Observación":"ACTIVO"}},
{"type":"Feature","geometry":{"type":"Point","coordinates":[-74.16828556,4.56628437]},"properties":{"GmlID":"Puntos_Criticos_Arrojo_Clandestino_Residuos.133","OBJECTID":133,"Nombre_Localidad":"19","Frecuencia":"Martes - Sábado","Dirección":"CL 78 SUR  36","Observación":"ACTIVO"}},
{"type":"Feature","geometry":{"type":"Point","coordinates":[-74.16737793,4.56469794]},"properties":{"GmlID":"Puntos_Criticos_Arrojo_Clandestino_Residuos.134","OBJECTID":134,"Nombre_Localidad":"19","Frecuencia":"Martes - Sábado","Dirección":"CL 75B SUR TV 34","Observación":"ACTIVO"}},
{"type":"Feature","geometry":{"type":"Point","coordinates":[-74.15393707,4.55287055]},"properties":{"GmlID":"Puntos_Criticos_Arrojo_Clandestino_Residuos.135","OBJECTID":135,"Nombre_Localidad":"19","Frecuencia":"Martes - Sábado","Dirección":"CL 69K SUR TV 22","Observación":"ACTIVO"}},
{"type":"Feature","geometry":{"type":"Point","coordinates":[-74.13858863,4.56370330]},"properties":{"GmlID":"Puntos_Criticos_Arrojo_Clandestino_Residuos.136","OBJECTID":136,"Nombre_Localidad":"6","Frecuencia":"Jueves","Dirección":"CL 59A SUR AK 19","Observación":"ACTIVO"}},
{"type":"Feature","geometry":{"type":"Point","coordinates":[-74.13988003,4.56002304]},"properties":{"GmlID":"Puntos_Criticos_Arrojo_Clandestino_Residuos.137","OBJECTID":137,"Nombre_Localidad":"19","Frecuencia":"Jueves","Dirección":"TV 18Q  DG 61A SUR","Observación":"ACTIVO"}},
{"type":"Feature","geometry":{"type":"Point","coordinates":[-74.13414522,4.54122619]},"properties":{"GmlID":"Puntos_Criticos_Arrojo_Clandestino_Residuos.138","OBJECTID":138,"Nombre_Localidad":"19","Frecuencia":"Jueves","Dirección":"CL 71B SUR  15D","Observación":"ACTIVO"}},
{"type":"Feature","geometry":{"type":"Point","coordinates":[-74.14951011,4.56140253]},"properties":{"GmlID":"Puntos_Criticos_Arrojo_Clandestino_Residuos.139","OBJECTID":139,"Nombre_Localidad":"19","Frecuencia":"Jueves","Dirección":"CL 68 SUR  20","Observación":"ACTIVO"}},
{"type":"Feature","geometry":{"type":"Point","coordinates":[-74.14729659,4.56960433]},"properties":{"GmlID":"Puntos_Criticos_Arrojo_Clandestino_Residuos.140","OBJECTID":140,"Nombre_Localidad":"19","Frecuencia":"Martes - Sábado","Dirección":"CL 61 SUR  23C","Observación":"ACTIVO"}},
{"type":"Feature","geometry":{"type":"Point","coordinates":[-74.14824528,4.56963461]},"properties":{"GmlID":"Puntos_Criticos_Arrojo_Clandestino_Residuos.141","OBJECTID":141,"Nombre_Localidad":"19","Frecuencia":"Martes - Sábado","Dirección":"CL 62 SUR  24","Observación":"ACTIVO"}},
{"type":"Feature","geometry":{"type":"Point","coordinates":[-74.14752258,4.56578706]},"properties":{"GmlID":"Puntos_Criticos_Arrojo_Clandestino_Residuos.142","OBJECTID":142,"Nombre_Localidad":"19","Frecuencia":"Sabado","Dirección":"CL 65 SUR  22","Observación":"ACTIVO"}},
{"type":"Feature","geometry":{"type":"Point","coordinates":[-74.14319968,4.56518501]},"properties":{"GmlID":"Puntos_Criticos_Arrojo_Clandestino_Residuos.143","OBJECTID":143,"Nombre_Localidad":"19","Frecuencia":"Jueves","Dirección":"DG 62 SUR  20D","Observación":"ACTIVO"}},
{"type":"Feature","geometry":{"type":"Point","coordinates":[-74.13830592,4.54845476]},"properties":{"GmlID":"Puntos_Criticos_Arrojo_Clandestino_Residuos.144","OBJECTID":144,"Nombre_Localidad":"19","Frecuencia":"Martes","Dirección":"CL 70 BIS SUR  17C","Observación":"ACTIVO"}},
{"type":"Feature","geometry":{"type":"Point","coordinates":[-74.13602277,4.53978911]},"properties":{"GmlID":"Puntos_Criticos_Arrojo_Clandestino_Residuos.145","OBJECTID":145,"Nombre_Localidad":"19","Frecuencia":"Jueves","Dirección":"CL 76 SUR  15D","Observación":"ACTIVO"}},
{"type":"Feature","geometry":{"type":"Point","coordinates":[-74.13971903,4.54797784]},"properties":{"GmlID":"Puntos_Criticos_Arrojo_Clandestino_Residuos.146","OBJECTID":146,"Nombre_Localidad":"19","Frecuencia":"Martes","Dirección":"CL 70 SUR  17 F","Observación":"ACTIVO"}},
{"type":"Feature","geometry":{"type":"Point","coordinates":[-74.14972942,4.55728749]},"properties":{"GmlID":"Puntos_Criticos_Arrojo_Clandestino_Residuos.147","OBJECTID":147,"Nombre_Localidad":"19","Frecuencia":"Martes - Jueves","Dirección":"DG 68C SUR  18X","Observación":"ACTIVO"}},
{"type":"Feature","geometry":{"type":"Point","coordinates":[-74.14365698,4.55312776]},"properties":{"GmlID":"Puntos_Criticos_Arrojo_Clandestino_Residuos.148","OBJECTID":148,"Nombre_Localidad":"19","Frecuencia":"Sabado","Dirección":"DG 65D SUR  18A","Observación":"ACTIVO"}},
{"type":"Feature","geometry":{"type":"Point","coordinates":[-74.14786472,4.57021186]},"properties":{"GmlID":"Puntos_Criticos_Arrojo_Clandestino_Residuos.149","OBJECTID":149,"Nombre_Localidad":"19","Frecuencia":"Lunes - Viernes","Dirección":"CL 61 SUR TV 28","Observación":"ACTIVO"}},
{"type":"Feature","geometry":{"type":"Point","coordinates":[-74.14995932,4.57424948]},"properties":{"GmlID":"Puntos_Criticos_Arrojo_Clandestino_Residuos.150","OBJECTID":150,"Nombre_Localidad":"19","Frecuencia":"Lunes - Viernes","Dirección":"CL 58C SUR  41","Observación":"ACTIVO"}},
{"type":"Feature","geometry":{"type":"Point","coordinates":[-74.15068547,4.57632010]},"properties":{"GmlID":"Puntos_Criticos_Arrojo_Clandestino_Residuos.151","OBJECTID":151,"Nombre_Localidad":"19","Frecuencia":"Lunes - Viernes","Dirección":"CL 58C SUR  45A","Observación":"ACTIVO"}},
{"type":"Feature","geometry":{"type":"Point","coordinates":[-74.14349007,4.56964817]},"properties":{"GmlID":"Puntos_Criticos_Arrojo_Clandestino_Residuos.152","OBJECTID":152,"Nombre_Localidad":"19","Frecuencia":"Lunes - Viernes","Dirección":"CL 59 SUR  22B","Observación":"ACTIVO"}},
{"type":"Feature","geometry":{"type":"Point","coordinates":[-74.16302012,4.59050483]},"properties":{"GmlID":"Puntos_Criticos_Arrojo_Clandestino_Residuos.153","OBJECTID":153,"Nombre_Localidad":"19","Frecuencia":"Miercoles - Sabado","Dirección":"CL 62B SUR  70C","Observación":"ACTIVO"}},
{"type":"Feature","geometry":{"type":"Point","coordinates":[-74.15536762,4.57626804]},"properties":{"GmlID":"Puntos_Criticos_Arrojo_Clandestino_Residuos.154","OBJECTID":154,"Nombre_Localidad":"19","Frecuencia":"Miercoles - Sabado","Dirección":"CL 68 SUR  48","Observación":"ACTIVO"}},
{"type":"Feature","geometry":{"type":"Point","coordinates":[-74.14728588,4.56960433]},"properties":{"GmlID":"Puntos_Criticos_Arrojo_Clandestino_Residuos.155","OBJECTID":155,"Nombre_Localidad":"19","Frecuencia":"Lunes - Miercoles","Dirección":"CL 61 SUR  23C","Observación":"ACTIVO"}},
{"type":"Feature","geometry":{"type":"Point","coordinates":[-74.14660825,4.56908620]},"properties":{"GmlID":"Puntos_Criticos_Arrojo_Clandestino_Residuos.156","OBJECTID":156,"Nombre_Localidad":"19","Frecuencia":"Miercoles - Sabado","Dirección":"CL 61 SUR  22G","Observación":"ACTIVO"}},
{"type":"Feature","geometry":{"type":"Point","coordinates":[-74.14416309,4.56736956]},"properties":{"GmlID":"Puntos_Criticos_Arrojo_Clandestino_Residuos.157","OBJECTID":157,"Nombre_Localidad":"19","Frecuencia":"Miercoles - Sabado","Dirección":"CL 61 SUR  22","Observación":"ACTIVO"}},
{"type":"Feature","geometry":{"type":"Point","coordinates":[-74.15468109,4.59069813]},"properties":{"GmlID":"Puntos_Criticos_Arrojo_Clandestino_Residuos.158","OBJECTID":158,"Nombre_Localidad":"19","Frecuencia":"Miercoles","Dirección":"CL 60A SUR  63A","Observación":"ACTIVO"}},
{"type":"Feature","geometry":{"type":"Point","coordinates":[-74.14192491,4.55533365]},"properties":{"GmlID":"Puntos_Criticos_Arrojo_Clandestino_Residuos.159","OBJECTID":159,"Nombre_Localidad":"19","Frecuencia":"Miercoles","Dirección":"CL 64 SUR  18M","Observación":"ACTIVO"}},
{"type":"Feature","geometry":{"type":"Point","coordinates":[-74.17913237,4.59284909]},"properties":{"GmlID":"Puntos_Criticos_Arrojo_Clandestino_Residuos.160","OBJECTID":160,"Nombre_Localidad":"19","Frecuencia":"Lunes - Viernes","Dirección":"CL 59A SUR  76","Observación":"ACTIVO"}},
{"type":"Feature","geometry":{"type":"Point","coordinates":[-74.11317338,4.54606480]},"properties":{"GmlID":"Puntos_Criticos_Arrojo_Clandestino_Residuos.161","OBJECTID":161,"Nombre_Localidad":"18","Frecuencia":"Lunes - Miercoles - Viernes","Dirección":"CL 50A   5D","Observación":"ACTIVO"}},
{"type":"Feature","geometry":{"type":"Point","coordinates":[-74.11349601,4.57242432]},"properties":{"GmlID":"Puntos_Criticos_Arrojo_Clandestino_Residuos.162","OBJECTID":162,"Nombre_Localidad":"18","Frecuencia":"Martes - Jueves - Sabado","Dirección":"DG 32H SUR  13A","Observación":"ACTIVO"}},
{"type":"Feature","geometry":{"type":"Point","coordinates":[-74.10938373,4.56675493]},"properties":{"GmlID":"Puntos_Criticos_Arrojo_Clandestino_Residuos.163","OBJECTID":163,"Nombre_Localidad":"18","Frecuencia":"Martes - Jueves - Sabado","Dirección":"CL 36H SUR  11C","Observación":"ACTIVO"}},
{"type":"Feature","geometry":{"type":"Point","coordinates":[-74.10006031,4.57383241]},"properties":{"GmlID":"Puntos_Criticos_Arrojo_Clandestino_Residuos.164","OBJECTID":164,"Nombre_Localidad":"18","Frecuencia":"Martes - Jueves - Sabado","Dirección":"CL 27 SUR  11","Observación":"ACTIVO"}},
{"type":"Feature","geometry":{"type":"Point","coordinates":[-74.10102888,4.57458074]},"properties":{"GmlID":"Puntos_Criticos_Arrojo_Clandestino_Residuos.165","OBJECTID":165,"Nombre_Localidad":"18","Frecuencia":"Martes - Jueves - Sabado","Dirección":"CL 27 SUR  12","Observación":"ACTIVO"}},
{"type":"Feature","geometry":{"type":"Point","coordinates":[-74.10639130,4.57883027]},"properties":{"GmlID":"Puntos_Criticos_Arrojo_Clandestino_Residuos.166","OBJECTID":166,"Nombre_Localidad":"18","Frecuencia":"Martes - Jueves - Sabado","Dirección":"CL 27 SUR  13","Observación":"ACTIVO"}},
{"type":"Feature","geometry":{"type":"Point","coordinates":[-74.11354529,4.54652746]},"properties":{"GmlID":"Puntos_Criticos_Arrojo_Clandestino_Residuos.167","OBJECTID":167,"Nombre_Localidad":"18","Frecuencia":"Lunes - Miercoles - Viernes","Dirección":"CL 49D SUR TV 5B BIS","Observación":"ACTIVO"}},
{"type":"Feature","geometry":{"type":"Point","coordinates":[-74.11750203,4.54290135]},"properties":{"GmlID":"Puntos_Criticos_Arrojo_Clandestino_Residuos.168","OBJECTID":168,"Nombre_Localidad":"18","Frecuencia":"Lunes - Miercoles - Viernes","Dirección":"CL 53 SUR   4M","Observación":"ACTIVO"}},
{"type":"Feature","geometry":{"type":"Point","coordinates":[-74.10893086,4.55100915]},"properties":{"GmlID":"Puntos_Criticos_Arrojo_Clandestino_Residuos.169","OBJECTID":169,"Nombre_Localidad":"18","Frecuencia":"Lunes - Miercoles - Viernes","Dirección":"CL 48Q SUR  5A","Observación":"ACTIVO"}},
{"type":"Feature","geometry":{"type":"Point","coordinates":[-74.11081558,4.54951214]},"properties":{"GmlID":"Puntos_Criticos_Arrojo_Clandestino_Residuos.170","OBJECTID":170,"Nombre_Localidad":"18","Frecuencia":"Lunes - Miercoles - Viernes","Dirección":"CL 48U BIS SUR  5B BIS","Observación":"ACTIVO"}},
{"type":"Feature","geometry":{"type":"Point","coordinates":[-74.10836663,4.55456340]},"properties":{"GmlID":"Puntos_Criticos_Arrojo_Clandestino_Residuos.171","OBJECTID":171,"Nombre_Localidad":"18","Frecuencia":"Lunes - Miercoles - Viernes","Dirección":"CL 48L SUR TV 5A","Observación":"ACTIVO"}},
{"type":"Feature","geometry":{"type":"Point","coordinates":[-74.10500524,4.54855278]},"properties":{"GmlID":"Puntos_Criticos_Arrojo_Clandestino_Residuos.172","OBJECTID":172,"Nombre_Localidad":"18","Frecuencia":"Lunes - Miercoles - Viernes","Dirección":"CL 48Q SUR  2","Observación":"ACTIVO"}},
{"type":"Feature","geometry":{"type":"Point","coordinates":[-74.11200326,4.55492390]},"properties":{"GmlID":"Puntos_Criticos_Arrojo_Clandestino_Residuos.173","OBJECTID":173,"Nombre_Localidad":"18","Frecuencia":"Lunes - Miercoles - Viernes","Dirección":"CL 48P SUR  5H","Observación":"ACTIVO"}},
{"type":"Feature","geometry":{"type":"Point","coordinates":[-74.11496915,4.57734994]},"properties":{"GmlID":"Puntos_Criticos_Arrojo_Clandestino_Residuos.174","OBJECTID":174,"Nombre_Localidad":"18","Frecuencia":"Martes - Jueves - Sabado","Dirección":"DG 32B SUR  17","Observación":"ACTIVO"}},
{"type":"Feature","geometry":{"type":"Point","coordinates":[-74.11003582,4.57845706]},"properties":{"GmlID":"Puntos_Criticos_Arrojo_Clandestino_Residuos.175","OBJECTID":175,"Nombre_Localidad":"18","Frecuencia":"Martes - Jueves - Sabado","Dirección":"CL 30 SUR  15","Observación":"ACTIVO"}},
{"type":"Feature","geometry":{"type":"Point","coordinates":[-74.10222227,4.57541283]},"properties":{"GmlID":"Puntos_Criticos_Arrojo_Clandestino_Residuos.176","OBJECTID":176,"Nombre_Localidad":"18","Frecuencia":"Martes - Jueves - Sabado","Dirección":"CL 27A SUR  12B","Observación":"ACTIVO"}},
{"type":"Feature","geometry":{"type":"Point","coordinates":[-74.11432809,4.57711787]},"properties":{"GmlID":"Puntos_Criticos_Arrojo_Clandestino_Residuos.177","OBJECTID":177,"Nombre_Localidad":"18","Frecuencia":"Martes - Jueves - Sabado","Dirección":"CL 32A SUR  14D","Observación":"ACTIVO"}},
{"type":"Feature","geometry":{"type":"Point","coordinates":[-74.11015121,4.57879576]},"properties":{"GmlID":"Puntos_Criticos_Arrojo_Clandestino_Residuos.178","OBJECTID":178,"Nombre_Localidad":"18","Frecuencia":"Martes - Jueves - Sabado","Dirección":"CL 32 SUR  15C","Observación":"ACTIVO"}},
{"type":"Feature","geometry":{"type":"Point","coordinates":[-74.11796501,4.55186596]},"properties":{"GmlID":"Puntos_Criticos_Arrojo_Clandestino_Residuos.179","OBJECTID":179,"Nombre_Localidad":"18","Frecuencia":"Lunes - Viernes","Dirección":"DG 50 SUR  5L","Observación":"ACTIVO"}},
{"type":"Feature","geometry":{"type":"Point","coordinates":[-74.10790838,4.55692458]},"properties":{"GmlID":"Puntos_Criticos_Arrojo_Clandestino_Residuos.180","OBJECTID":180,"Nombre_Localidad":"18","Frecuencia":"Lunes - Viernes","Dirección":"DG 48J SUR  5A","Observación":"ACTIVO"}},
{"type":"Feature","geometry":{"type":"Point","coordinates":[-74.11486568,4.57712228]},"properties":{"GmlID":"Puntos_Criticos_Arrojo_Clandestino_Residuos.181","OBJECTID":181,"Nombre_Localidad":"18","Frecuencia":"Martes - Jueves - Sabado","Dirección":"DG 32B SUR  16A","Observación":"ACTIVO"}},
{"type":"Feature","geometry":{"type":"Point","coordinates":[-74.08788929,4.59106052]},"properties":{"GmlID":"Puntos_Criticos_Arrojo_Clandestino_Residuos.182","OBJECTID":182,"Nombre_Localidad":"15","Frecuencia":"Lunes a Sabado","Dirección":"CL 1   13","Observación":"ACTIVO"}},
{"type":"Feature","geometry":{"type":"Point","coordinates":[-74.09137667,4.59259157]},"properties":{"GmlID":"Puntos_Criticos_Arrojo_Clandestino_Residuos.183","OBJECTID":183,"Nombre_Localidad":"15","Frecuencia":"Lunes a Sabado","Dirección":"CL 1   15","Observación":"ACTIVO"}},
{"type":"Feature","geometry":{"type":"Point","coordinates":[-74.10252404,4.59555040]},"properties":{"GmlID":"Puntos_Criticos_Arrojo_Clandestino_Residuos.184","OBJECTID":184,"Nombre_Localidad":"14","Frecuencia":"Lunes a Sabado","Dirección":"CL 1   27","Observación":"ACTIVO"}},
{"type":"Feature","geometry":{"type":"Point","coordinates":[-74.10965322,4.58901876]},"properties":{"GmlID":"Puntos_Criticos_Arrojo_Clandestino_Residuos.185","OBJECTID":185,"Nombre_Localidad":"15","Frecuencia":"Lunes a Sabado","Dirección":"KR 27   23 SUR","Observación":"ACTIVO"}},
{"type":"Feature","geometry":{"type":"Point","coordinates":[-74.12171369,4.58477449]},"properties":{"GmlID":"Puntos_Criticos_Arrojo_Clandestino_Residuos.186","OBJECTID":186,"Nombre_Localidad":"18","Frecuencia":"Lunes","Dirección":"CL 36 SUR  27","Observación":"ACTIVO"}},
{"type":"Feature","geometry":{"type":"Point","coordinates":[-74.11962809,4.58284540]},"properties":{"GmlID":"Puntos_Criticos_Arrojo_Clandestino_Residuos.187","OBJECTID":187,"Nombre_Localidad":"18","Frecuencia":"Lunes","Dirección":"CL 36 SUR  25","Observación":"ACTIVO"}},
{"type":"Feature","geometry":{"type":"Point","coordinates":[-74.12550637,4.57947029]},"properties":{"GmlID":"Puntos_Criticos_Arrojo_Clandestino_Residuos.188","OBJECTID":188,"Nombre_Localidad":"18","Frecuencia":"Lunes","Dirección":"KR 24   44 SUR","Observación":"ACTIVO"}},
{"type":"Feature","geometry":{"type":"Point","coordinates":[-74.11539425,4.58874465]},"properties":{"GmlID":"Puntos_Criticos_Arrojo_Clandestino_Residuos.189","OBJECTID":189,"Nombre_Localidad":"15","Frecuencia":"Sabado","Dirección":"CL 31 SUR  27","Observación":"ACTIVO"}},
{"type":"Feature","geometry":{"type":"Point","coordinates":[-74.09985384,4.59073224]},"properties":{"GmlID":"Puntos_Criticos_Arrojo_Clandestino_Residuos.190","OBJECTID":190,"Nombre_Localidad":"15","Frecuencia":"Sabado","Dirección":"CL 11 SUR  24A","Observación":"ACTIVO"}},
{"type":"Feature","geometry":{"type":"Point","coordinates":[-74.09965650,4.59047646]},"properties":{"GmlID":"Puntos_Criticos_Arrojo_Clandestino_Residuos.191","OBJECTID":191,"Nombre_Localidad":"15","Frecuencia":"Sabado","Dirección":"CL 11 SUR  24","Observación":"ACTIVO"}},
{"type":"Feature","geometry":{"type":"Point","coordinates":[-74.11440550,4.58838934]},"properties":{"GmlID":"Puntos_Criticos_Arrojo_Clandestino_Residuos.192","OBJECTID":192,"Nombre_Localidad":"18","Frecuencia":"Sabado","Dirección":"CL 30 SUR  27","Observación":"ACTIVO"}},
{"type":"Feature","geometry":{"type":"Point","coordinates":[-74.09687169,4.59348234]},"properties":{"GmlID":"Puntos_Criticos_Arrojo_Clandestino_Residuos.193","OBJECTID":193,"Nombre_Localidad":"15","Frecuencia":"Sabado","Dirección":"KR 24   3 SUR","Observación":"ACTIVO"}},
{"type":"Feature","geometry":{"type":"Point","coordinates":[-74.09691369,4.59325543]},"properties":{"GmlID":"Puntos_Criticos_Arrojo_Clandestino_Residuos.194","OBJECTID":194,"Nombre_Localidad":"15","Frecuencia":"Sabado","Dirección":"KR 24   3A SUR","Observación":"ACTIVO"}},
{"type":"Feature","geometry":{"type":"Point","coordinates":[-74.09715149,4.59288665]},"properties":{"GmlID":"Puntos_Criticos_Arrojo_Clandestino_Residuos.195","OBJECTID":195,"Nombre_Localidad":"15","Frecuencia":"Sabado","Dirección":"KR 24   4 SUR","Observación":"ACTIVO"}},
{"type":"Feature","geometry":{"type":"Point","coordinates":[-74.11310426,4.59386061]},"properties":{"GmlID":"Puntos_Criticos_Arrojo_Clandestino_Residuos.196","OBJECTID":196,"Nombre_Localidad":"15","Frecuencia":"Sabado","Dirección":"KR 30   27 SUR","Observación":"ACTIVO"}},
{"type":"Feature","geometry":{"type":"Point","coordinates":[-74.11374464,4.59330798]},"properties":{"GmlID":"Puntos_Criticos_Arrojo_Clandestino_Residuos.197","OBJECTID":197,"Nombre_Localidad":"15","Frecuencia":"Sabado","Dirección":"KR 30   28 SUR","Observación":"ACTIVO"}},
{"type":"Feature","geometry":{"type":"Point","coordinates":[-74.11445097,4.59287890]},"properties":{"GmlID":"Puntos_Criticos_Arrojo_Clandestino_Residuos.198","OBJECTID":198,"Nombre_Localidad":"15","Frecuencia":"Sabado","Dirección":"KR 30   29 SUR","Observación":"ACTIVO"}},
{"type":"Feature","geometry":{"type":"Point","coordinates":[-74.12192667,4.58463261]},"properties":{"GmlID":"Puntos_Criticos_Arrojo_Clandestino_Residuos.199","OBJECTID":199,"Nombre_Localidad":"18","Frecuencia":"Martes - Sábado","Dirección":"KR 27   38 SUR","Observación":"ACTIVO"}},
{"type":"Feature","geometry":{"type":"Point","coordinates":[-74.09676685,4.57761846]},"properties":{"GmlID":"Puntos_Criticos_Arrojo_Clandestino_Residuos.200","OBJECTID":200,"Nombre_Localidad":"15","Frecuencia":"Jueves","Dirección":"AC 22 SUR   11","Observación":"ACTIVO"}},
{"type":"Feature","geometry":{"type":"Point","coordinates":[-74.10289074,4.58165688]},"properties":{"GmlID":"Puntos_Criticos_Arrojo_Clandestino_Residuos.201","OBJECTID":201,"Nombre_Localidad":"18","Frecuencia":"Jueves","Dirección":"AC 23 SUR   15","Observación":"ACTIVO"}},
{"type":"Feature","geometry":{"type":"Point","coordinates":[-74.10303955,4.58192575]},"properties":{"GmlID":"Puntos_Criticos_Arrojo_Clandestino_Residuos.202","OBJECTID":202,"Nombre_Localidad":"15","Frecuencia":"Jueves","Dirección":"AC 24 SUR   16","Observación":"ACTIVO"}},
{"type":"Feature","geometry":{"type":"Point","coordinates":[-74.10353230,4.58261727]},"properties":{"GmlID":"Puntos_Criticos_Arrojo_Clandestino_Residuos.203","OBJECTID":203,"Nombre_Localidad":"15","Frecuencia":"Jueves","Dirección":"AC 25 SUR   17","Observación":"ACTIVO"}},
{"type":"Feature","geometry":{"type":"Point","coordinates":[-74.09801368,4.57825969]},"properties":{"GmlID":"Puntos_Criticos_Arrojo_Clandestino_Residuos.204","OBJECTID":204,"Nombre_Localidad":"15","Frecuencia":"Jueves","Dirección":"AC 26 SUR   12","Observación":"ACTIVO"}},
{"type":"Feature","geometry":{"type":"Point","coordinates":[-74.13540020,4.55840203]},"properties":{"GmlID":"Puntos_Criticos_Arrojo_Clandestino_Residuos.205","OBJECTID":205,"Nombre_Localidad":"19","Frecuencia":"Viernes","Dirección":"CL 60G SUR  16C","Observación":"ACTIVO"}},
{"type":"Feature","geometry":{"type":"Point","coordinates":[-74.13217423,4.56669461]},"properties":{"GmlID":"Puntos_Criticos_Arrojo_Clandestino_Residuos.206","OBJECTID":206,"Nombre_Localidad":"6","Frecuencia":"Viernes","Dirección":"KR 18C   55 SUR","Observación":"ACTIVO"}},
{"type":"Feature","geometry":{"type":"Point","coordinates":[-74.13297333,4.56128018]},"properties":{"GmlID":"Puntos_Criticos_Arrojo_Clandestino_Residuos.207","OBJECTID":207,"Nombre_Localidad":"6","Frecuencia":"Lunes a Sabado","Dirección":"KR 16B   59A SUR","Observación":"ACTIVO"}},
{"type":"Feature","geometry":{"type":"Point","coordinates":[-74.11026398,4.64485020]},"properties":{"GmlID":"Puntos_Criticos_Arrojo_Clandestino_Residuos.208","OBJECTID":208,"Nombre_Localidad":"16","Frecuencia":"Lunes","Dirección":"CL 22  AK 68","Observación":"ACTIVO"}},
{"type":"Feature","geometry":{"type":"Point","coordinates":[-74.06766487,4.64991512]},"properties":{"GmlID":"Puntos_Criticos_Arrojo_Clandestino_Residuos.209","OBJECTID":209,"Nombre_Localidad":"13","Frecuencia":"Lunes","Dirección":"AC 63   17","Observación":"ACTIVO"}},
{"type":"Feature","geometry":{"type":"Point","coordinates":[-74.07473676,4.63780386]},"properties":{"GmlID":"Puntos_Criticos_Arrojo_Clandestino_Residuos.210","OBJECTID":210,"Nombre_Localidad":"13","Frecuencia":"Martes","Dirección":"KR 24   49","Observación":"ACTIVO"}},
{"type":"Feature","geometry":{"type":"Point","coordinates":[-74.06542384,4.64625086]},"properties":{"GmlID":"Puntos_Criticos_Arrojo_Clandestino_Residuos.211","OBJECTID":211,"Nombre_Localidad":"13","Frecuencia":"Jueves","Dirección":"AK 14   59","Observación":"ACTIVO"}},
{"type":"Feature","geometry":{"type":"Point","coordinates":[-74.07137907,4.61850005]},"properties":{"GmlID":"Puntos_Criticos_Arrojo_Clandestino_Residuos.212","OBJECTID":212,"Nombre_Localidad":"13","Frecuencia":"Jueves","Dirección":"AK 14   31","Observación":"ACTIVO"}},
{"type":"Feature","geometry":{"type":"Point","coordinates":[-74.07515783,4.61822299]},"properties":{"GmlID":"Puntos_Criticos_Arrojo_Clandestino_Residuos.213","OBJECTID":213,"Nombre_Localidad":"14","Frecuencia":"Martes - Sábado","Dirección":"CL 26   19","Observación":"ACTIVO"}},
{"type":"Feature","geometry":{"type":"Point","coordinates":[-74.08788742,4.63332228]},"properties":{"GmlID":"Puntos_Criticos_Arrojo_Clandestino_Residuos.214","OBJECTID":214,"Nombre_Localidad":"13","Frecuencia":"Martes - Sábado","Dirección":"CL 26   39","Observación":"ACTIVO"}},
{"type":"Feature","geometry":{"type":"Point","coordinates":[-74.09702466,4.60766766]},"properties":{"GmlID":"Puntos_Criticos_Arrojo_Clandestino_Residuos.215","OBJECTID":215,"Nombre_Localidad":"16","Frecuencia":"Lunes - Miercoles - Viernes","Dirección":"KR 30   7","Observación":"ACTIVO"}},
{"type":"Feature","geometry":{"type":"Point","coordinates":[-74.09235501,4.60828110]},"properties":{"GmlID":"Puntos_Criticos_Arrojo_Clandestino_Residuos.216","OBJECTID":216,"Nombre_Localidad":"14","Frecuencia":"Lunes - Miercoles - Viernes","Dirección":"KR 27   10","Observación":"ACTIVO"}},
{"type":"Feature","geometry":{"type":"Point","coordinates":[-74.09438731,4.60089260]},"properties":{"GmlID":"Puntos_Criticos_Arrojo_Clandestino_Residuos.217","OBJECTID":217,"Nombre_Localidad":"14","Frecuencia":"Lunes - Miercoles - Viernes","Dirección":"CL 5   24","Observación":"ACTIVO"}},
{"type":"Feature","geometry":{"type":"Point","coordinates":[-74.08980734,4.60789721]},"properties":{"GmlID":"Puntos_Criticos_Arrojo_Clandestino_Residuos.218","OBJECTID":218,"Nombre_Localidad":"14","Frecuencia":"Lunes - Miercoles - Viernes","Dirección":"KR 24   11","Observación":"ACTIVO"}},
{"type":"Feature","geometry":{"type":"Point","coordinates":[-74.08729177,4.60624709]},"properties":{"GmlID":"Puntos_Criticos_Arrojo_Clandestino_Residuos.219","OBJECTID":219,"Nombre_Localidad":"14","Frecuencia":"Lunes - Miercoles - Viernes","Dirección":"CL 11   20","Observación":"ACTIVO"}},
{"type":"Feature","geometry":{"type":"Point","coordinates":[-74.08044179,4.60436452]},"properties":{"GmlID":"Puntos_Criticos_Arrojo_Clandestino_Residuos.220","OBJECTID":220,"Nombre_Localidad":"14","Frecuencia":"Lunes - Miercoles - Viernes","Dirección":"CL 13   15","Observación":"ACTIVO"}},
{"type":"Feature","geometry":{"type":"Point","coordinates":[-74.08376907,4.59814496]},"properties":{"GmlID":"Puntos_Criticos_Arrojo_Clandestino_Residuos.221","OBJECTID":221,"Nombre_Localidad":"14","Frecuencia":"Lunes - Miercoles - Viernes","Dirección":"AK 14   7","Observación":"ACTIVO"}},
{"type":"Feature","geometry":{"type":"Point","coordinates":[-74.09138380,4.59259157]},"properties":{"GmlID":"Puntos_Criticos_Arrojo_Clandestino_Residuos.222","OBJECTID":222,"Nombre_Localidad":"15","Frecuencia":"Lunes - Miercoles - Viernes","Dirección":"CL 1   15","Observación":"ACTIVO"}},
{"type":"Feature","geometry":{"type":"Point","coordinates":[-74.09043546,4.59894682]},"properties":{"GmlID":"Puntos_Criticos_Arrojo_Clandestino_Residuos.223","OBJECTID":223,"Nombre_Localidad":"14","Frecuencia":"Lunes - Miercoles - Viernes","Dirección":"KR 19   5","Observación":"ACTIVO"}},
{"type":"Feature","geometry":{"type":"Point","coordinates":[-74.08722914,4.60053479]},"properties":{"GmlID":"Puntos_Criticos_Arrojo_Clandestino_Residuos.224","OBJECTID":224,"Nombre_Localidad":"14","Frecuencia":"Lunes - Miercoles - Viernes","Dirección":"KR 18   7","Observación":"ACTIVO"}},
{"type":"Feature","geometry":{"type":"Point","coordinates":[-74.08144316,4.60726428]},"properties":{"GmlID":"Puntos_Criticos_Arrojo_Clandestino_Residuos.225","OBJECTID":225,"Nombre_Localidad":"14","Frecuencia":"Lunes - Miercoles - Viernes","Dirección":"KR 17   15","Observación":"ACTIVO"}},
{"type":"Feature","geometry":{"type":"Point","coordinates":[-74.07696902,4.60932056]},"properties":{"GmlID":"Puntos_Criticos_Arrojo_Clandestino_Residuos.226","OBJECTID":226,"Nombre_Localidad":"14","Frecuencia":"Lunes - Miercoles - Viernes","Dirección":"CL 19   15","Observación":"ACTIVO"}},
{"type":"Feature","geometry":{"type":"Point","coordinates":[-74.07830133,4.61316943]},"properties":{"GmlID":"Puntos_Criticos_Arrojo_Clandestino_Residuos.227","OBJECTID":227,"Nombre_Localidad":"14","Frecuencia":"Lunes - Miercoles - Viernes","Dirección":"CL 22   18","Observación":"ACTIVO"}},
{"type":"Feature","geometry":{"type":"Point","coordinates":[-74.07764238,4.61261271]},"properties":{"GmlID":"Puntos_Criticos_Arrojo_Clandestino_Residuos.228","OBJECTID":228,"Nombre_Localidad":"14","Frecuencia":"Lunes - Miercoles - Viernes","Dirección":"KR 17   22","Observación":"ACTIVO"}},
{"type":"Feature","geometry":{"type":"Point","coordinates":[-74.08110627,4.62138175]},"properties":{"GmlID":"Puntos_Criticos_Arrojo_Clandestino_Residuos.229","OBJECTID":229,"Nombre_Localidad":"14","Frecuencia":"Lunes - Miercoles - Viernes","Dirección":"KR 27   23A","Observación":"ACTIVO"}},
{"type":"Feature","geometry":{"type":"Point","coordinates":[-74.08075531,4.61217586]},"properties":{"GmlID":"Puntos_Criticos_Arrojo_Clandestino_Residuos.230","OBJECTID":230,"Nombre_Localidad":"14","Frecuencia":"Lunes a Sabado","Dirección":"DG 19A   19","Observación":"ACTIVO"}},
{"type":"Feature","geometry":{"type":"Point","coordinates":[-74.08121241,4.61422557]},"properties":{"GmlID":"Puntos_Criticos_Arrojo_Clandestino_Residuos.231","OBJECTID":231,"Nombre_Localidad":"14","Frecuencia":"Lunes a Sabado","Dirección":"DG 19A   20","Observación":"ACTIVO"}},
{"type":"Feature","geometry":{"type":"Point","coordinates":[-74.08201342,4.61574181]},"properties":{"GmlID":"Puntos_Criticos_Arrojo_Clandestino_Residuos.232","OBJECTID":232,"Nombre_Localidad":"14","Frecuencia":"Lunes a Sabado","Dirección":"DG 19A   21","Observación":"ACTIVO"}},
{"type":"Feature","geometry":{"type":"Point","coordinates":[-74.08353446,4.61451813]},"properties":{"GmlID":"Puntos_Criticos_Arrojo_Clandestino_Residuos.233","OBJECTID":233,"Nombre_Localidad":"14","Frecuencia":"Lunes a Sabado","Dirección":"DG 19A   22","Observación":"ACTIVO"}},
{"type":"Feature","geometry":{"type":"Point","coordinates":[-74.09089904,4.62505975]},"properties":{"GmlID":"Puntos_Criticos_Arrojo_Clandestino_Residuos.234","OBJECTID":234,"Nombre_Localidad":"16","Frecuencia":"Martes","Dirección":"KR 36A   20","Observación":"ACTIVO"}},
{"type":"Feature","geometry":{"type":"Point","coordinates":[-74.08651657,4.62558836]},"properties":{"GmlID":"Puntos_Criticos_Arrojo_Clandestino_Residuos.235","OBJECTID":235,"Nombre_Localidad":"13","Frecuencia":"Martes","Dirección":"KR 32  AC 23","Observación":"ACTIVO"}},
{"type":"Feature","geometry":{"type":"Point","coordinates":[-74.08644456,4.62061570]},"properties":{"GmlID":"Puntos_Criticos_Arrojo_Clandestino_Residuos.236","OBJECTID":236,"Nombre_Localidad":"14","Frecuencia":"Martes","Dirección":"KR 30   22","Observación":"ACTIVO"}},
{"type":"Feature","geometry":{"type":"Point","coordinates":[-74.11775437,4.59605333]},"properties":{"GmlID":"Puntos_Criticos_Arrojo_Clandestino_Residuos.237","OBJECTID":237,"Nombre_Localidad":"16","Frecuencia":"Jueves","Dirección":"CL 29A SUR TV 35A","Observación":"ACTIVO"}},
{"type":"Feature","geometry":{"type":"Point","coordinates":[-74.12448079,4.61836520]},"properties":{"GmlID":"Puntos_Criticos_Arrojo_Clandestino_Residuos.238","OBJECTID":238,"Nombre_Localidad":"16","Frecuencia":"Jueves","Dirección":"CL 8 SUR  67","Observación":"ACTIVO"}},
{"type":"Feature","geometry":{"type":"Point","coordinates":[-74.12669380,4.59362625]},"properties":{"GmlID":"Puntos_Criticos_Arrojo_Clandestino_Residuos.239","OBJECTID":239,"Nombre_Localidad":"16","Frecuencia":"Jueves","Dirección":"KR 50  AC 45 SUR","Observación":"ACTIVO"}},
{"type":"Feature","geometry":{"type":"Point","coordinates":[-74.09876042,4.60727225]},"properties":{"GmlID":"Puntos_Criticos_Arrojo_Clandestino_Residuos.240","OBJECTID":240,"Nombre_Localidad":"16","Frecuencia":"Sabado","Dirección":"CL 6   31","Observación":"ACTIVO"}},
{"type":"Feature","geometry":{"type":"Point","coordinates":[-74.10567049,4.61895238]},"properties":{"GmlID":"Puntos_Criticos_Arrojo_Clandestino_Residuos.241","OBJECTID":241,"Nombre_Localidad":"16","Frecuencia":"Sabado","Dirección":"CL 6   42","Observación":"ACTIVO"}},
{"type":"Feature","geometry":{"type":"Point","coordinates":[-74.10771824,4.60685914]},"properties":{"GmlID":"Puntos_Criticos_Arrojo_Clandestino_Residuos.242","OBJECTID":242,"Nombre_Localidad":"16","Frecuencia":"Sabado","Dirección":"KR 36   2B","Observación":"ACTIVO"}},
{"type":"Feature","geometry":{"type":"Point","coordinates":[-74.14517858,4.58984154]},"properties":{"GmlID":"Puntos_Criticos_Arrojo_Clandestino_Residuos.243","OBJECTID":243,"Nombre_Localidad":"6","Frecuencia":"Viernes","Dirección":"DG 51A SUR  60","Observación":"ACTIVO"}},
{"type":"Feature","geometry":{"type":"Point","coordinates":[-74.13647999,4.58392027]},"properties":{"GmlID":"Puntos_Criticos_Arrojo_Clandestino_Residuos.244","OBJECTID":244,"Nombre_Localidad":"6","Frecuencia":"Viernes","Dirección":"KR 32  DG 51 A SUR","Observación":"ACTIVO"}},
{"type":"Feature","geometry":{"type":"Point","coordinates":[-74.13761601,4.58845980]},"properties":{"GmlID":"Puntos_Criticos_Arrojo_Clandestino_Residuos.245","OBJECTID":245,"Nombre_Localidad":"6","Frecuencia":"Viernes","Dirección":"CL 50B SUR  37","Observación":"ACTIVO"}},
{"type":"Feature","geometry":{"type":"Point","coordinates":[-74.14419606,4.58679886]},"properties":{"GmlID":"Puntos_Criticos_Arrojo_Clandestino_Residuos.246","OBJECTID":246,"Nombre_Localidad":"6","Frecuencia":"Viernes","Dirección":"TV 44  AC 56 SUR","Observación":"ACTIVO"}},
{"type":"Feature","geometry":{"type":"Point","coordinates":[-74.13861562,4.56175112]},"properties":{"GmlID":"Puntos_Criticos_Arrojo_Clandestino_Residuos.247","OBJECTID":247,"Nombre_Localidad":"19","Frecuencia":"Miercoles","Dirección":"KR 19   60B SUR","Observación":"ACTIVO"}},
{"type":"Feature","geometry":{"type":"Point","coordinates":[-74.13904631,4.56361678]},"properties":{"GmlID":"Puntos_Criticos_Arrojo_Clandestino_Residuos.248","OBJECTID":248,"Nombre_Localidad":"19","Frecuencia":"Miercoles","Dirección":"KR 19   59A SUR","Observación":"ACTIVO"}},
{"type":"Feature","geometry":{"type":"Point","coordinates":[-74.13361156,4.54029251]},"properties":{"GmlID":"Puntos_Criticos_Arrojo_Clandestino_Residuos.249","OBJECTID":249,"Nombre_Localidad":"19","Frecuencia":"Miercoles","Dirección":"CL 71B SUR  15","Observación":"ACTIVO"}},
{"type":"Feature","geometry":{"type":"Point","coordinates":[-74.13928881,4.56163284]},"properties":{"GmlID":"Puntos_Criticos_Arrojo_Clandestino_Residuos.250","OBJECTID":250,"Nombre_Localidad":"19","Frecuencia":"Miercoles","Dirección":"CL 61 SUR  18T","Observación":"ACTIVO"}},
{"type":"Feature","geometry":{"type":"Point","coordinates":[-74.13748322,4.56841122]},"properties":{"GmlID":"Puntos_Criticos_Arrojo_Clandestino_Residuos.251","OBJECTID":251,"Nombre_Localidad":"6","Frecuencia":"Miercoles","Dirección":"KR  19  DG 56 BIS SUR","Observación":"ACTIVO"}},
{"type":"Feature","geometry":{"type":"Point","coordinates":[-74.09555220,4.58529765]},"properties":{"GmlID":"Puntos_Criticos_Arrojo_Clandestino_Residuos.252","OBJECTID":252,"Nombre_Localidad":"15","Frecuencia":"Lunes a Sabado","Dirección":"CL 51 SUR   12A SUR","Observación":"ACTIVO"}},
{"type":"Feature","geometry":{"type":"Point","coordinates":[-74.10685860,4.57889684]},"properties":{"GmlID":"Puntos_Criticos_Arrojo_Clandestino_Residuos.253","OBJECTID":253,"Nombre_Localidad":"18","Frecuencia":"Lunes a Sabado","Dirección":"AK 14   27 SUR","Observación":"ACTIVO"}},
{"type":"Feature","geometry":{"type":"Point","coordinates":[-74.11790050,4.57614135]},"properties":{"GmlID":"Puntos_Criticos_Arrojo_Clandestino_Residuos.254","OBJECTID":254,"Nombre_Localidad":"18","Frecuencia":"Lunes a Sabado","Dirección":"AK 14   36 SUR","Observación":"ACTIVO"}},
{"type":"Feature","geometry":{"type":"Point","coordinates":[-74.12324993,4.57453254]},"properties":{"GmlID":"Puntos_Criticos_Arrojo_Clandestino_Residuos.255","OBJECTID":255,"Nombre_Localidad":"18","Frecuencia":"Lunes a Sabado","Dirección":"AK 14   44 SUR","Observación":"ACTIVO"}},
{"type":"Feature","geometry":{"type":"Point","coordinates":[-74.12681754,4.56621242]},"properties":{"GmlID":"Puntos_Criticos_Arrojo_Clandestino_Residuos.256","OBJECTID":256,"Nombre_Localidad":"6","Frecuencia":"Lunes a Sabado","Dirección":"TV 14   51 SUR","Observación":"ACTIVO"}},
{"type":"Feature","geometry":{"type":"Point","coordinates":[-74.12645275,4.56791016]},"properties":{"GmlID":"Puntos_Criticos_Arrojo_Clandestino_Residuos.257","OBJECTID":257,"Nombre_Localidad":"6","Frecuencia":"Lunes a Sabado","Dirección":"TV 14  DG 49A SUR","Observación":"ACTIVO"}},
{"type":"Feature","geometry":{"type":"Point","coordinates":[-74.13925707,4.54916468]},"properties":{"GmlID":"Puntos_Criticos_Arrojo_Clandestino_Residuos.258","OBJECTID":258,"Nombre_Localidad":"19","Frecuencia":"Lunes - Viernes","Dirección":"CL 69C SUR KR 17D","Observación":"ACTIVO"}},
{"type":"Feature","geometry":{"type":"Point","coordinates":[-74.16386408,4.63786874]},"properties":{"GmlID":"Puntos_Criticos_Arrojo_Clandestino_Residuos.259","OBJECTID":259,"Nombre_Localidad":"8","Frecuencia":"Jueves","Dirección":"CALLE 35B SUR CARRERA 87D","Observación":"ACTIVO"}},
{"type":"Feature","geometry":{"type":"Point","coordinates":[-74.12741830,4.68074750]},"properties":{"GmlID":"Puntos_Criticos_Arrojo_Clandestino_Residuos.260","OBJECTID":260,"Nombre_Localidad":"9","Frecuencia":"Martes","Dirección":"CARRERA 96 ENTRE CALLE 24C Y CALLE 25D","Observación":"ACTIVO"}},
{"type":"Feature","geometry":{"type":"Point","coordinates":[-74.14123150,4.68537922]},"properties":{"GmlID":"Puntos_Criticos_Arrojo_Clandestino_Residuos.261","OBJECTID":261,"Nombre_Localidad":"9","Frecuencia":"Lunes - Miercoles - Viernes","Dirección":"CARRERA 106 A 107 ENTRE CALLE 23D A CALLE 23G","Observación":"ACTIVO"}},
{"type":"Feature","geometry":{"type":"Point","coordinates":[-74.14587753,4.68732562]},"properties":{"GmlID":"Puntos_Criticos_Arrojo_Clandestino_Residuos.262","OBJECTID":262,"Nombre_Localidad":"9","Frecuencia":"Miercoles","Dirección":"CALLE 23 CON CARRERA 113","Observación":"ACTIVO"}},
{"type":"Feature","geometry":{"type":"Point","coordinates":[-74.15405161,4.61919670]},"properties":{"GmlID":"Puntos_Criticos_Arrojo_Clandestino_Residuos.263","OBJECTID":263,"Nombre_Localidad":"8","Frecuencia":"Jueves","Dirección":"CALLE 40 C SUR TRANSVERSAL 78B","Observación":"ACTIVO"}},
{"type":"Feature","geometry":{"type":"Point","coordinates":[-74.16259005,4.62534280]},"properties":{"GmlID":"Puntos_Criticos_Arrojo_Clandestino_Residuos.264","OBJECTID":264,"Nombre_Localidad":"8","Frecuencia":"Miercoles - Viernes","Dirección":"CARRERA 80F CALLE 41F 19","Observación":"ACTIVO"}},
{"type":"Feature","geometry":{"type":"Point","coordinates":[-74.16358323,4.63121369]},"properties":{"GmlID":"Puntos_Criticos_Arrojo_Clandestino_Residuos.265","OBJECTID":265,"Nombre_Localidad":"8","Frecuencia":"Lunes - Miercoles - Viernes","Dirección":"CALLE 40 BIS SUR ENTRE CARRERA 81K A CARRERA 82","Observación":"ACTIVO"}},
{"type":"Feature","geometry":{"type":"Point","coordinates":[-74.16476281,4.63125180]},"properties":{"GmlID":"Puntos_Criticos_Arrojo_Clandestino_Residuos.266","OBJECTID":266,"Nombre_Localidad":"8","Frecuencia":"Lunes - Miercoles - Viernes","Dirección":"CALLE 40B SUR CON CARRERA 82D","Observación":"ACTIVO"}},
{"type":"Feature","geometry":{"type":"Point","coordinates":[-74.16910832,4.63820676]},"properties":{"GmlID":"Puntos_Criticos_Arrojo_Clandestino_Residuos.267","OBJECTID":267,"Nombre_Localidad":"8","Frecuencia":"Viernes","Dirección":"AV. GUAYACANES ENTRE CALLE 40B SUR A CALLE 40 SUR","Observación":"ACTIVO"}},
{"type":"Feature","geometry":{"type":"Point","coordinates":[-74.16814860,4.64767897]},"properties":{"GmlID":"Puntos_Criticos_Arrojo_Clandestino_Residuos.268","OBJECTID":268,"Nombre_Localidad":"8","Frecuencia":"Jueves","Dirección":"ALAMEDA EL PORVENIR CON CALLE 32 SUR  (PROYECCIÃ\u0093N)","Observación":"ACTIVO"}},
{"type":"Feature","geometry":{"type":"Point","coordinates":[-74.16043290,4.63710013]},"properties":{"GmlID":"Puntos_Criticos_Arrojo_Clandestino_Residuos.269","OBJECTID":269,"Nombre_Localidad":"8","Frecuencia":"Lunes","Dirección":"CALLE 33 SUR CON CARRERA 86","Observación":"ACTIVO"}},
{"type":"Feature","geometry":{"type":"Point","coordinates":[-74.13745140,4.65743060]},"properties":{"GmlID":"Puntos_Criticos_Arrojo_Clandestino_Residuos.270","OBJECTID":270,"Nombre_Localidad":"8","Frecuencia":"Lunes - Viernes","Dirección":"CARRERA 86 CON CALLE 16C (COSTADO ORIENTAL)","Observación":"ACTIVO"}},
{"type":"Feature","geometry":{"type":"Point","coordinates":[-74.13675713,4.60625196]},"properties":{"GmlID":"Puntos_Criticos_Arrojo_Clandestino_Residuos.271","OBJECTID":271,"Nombre_Localidad":"8","Frecuencia":"Miercoles","Dirección":"CALLE 37B SUR CON TRANSVERSAL 68H","Observación":"ACTIVO"}},
{"type":"Feature","geometry":{"type":"Point","coordinates":[-74.14044922,4.60575881]},"properties":{"GmlID":"Puntos_Criticos_Arrojo_Clandestino_Residuos.272","OBJECTID":272,"Nombre_Localidad":"8","Frecuencia":"Miercoles","Dirección":"CARRERA 68K CON CALLE 39 SUR","Observación":"ACTIVO"}},
{"type":"Feature","geometry":{"type":"Point","coordinates":[-74.12710861,4.62238577]},"properties":{"GmlID":"Puntos_Criticos_Arrojo_Clandestino_Residuos.273","OBJECTID":273,"Nombre_Localidad":"8","Frecuencia":"Miercoles","Dirección":"CARRERA 68B BIS CON CALLE 2A","Observación":"ACTIVO"}},
{"type":"Feature","geometry":{"type":"Point","coordinates":[-74.14265358,4.61299978]},"properties":{"GmlID":"Puntos_Criticos_Arrojo_Clandestino_Residuos.274","OBJECTID":274,"Nombre_Localidad":"8","Frecuencia":"Miercoles","Dirección":"CARRERA 72J BIS CON CALLE 37D SUR","Observación":"ACTIVO"}},
{"type":"Feature","geometry":{"type":"Point","coordinates":[-74.14125261,4.61436004]},"properties":{"GmlID":"Puntos_Criticos_Arrojo_Clandestino_Residuos.275","OBJECTID":275,"Nombre_Localidad":"8","Frecuencia":"Miercoles - Viernes","Dirección":"CARRERA 72J CON CALLE 37C SUR","Observación":"ACTIVO"}},
{"type":"Feature","geometry":{"type":"Point","coordinates":[-74.14765619,4.68808579]},"properties":{"GmlID":"Puntos_Criticos_Arrojo_Clandestino_Residuos.276","OBJECTID":276,"Nombre_Localidad":"9","Frecuencia":"Martes - Jueves - Sabado","Dirección":"CALLE 22J ENTRE CARRERA 116 Y CARRERA 114 A","Observación":"ACTIVO"}},
{"type":"Feature","geometry":{"type":"Point","coordinates":[-74.12686964,4.68257328]},"properties":{"GmlID":"Puntos_Criticos_Arrojo_Clandestino_Residuos.277","OBJECTID":277,"Nombre_Localidad":"9","Frecuencia":"Jueves","Dirección":"CARRERA 96 BIS B CALLE 25 D","Observación":"ACTIVO"}},
{"type":"Feature","geometry":{"type":"Point","coordinates":[-74.13334615,4.60462474]},"properties":{"GmlID":"Puntos_Criticos_Arrojo_Clandestino_Residuos.278","OBJECTID":278,"Nombre_Localidad":"8","Frecuencia":"Miercoles","Dirección":"CARRERA 68 A ENTRE CALLE 36 A SUR Y CALLE 37 BIS SUR","Observación":"ACTIVO"}},
{"type":"Feature","geometry":{"type":"Point","coordinates":[-74.18028831,4.61339049]},"properties":{"GmlID":"Puntos_Criticos_Arrojo_Clandestino_Residuos.279","OBJECTID":279,"Nombre_Localidad":"8","Frecuencia":"Lunes - Miercoles - Viernes","Dirección":"CALLE 58A SUR ENTRE CARRERA 80I, CARRERA 80J, CARRERA 81  Y CARRERA 81A","Observación":"ACTIVO"}},
{"type":"Feature","geometry":{"type":"Point","coordinates":[-74.14455400,4.61609000]},"properties":{"GmlID":"Puntos_Criticos_Arrojo_Clandestino_Residuos.280","OBJECTID":280,"Nombre_Localidad":"8","Frecuencia":"Martes - Jueves - Sabado","Dirección":"CARRERA 72N CON CALLE 37 SUR","Observación":"ACTIVO"}},
{"type":"Feature","geometry":{"type":"Point","coordinates":[-74.15019000,4.60617200]},"properties":{"GmlID":"Puntos_Criticos_Arrojo_Clandestino_Residuos.281","OBJECTID":281,"Nombre_Localidad":"8","Frecuencia":"Viernes","Dirección":"CALLE 42 SUR CON CARRERA 72K","Observación":"ACTIVO"}},
{"type":"Feature","geometry":{"type":"Point","coordinates":[-74.13861900,4.65654900]},"properties":{"GmlID":"Puntos_Criticos_Arrojo_Clandestino_Residuos.282","OBJECTID":282,"Nombre_Localidad":"8","Frecuencia":"Martes - Jueves - Sabado","Dirección":"AV. CIUDAD DE CALI CON CALLE 15A","Observación":"ACTIVO"}},
{"type":"Feature","geometry":{"type":"Point","coordinates":[-74.16691400,4.63972400]},"properties":{"GmlID":"Puntos_Criticos_Arrojo_Clandestino_Residuos.283","OBJECTID":283,"Nombre_Localidad":"8","Frecuencia":"Jueves","Dirección":"CALLE 38 SUR ENTRE CARRERAS 86 A LA 89","Observación":"ACTIVO"}},
{"type":"Feature","geometry":{"type":"Point","coordinates":[-74.17510400,4.61488500]},"properties":{"GmlID":"Puntos_Criticos_Arrojo_Clandestino_Residuos.284","OBJECTID":284,"Nombre_Localidad":"8","Frecuencia":"Lunes - Miercoles - Viernes","Dirección":"CALLE 55 SUR CON CARRERA 80A A LA CARRERA 80G","Observación":"ACTIVO"}},
{"type":"Feature","geometry":{"type":"Point","coordinates":[-74.16613800,4.60531900]},"properties":{"GmlID":"Puntos_Criticos_Arrojo_Clandestino_Residuos.285","OBJECTID":285,"Nombre_Localidad":"8","Frecuencia":"Martes - Jueves - Sabado","Dirección":"CARRERA 77H CON CALLE 49 SUR","Observación":"ACTIVO"}},
{"type":"Feature","geometry":{"type":"Point","coordinates":[-74.12643300,4.62226800]},"properties":{"GmlID":"Puntos_Criticos_Arrojo_Clandestino_Residuos.286","OBJECTID":286,"Nombre_Localidad":"8","Frecuencia":"Martes - Jueves - Sabado","Dirección":"CARRERA 68A CON CALLE 2","Observación":"ACTIVO"}},
{"type":"Feature","geometry":{"type":"Point","coordinates":[-74.16296400,4.63455500]},"properties":{"GmlID":"Puntos_Criticos_Arrojo_Clandestino_Residuos.287","OBJECTID":287,"Nombre_Localidad":"8","Frecuencia":"Lunes a Sabado","Dirección":"DIAGONAL 38 SUR ENTRE CARRERAS 80 Y 86","Observación":"ACTIVO"}},
{"type":"Feature","geometry":{"type":"Point","coordinates":[-74.14127300,4.65215100]},"properties":{"GmlID":"Puntos_Criticos_Arrojo_Clandestino_Residuos.288","OBJECTID":288,"Nombre_Localidad":"8","Frecuencia":"Jueves - Sábado","Dirección":"CALLE 12 CON AV. CIUDAD DE CALI HASTA CARRERA 82A","Observación":"ACTIVO"}},
{"type":"Feature","geometry":{"type":"Point","coordinates":[-74.14499200,4.63475300]},"properties":{"GmlID":"Puntos_Criticos_Arrojo_Clandestino_Residuos.289","OBJECTID":289,"Nombre_Localidad":"8","Frecuencia":"Miercoles - Viernes","Dirección":"CARRERA 78 CON CALLE 6H","Observación":"ACTIVO"}},
{"type":"Feature","geometry":{"type":"Point","coordinates":[-74.15824300,4.63922600]},"properties":{"GmlID":"Puntos_Criticos_Arrojo_Clandestino_Residuos.290","OBJECTID":290,"Nombre_Localidad":"8","Frecuencia":"Martes - Jueves - Sabado","Dirección":"AV. CIUDAD DE CALI CON CALLE 2","Observación":"ACTIVO"}},
{"type":"Feature","geometry":{"type":"Point","coordinates":[-74.14661800,4.60770800]},"properties":{"GmlID":"Puntos_Criticos_Arrojo_Clandestino_Residuos.291","OBJECTID":291,"Nombre_Localidad":"8","Frecuencia":"Lunes - Miercoles - Viernes","Dirección":"CARRERA 72I CON CALLE 40 SUR","Observación":"ACTIVO"}},
{"type":"Feature","geometry":{"type":"Point","coordinates":[-74.16306700,4.62274400]},"properties":{"GmlID":"Puntos_Criticos_Arrojo_Clandestino_Residuos.292","OBJECTID":292,"Nombre_Localidad":"8","Frecuencia":"Martes - Jueves - Sabado","Dirección":"CARRERA 80 ENTRE CALLES 42 SUR A LA 45 SUR","Observación":"ACTIVO"}},
{"type":"Feature","geometry":{"type":"Point","coordinates":[-74.16377300,4.63139400]},"properties":{"GmlID":"Puntos_Criticos_Arrojo_Clandestino_Residuos.293","OBJECTID":293,"Nombre_Localidad":"8","Frecuencia":"Martes - Jueves - Sabado","Dirección":"CARRERA 82  ENTRE DIAGONAL 38 SUR A LA CALLE 40 BIS SUR","Observación":"ACTIVO"}},
{"type":"Feature","geometry":{"type":"Point","coordinates":[-74.17827900,4.61666900]},"properties":{"GmlID":"Puntos_Criticos_Arrojo_Clandestino_Residuos.294","OBJECTID":294,"Nombre_Localidad":"8","Frecuencia":"Lunes - Miercoles - Viernes","Dirección":"CARRERA 81A CON CALLE 56 SUR","Observación":"ACTIVO"}},
{"type":"Feature","geometry":{"type":"Point","coordinates":[-74.17562500,4.65149100]},"properties":{"GmlID":"Puntos_Criticos_Arrojo_Clandestino_Residuos.295","OBJECTID":295,"Nombre_Localidad":"8","Frecuencia":"Jueves","Dirección":"CALLE 38 SUR DE CARRERA  89  A CARRERA 101","Observación":"ACTIVO"}},
{"type":"Feature","geometry":{"type":"Point","coordinates":[-74.13667700,4.59940900]},"properties":{"GmlID":"Puntos_Criticos_Arrojo_Clandestino_Residuos.296","OBJECTID":296,"Nombre_Localidad":"8","Frecuencia":"Jueves - Sábado","Dirección":"CALLE 39 SUR DE LA CARRERA 68A A LA CARRERA  68B","Observación":"ACTIVO"}},
{"type":"Feature","geometry":{"type":"Point","coordinates":[-74.15623300,4.63510500]},"properties":{"GmlID":"Puntos_Criticos_Arrojo_Clandestino_Residuos.297","OBJECTID":297,"Nombre_Localidad":"8","Frecuencia":"Lunes a Domingo","Dirección":"CALLE 5A SUR DE CARRERA 80 A CARRERA 81 Y CARRERA 81 DE CALLE 5A SUR A CALLE 1","Observación":"ACTIVO"}},
{"type":"Feature","geometry":{"type":"Point","coordinates":[-74.15118700,4.59660700]},"properties":{"GmlID":"Puntos_Criticos_Arrojo_Clandestino_Residuos.298","OBJECTID":298,"Nombre_Localidad":"8","Frecuencia":"Lunes a Sabado","Dirección":"AUTOPISTA SUR CON CARRERA 62B (COSTADO NORTE)","Observación":"ACTIVO"}},
{"type":"Feature","geometry":{"type":"Point","coordinates":[-74.16751600,4.60527500]},"properties":{"GmlID":"Puntos_Criticos_Arrojo_Clandestino_Residuos.299","OBJECTID":299,"Nombre_Localidad":"8","Frecuencia":"Martes - Jueves - Sabado","Dirección":"CALLE 51 A SUR DE CARRERA 77H A CARRERA 77K BIS","Observación":"ACTIVO"}},
{"type":"Feature","geometry":{"type":"Point","coordinates":[-74.13625800,4.59989300]},"properties":{"GmlID":"Puntos_Criticos_Arrojo_Clandestino_Residuos.300","OBJECTID":300,"Nombre_Localidad":"8","Frecuencia":"Jueves - Sábado","Dirección":"CARRERA 68A CON CALLE 38H BIS SUR","Observación":"ACTIVO"}},
{"type":"Feature","geometry":{"type":"Point","coordinates":[-74.16207700,4.64363200]},"properties":{"GmlID":"Puntos_Criticos_Arrojo_Clandestino_Residuos.301","OBJECTID":301,"Nombre_Localidad":"8","Frecuencia":"Jueves - Sábado","Dirección":"CARRERA 89 ENTRE CALLE 2  Y CALLE 2A","Observación":"ACTIVO"}},
{"type":"Feature","geometry":{"type":"Point","coordinates":[-74.15188400,4.61019600]},"properties":{"GmlID":"Puntos_Criticos_Arrojo_Clandestino_Residuos.302","OBJECTID":302,"Nombre_Localidad":"8","Frecuencia":"Sabado","Dirección":"CARRERA 72P CON CALLE 40H SUR","Observación":"ACTIVO"}},
{"type":"Feature","geometry":{"type":"Point","coordinates":[-74.16475400,4.60792100]},"properties":{"GmlID":"Puntos_Criticos_Arrojo_Clandestino_Residuos.303","OBJECTID":303,"Nombre_Localidad":"8","Frecuencia":"Viernes","Dirección":"CARRERA 77P BIS A CON CALLE 47B SUR","Observación":"ACTIVO"}},
{"type":"Feature","geometry":{"type":"Point","coordinates":[-74.17915200,4.61731600]},"properties":{"GmlID":"Puntos_Criticos_Arrojo_Clandestino_Residuos.304","OBJECTID":304,"Nombre_Localidad":"8","Frecuencia":"Lunes - Miercoles - Viernes","Dirección":"CALLE 56 SUR ENTRE CARRERA 81F A CARRERA 81I","Observación":"ACTIVO"}},
{"type":"Feature","geometry":{"type":"Point","coordinates":[-74.16942500,4.62956400]},"properties":{"GmlID":"Puntos_Criticos_Arrojo_Clandestino_Residuos.305","OBJECTID":305,"Nombre_Localidad":"8","Frecuencia":"Martes - Jueves - Sabado","Dirección":"AV. CIUDAD DE CALI DE CALLE 42B BIS SUR A CALLE 42F BIS - COSTADO ORIENTAL","Observación":"ACTIVO"}},
{"type":"Feature","geometry":{"type":"Point","coordinates":[-74.15256300,4.62966300]},"properties":{"GmlID":"Puntos_Criticos_Arrojo_Clandestino_Residuos.306","OBJECTID":306,"Nombre_Localidad":"8","Frecuencia":"Miercoles","Dirección":"CALLE 26 SUR ENTRE CARRERA 79A A LA CARRERA 79","Observación":"ACTIVO"}},
{"type":"Feature","geometry":{"type":"Point","coordinates":[-74.17777600,4.61077100]},"properties":{"GmlID":"Puntos_Criticos_Arrojo_Clandestino_Residuos.307","OBJECTID":307,"Nombre_Localidad":"8","Frecuencia":"Jueves","Dirección":"CALLE 58 BIS SUR ENTRE CARRERA 79B A CARRERA 79G","Observación":"ACTIVO"}},
{"type":"Feature","geometry":{"type":"Point","coordinates":[-74.17510900,4.63668300]},"properties":{"GmlID":"Puntos_Criticos_Arrojo_Clandestino_Residuos.308","OBJECTID":308,"Nombre_Localidad":"8","Frecuencia":"Jueves","Dirección":"CALLE 43 SUR ENTRE CARRERA 89C A LA CARRERA 101","Observación":"ACTIVO"}},
{"type":"Feature","geometry":{"type":"Point","coordinates":[-74.12474700,4.62430600]},"properties":{"GmlID":"Puntos_Criticos_Arrojo_Clandestino_Residuos.309","OBJECTID":309,"Nombre_Localidad":"8","Frecuencia":"Martes - Jueves - Sabado","Dirección":"CARRERA 68 CON CALLE 3","Observación":"ACTIVO"}},
{"type":"Feature","geometry":{"type":"Point","coordinates":[-74.13049100,4.60996700]},"properties":{"GmlID":"Puntos_Criticos_Arrojo_Clandestino_Residuos.310","OBJECTID":310,"Nombre_Localidad":"8","Frecuencia":"Sabado","Dirección":"AV PRIMERO DE MAYO CON CARRERA 68C","Observación":"ACTIVO"}},
{"type":"Feature","geometry":{"type":"Point","coordinates":[-74.14298400,4.60469000]},"properties":{"GmlID":"Puntos_Criticos_Arrojo_Clandestino_Residuos.311","OBJECTID":311,"Nombre_Localidad":"8","Frecuencia":"Lunes a Domingo","Dirección":"AV BOYACÃ\u0081 ENTRE CALLE  40 SUR A TV 72D SEPARADOR VIAL","Observación":"ACTIVO"}},
{"type":"Feature","geometry":{"type":"Point","coordinates":[-74.15128000,4.60260400]},"properties":{"GmlID":"Puntos_Criticos_Arrojo_Clandestino_Residuos.312","OBJECTID":312,"Nombre_Localidad":"8","Frecuencia":"Martes - Jueves - Sabado","Dirección":"CARRERA 72J ENTRE CALLE 46 SUR A CALLE 48 SUR","Observación":"ACTIVO"}},
{"type":"Feature","geometry":{"type":"Point","coordinates":[-74.16895600,4.60976800]},"properties":{"GmlID":"Puntos_Criticos_Arrojo_Clandestino_Residuos.313","OBJECTID":313,"Nombre_Localidad":"8","Frecuencia":"Martes - Jueves - Sabado","Dirección":"CARRERA 77V BIS A CON CALLE 53 SUR","Observación":"ACTIVO"}},
{"type":"Feature","geometry":{"type":"Point","coordinates":[-74.17430900,4.61076600]},"properties":{"GmlID":"Puntos_Criticos_Arrojo_Clandestino_Residuos.314","OBJECTID":314,"Nombre_Localidad":"8","Frecuencia":"Martes - Jueves - Sabado","Dirección":"CARRERA 78P DESDE AV. PRIMERO DE MAYO A CALLE 57 SUR","Observación":"ACTIVO"}},
{"type":"Feature","geometry":{"type":"Point","coordinates":[-74.17778800,4.64991800]},"properties":{"GmlID":"Puntos_Criticos_Arrojo_Clandestino_Residuos.315","OBJECTID":315,"Nombre_Localidad":"8","Frecuencia":"Lunes - Miercoles - Viernes","Dirección":"CARRERA 101 CON CALLE 41 SUR","Observación":"ACTIVO"}},
{"type":"Feature","geometry":{"type":"Point","coordinates":[-74.16421900,4.64934300]},"properties":{"GmlID":"Puntos_Criticos_Arrojo_Clandestino_Residuos.316","OBJECTID":316,"Nombre_Localidad":"8","Frecuencia":"Jueves - Sábado","Dirección":"CALLE 6 ENTRE CARRERA 89 A CARRERA 93D COSTADO SUR","Observación":"ACTIVO"}},
{"type":"Feature","geometry":{"type":"Point","coordinates":[-74.16525100,4.62361300]},"properties":{"GmlID":"Puntos_Criticos_Arrojo_Clandestino_Residuos.317","OBJECTID":317,"Nombre_Localidad":"8","Frecuencia":"Martes - Jueves - Sabado","Dirección":"CALLE 42C SUR CARRERA 80G HASTA CARRERA 81C BIS","Observación":"ACTIVO"}},
{"type":"Feature","geometry":{"type":"Point","coordinates":[-74.15748900,4.64528600]},"properties":{"GmlID":"Puntos_Criticos_Arrojo_Clandestino_Residuos.318","OBJECTID":318,"Nombre_Localidad":"8","Frecuencia":"Jueves - Sábado","Dirección":"CARRERA 88 CON CALLE 6","Observación":"ACTIVO"}},
{"type":"Feature","geometry":{"type":"Point","coordinates":[-74.16135600,4.64736100]},"properties":{"GmlID":"Puntos_Criticos_Arrojo_Clandestino_Residuos.319","OBJECTID":319,"Nombre_Localidad":"8","Frecuencia":"Jueves - Sábado","Dirección":"CARRERA 90 A CON CALLE 6 BIS","Observación":"ACTIVO"}},
{"type":"Feature","geometry":{"type":"Point","coordinates":[-74.17966100,4.64859500]},"properties":{"GmlID":"Puntos_Criticos_Arrojo_Clandestino_Residuos.320","OBJECTID":320,"Nombre_Localidad":"8","Frecuencia":"Lunes - Miercoles - Viernes","Dirección":"CARRERA 100 A CON CALLE 42F SUR","Observación":"ACTIVO"}},
{"type":"Feature","geometry":{"type":"Point","coordinates":[-74.17593400,4.61884900]},"properties":{"GmlID":"Puntos_Criticos_Arrojo_Clandestino_Residuos.321","OBJECTID":321,"Nombre_Localidad":"8","Frecuencia":"Miercoles","Dirección":"CARRERA 81C CON CALLE 54 SUR","Observación":"ACTIVO"}},
{"type":"Feature","geometry":{"type":"Point","coordinates":[-74.16920200,4.62518300]},"properties":{"GmlID":"Puntos_Criticos_Arrojo_Clandestino_Residuos.322","OBJECTID":322,"Nombre_Localidad":"8","Frecuencia":"Lunes - Miercoles - Viernes","Dirección":"AV VILLAVICENCIO CON CARRERA 81G COSTADO SUR","Observación":"ACTIVO"}},
{"type":"Feature","geometry":{"type":"Point","coordinates":[-74.15512300,4.63218800]},"properties":{"GmlID":"Puntos_Criticos_Arrojo_Clandestino_Residuos.323","OBJECTID":323,"Nombre_Localidad":"8","Frecuencia":"Lunes a Sabado","Dirección":"CARRERA 80 CON DIAGONAL 2 SEPARADOR VÃ\u008DAL","Observación":"ACTIVO"}},
{"type":"Feature","geometry":{"type":"Point","coordinates":[-74.16940600,4.64592000]},"properties":{"GmlID":"Puntos_Criticos_Arrojo_Clandestino_Residuos.324","OBJECTID":324,"Nombre_Localidad":"8","Frecuencia":"Sabado","Dirección":"CALLE 34A SUR ENTRE CARRERA 93B Y 90A","Observación":"ACTIVO"}},
{"type":"Feature","geometry":{"type":"Point","coordinates":[-74.17392500,4.65013400]},"properties":{"GmlID":"Puntos_Criticos_Arrojo_Clandestino_Residuos.325","OBJECTID":325,"Nombre_Localidad":"8","Frecuencia":"Jueves","Dirección":"CALLE 38 SUR CON CARRERA 99A COSTADO NORTE","Observación":"ACTIVO"}},
{"type":"Feature","geometry":{"type":"Point","coordinates":[-74.15793100,4.60604700]},"properties":{"GmlID":"Puntos_Criticos_Arrojo_Clandestino_Residuos.326","OBJECTID":326,"Nombre_Localidad":"8","Frecuencia":"Miercoles - Viernes","Dirección":"CALLE 45 SUR ENTRE TRANSVERSAL 72 V BIS A LA CARRERA 73","Observación":"ACTIVO"}},
{"type":"Feature","geometry":{"type":"Point","coordinates":[-74.14992900,4.59789700]},"properties":{"GmlID":"Puntos_Criticos_Arrojo_Clandestino_Residuos.327","OBJECTID":327,"Nombre_Localidad":"8","Frecuencia":"Jueves - Sábado","Dirección":"CALLE 49 SUR CON TRANSVERSAL 72D","Observación":"ACTIVO"}},
{"type":"Feature","geometry":{"type":"Point","coordinates":[-74.18035800,4.64832100]},"properties":{"GmlID":"Puntos_Criticos_Arrojo_Clandestino_Residuos.328","OBJECTID":328,"Nombre_Localidad":"8","Frecuencia":"Miercoles","Dirección":"CARRERA 99G  ENTRE CALLE 42G SUR A CALLE 42F SUR","Observación":"ACTIVO"}},
{"type":"Feature","geometry":{"type":"Point","coordinates":[-74.18063600,4.63619600]},"properties":{"GmlID":"Puntos_Criticos_Arrojo_Clandestino_Residuos.329","OBJECTID":329,"Nombre_Localidad":"8","Frecuencia":"Miercoles - Viernes","Dirección":"CARRERA 91 CALLE 49 SUR A LA CALLE 43 SUR","Observación":"ACTIVO"}},
{"type":"Feature","geometry":{"type":"Point","coordinates":[-74.14715500,4.60200600]},"properties":{"GmlID":"Puntos_Criticos_Arrojo_Clandestino_Residuos.330","OBJECTID":330,"Nombre_Localidad":"8","Frecuencia":"Martes - Jueves - Sabado","Dirección":"TRANSVERSAL 72D CON CALLE 43A SUR","Observación":"ACTIVO"}},
{"type":"Feature","geometry":{"type":"Point","coordinates":[-74.14426400,4.60424000]},"properties":{"GmlID":"Puntos_Criticos_Arrojo_Clandestino_Residuos.331","OBJECTID":331,"Nombre_Localidad":"8","Frecuencia":"Lunes - Miercoles - Viernes","Dirección":"TRANSVERSAL 72F CON AV. BOYACÃ\u0081 COSTADO OCCIDENTAL","Observación":"ACTIVO"}},
{"type":"Feature","geometry":{"type":"Point","coordinates":[-74.14417300,4.67652500]},"properties":{"GmlID":"Puntos_Criticos_Arrojo_Clandestino_Residuos.332","OBJECTID":332,"Nombre_Localidad":"9","Frecuencia":"Lunes - Miercoles - Viernes","Dirección":"CALLE 20 CON CARRERA 103 A","Observación":"ACTIVO"}},
{"type":"Feature","geometry":{"type":"Point","coordinates":[-74.16666100,4.68211100]},"properties":{"GmlID":"Puntos_Criticos_Arrojo_Clandestino_Residuos.333","OBJECTID":333,"Nombre_Localidad":"9","Frecuencia":"Lunes - Miercoles - Viernes","Dirección":"CALLE 14B DE CARRERA 123 A CARRERA 129","Observación":"ACTIVO"}},
{"type":"Feature","geometry":{"type":"Point","coordinates":[-74.14117300,4.67667600]},"properties":{"GmlID":"Puntos_Criticos_Arrojo_Clandestino_Residuos.334","OBJECTID":334,"Nombre_Localidad":"9","Frecuencia":"Martes - Jueves - Sabado","Dirección":"AV. FERROCARRIL ENTRE CARRERA 103 A LA CARRERA 109","Observación":"ACTIVO"}},
{"type":"Feature","geometry":{"type":"Point","coordinates":[-74.16502500,4.69681700]},"properties":{"GmlID":"Puntos_Criticos_Arrojo_Clandestino_Residuos.335","OBJECTID":335,"Nombre_Localidad":"9","Frecuencia":"Lunes - Miercoles - Viernes","Dirección":"AVENIDA FERROCARRIL ENTRE CALLE 134 Y 138A","Observación":"ACTIVO"}},
{"type":"Feature","geometry":{"type":"Point","coordinates":[-74.15087700,4.69156800]},"properties":{"GmlID":"Puntos_Criticos_Arrojo_Clandestino_Residuos.336","OBJECTID":336,"Nombre_Localidad":"9","Frecuencia":"Lunes - Miercoles - Viernes","Dirección":"CARRERA 120 ENTRE CALLES 22J Y 22L","Observación":"ACTIVO"}},
{"type":"Feature","geometry":{"type":"Point","coordinates":[-74.16949408,4.69464289]},"properties":{"GmlID":"Puntos_Criticos_Arrojo_Clandestino_Residuos.337","OBJECTID":337,"Nombre_Localidad":"9","Frecuencia":"Martes","Dirección":"AV. CALLE 17 CON CARRERA 137","Observación":"ACTIVO"}},
{"type":"Feature","geometry":{"type":"Point","coordinates":[-74.13863564,4.66290622]},"properties":{"GmlID":"Puntos_Criticos_Arrojo_Clandestino_Residuos.338","OBJECTID":338,"Nombre_Localidad":"9","Frecuencia":"Lunes a Sabado","Dirección":"CALLE 17 CON CARRERA 89 (COSTADO NORTE)","Observación":"ACTIVO"}},
{"type":"Feature","geometry":{"type":"Point","coordinates":[-74.14670400,4.66823900]},"properties":{"GmlID":"Puntos_Criticos_Arrojo_Clandestino_Residuos.339","OBJECTID":339,"Nombre_Localidad":"9","Frecuencia":"Jueves","Dirección":"CARRERA 97 CON DIAGONAL 16C","Observación":"ACTIVO"}},
{"type":"Feature","geometry":{"type":"Point","coordinates":[-74.15124100,4.66917300]},"properties":{"GmlID":"Puntos_Criticos_Arrojo_Clandestino_Residuos.340","OBJECTID":340,"Nombre_Localidad":"9","Frecuencia":"Lunes - Miercoles - Viernes","Dirección":"DIAGONAL 16 CON CARRERA 100 (COSTADO NORTE)","Observación":"ACTIVO"}},
{"type":"Feature","geometry":{"type":"Point","coordinates":[-74.15395100,4.69363900]},"properties":{"GmlID":"Puntos_Criticos_Arrojo_Clandestino_Residuos.341","OBJECTID":341,"Nombre_Localidad":"9","Frecuencia":"Lunes - Miercoles - Viernes","Dirección":"CARRERA 124A ENTRE CALLE 22F Y 22G","Observación":"ACTIVO"}},
{"type":"Feature","geometry":{"type":"Point","coordinates":[-74.12478900,4.67740000]},"properties":{"GmlID":"Puntos_Criticos_Arrojo_Clandestino_Residuos.342","OBJECTID":342,"Nombre_Localidad":"9","Frecuencia":"Lunes - Miercoles - Viernes","Dirección":"TRANSVERSAL 95 ENTRE CALLE 24F Y CALLE 25D","Observación":"ACTIVO"}},
{"type":"Feature","geometry":{"type":"Point","coordinates":[-74.13977600,4.68601400]},"properties":{"GmlID":"Puntos_Criticos_Arrojo_Clandestino_Residuos.343","OBJECTID":343,"Nombre_Localidad":"9","Frecuencia":"Lunes - Miercoles - Viernes","Dirección":"AVENIDA CALLE 24 ENTRE CARRERA 107 A 129 (COSTADO SUR )","Observación":"ACTIVO"}},
{"type":"Feature","geometry":{"type":"Point","coordinates":[-74.15676400,4.68627700]},"properties":{"GmlID":"Puntos_Criticos_Arrojo_Clandestino_Residuos.344","OBJECTID":344,"Nombre_Localidad":"9","Frecuencia":"Jueves","Dirección":"CALLE 17C ENTRE CARRERA 120 Y 123B","Observación":"ACTIVO"}},
{"type":"Feature","geometry":{"type":"Point","coordinates":[-74.15992800,4.66708000]},"properties":{"GmlID":"Puntos_Criticos_Arrojo_Clandestino_Residuos.345","OBJECTID":345,"Nombre_Localidad":"9","Frecuencia":"Jueves","Dirección":"CARRERA 106 CON CALLE 13D","Observación":"ACTIVO"}},
{"type":"Feature","geometry":{"type":"Point","coordinates":[-74.15118700,4.66625500]},"properties":{"GmlID":"Puntos_Criticos_Arrojo_Clandestino_Residuos.346","OBJECTID":346,"Nombre_Localidad":"9","Frecuencia":"Martes - Jueves - Sabado","Dirección":"CARRERA 98A CON CALLE 15C","Observación":"ACTIVO"}},
{"type":"Feature","geometry":{"type":"Point","coordinates":[-74.11092998,4.64509847]},"properties":{"GmlID":"Puntos_Criticos_Arrojo_Clandestino_Residuos.347","OBJECTID":347,"Nombre_Localidad":"9","Frecuencia":"Lunes - Miercoles - Viernes","Dirección":"CALLE 21 ENTRE CARRERA 68C Y 68D","Observación":"ACTIVO"}},
{"type":"Feature","geometry":{"type":"Point","coordinates":[-74.14973400,4.68578500]},"properties":{"GmlID":"Puntos_Criticos_Arrojo_Clandestino_Residuos.348","OBJECTID":348,"Nombre_Localidad":"9","Frecuencia":"Lunes - Miercoles - Viernes","Dirección":"AV. FERROCARRIL ENTRE CARRERA 111A LA CARRERA 114","Observación":"ACTIVO"}},
{"type":"Feature","geometry":{"type":"Point","coordinates":[-74.13907400,4.68550200]},"properties":{"GmlID":"Puntos_Criticos_Arrojo_Clandestino_Residuos.349","OBJECTID":349,"Nombre_Localidad":"9","Frecuencia":"Lunes a Sabado","Dirección":"CALLE 24 ENTRE CARRERAS 104B A 106 (COSTADO NORTE)","Observación":"ACTIVO"}},
{"type":"Feature","geometry":{"type":"Point","coordinates":[-74.15357100,4.68465000]},"properties":{"GmlID":"Puntos_Criticos_Arrojo_Clandestino_Residuos.350","OBJECTID":350,"Nombre_Localidad":"9","Frecuencia":"Martes - Jueves - Sabado","Dirección":"CARRERA 116 ENTRE CALLE 18 A CALLE 23C","Observación":"ACTIVO"}},
{"type":"Feature","geometry":{"type":"Point","coordinates":[-74.13760732,4.60630074]},"properties":{"GmlID":"Puntos_Criticos_Arrojo_Clandestino_Residuos.351","OBJECTID":351,"Nombre_Localidad":"8","Frecuencia":"Miercoles","Dirección":"TRANSVERSAL 68J BIS CON CALLE 37D SUR","Observación":"ACTIVO"}},
{"type":"Feature","geometry":{"type":"Point","coordinates":[-74.12066992,4.65543816]},"properties":{"GmlID":"Puntos_Criticos_Arrojo_Clandestino_Residuos.352","OBJECTID":352,"Nombre_Localidad":"9","Frecuencia":"Miercoles - Viernes","Dirección":"AVENIDA BOYACA COSTADO ORIENTAL CON CALLE 22","Observación":"ACTIVO"}},
{"type":"Feature","geometry":{"type":"Point","coordinates":[-74.11209910,4.66639432]},"properties":{"GmlID":"Puntos_Criticos_Arrojo_Clandestino_Residuos.353","OBJECTID":353,"Nombre_Localidad":"9","Frecuencia":"Miercoles","Dirección":"CALLE 26 CON BOYACA, PASO PEATONAL AL COSTADO SUR OCCIDENTAL DEL PU","Observación":"ACTIVO"}},
{"type":"Feature","geometry":{"type":"Point","coordinates":[-74.12164730,4.67192024]},"properties":{"GmlID":"Puntos_Criticos_Arrojo_Clandestino_Residuos.354","OBJECTID":354,"Nombre_Localidad":"9","Frecuencia":"Jueves - Sábado","Dirección":"TRANSVERSAL 84 A ENTRE CALLE 24 D Y CALLE 24 F","Observación":"ACTIVO"}},
{"type":"Feature","geometry":{"type":"Point","coordinates":[-74.12377246,4.67403134]},"properties":{"GmlID":"Puntos_Criticos_Arrojo_Clandestino_Residuos.355","OBJECTID":355,"Nombre_Localidad":"9","Frecuencia":"Miercoles","Dirección":"AV. CIUDAD DE CALI CON CALLE 24D INTERSECCION PARA TOMAR LA AV. LA ESPERANZA","Observación":"ACTIVO"}},
{"type":"Feature","geometry":{"type":"Point","coordinates":[-74.14693854,4.67072202]},"properties":{"GmlID":"Puntos_Criticos_Arrojo_Clandestino_Residuos.356","OBJECTID":356,"Nombre_Localidad":"9","Frecuencia":"Jueves","Dirección":"CALLE 16H CON CARRERA 99 SENTIDO OCCIDENTE - ORIENTE","Observación":"ACTIVO"}},
{"type":"Feature","geometry":{"type":"Point","coordinates":[-74.12199379,4.66240636]},"properties":{"GmlID":"Puntos_Criticos_Arrojo_Clandestino_Residuos.357","OBJECTID":357,"Nombre_Localidad":"9","Frecuencia":"Jueves","Dirección":"TRANSVERSAL 73A CON CALLE 23","Observación":"ACTIVO"}},
{"type":"Feature","geometry":{"type":"Point","coordinates":[-74.12629196,4.68349708]},"properties":{"GmlID":"Puntos_Criticos_Arrojo_Clandestino_Residuos.358","OBJECTID":358,"Nombre_Localidad":"9","Frecuencia":"Miercoles","Dirección":"CARRERA 96BIS B CON CALLE 25G BIS","Observación":"ACTIVO"}},
{"type":"Feature","geometry":{"type":"Point","coordinates":[-74.12682377,4.67326798]},"properties":{"GmlID":"Puntos_Criticos_Arrojo_Clandestino_Residuos.359","OBJECTID":359,"Nombre_Localidad":"9","Frecuencia":"Martes - Jueves - Sabado","Dirección":"CARRERA 90 CON CALL 24 COSTADO ORIENTE - OCCIDENTE","Observación":"ACTIVO"}},
{"type":"Feature","geometry":{"type":"Point","coordinates":[-74.12602410,4.67059558]},"properties":{"GmlID":"Puntos_Criticos_Arrojo_Clandestino_Residuos.360","OBJECTID":360,"Nombre_Localidad":"9","Frecuencia":"Martes - Jueves - Sabado","Dirección":"TRANSVERSAL 85C CON CALLE 23D","Observación":"ACTIVO"}},
{"type":"Feature","geometry":{"type":"Point","coordinates":[-74.12599148,4.66163146]},"properties":{"GmlID":"Puntos_Criticos_Arrojo_Clandestino_Residuos.361","OBJECTID":361,"Nombre_Localidad":"9","Frecuencia":"Martes - Jueves - Sabado","Dirección":"CALLE 22 CON CRA 80A BIS","Observación":"ACTIVO"}},
{"type":"Feature","geometry":{"type":"Point","coordinates":[-74.15159692,4.60374075]},"properties":{"GmlID":"Puntos_Criticos_Arrojo_Clandestino_Residuos.362","OBJECTID":362,"Nombre_Localidad":"8","Frecuencia":"Miercoles","Dirección":"CALLE 45 SUR CON CARRER A72K","Observación":"ACTIVO"}},
{"type":"Feature","geometry":{"type":"Point","coordinates":[-74.14498562,4.62619127]},"properties":{"GmlID":"Puntos_Criticos_Arrojo_Clandestino_Residuos.363","OBJECTID":363,"Nombre_Localidad":"8","Frecuencia":"Martes - Viernes","Dirección":"TRANSVERSAL 75 ENTRE CRA. 75 Y DIAGONAL 5A","Observación":"ACTIVO"}},
{"type":"Feature","geometry":{"type":"Point","coordinates":[-74.07516812,4.66033068]},"properties":{"GmlID":"Puntos_Criticos_Arrojo_Clandestino_Residuos.364","OBJECTID":364,"Nombre_Localidad":"12","Frecuencia":"Sabado","Dirección":"Carrera 28b Calle 66","Observación":"ACTIVO"}},
{"type":"Feature","geometry":{"type":"Point","coordinates":[-74.06845728,4.65836153]},"properties":{"GmlID":"Puntos_Criticos_Arrojo_Clandestino_Residuos.365","OBJECTID":365,"Nombre_Localidad":"12","Frecuencia":"Lunes - Viernes","Dirección":"Carrera 22  Avenida Calle 68","Observación":"ACTIVO"}},
{"type":"Feature","geometry":{"type":"Point","coordinates":[-74.06750800,4.67392800]},"properties":{"GmlID":"Puntos_Criticos_Arrojo_Clandestino_Residuos.366","OBJECTID":366,"Nombre_Localidad":"12","Frecuencia":"Jueves","Dirección":"Carrera 30 Calle 80","Observación":"ACTIVO"}},
{"type":"Feature","geometry":{"type":"Point","coordinates":[-74.10169249,4.68296869]},"properties":{"GmlID":"Puntos_Criticos_Arrojo_Clandestino_Residuos.367","OBJECTID":367,"Nombre_Localidad":"10","Frecuencia":"Jueves","Dirección":"Calle 66a Carrera 74","Observación":"ACTIVO"}},
{"type":"Feature","geometry":{"type":"Point","coordinates":[-74.09546401,4.68852590]},"properties":{"GmlID":"Puntos_Criticos_Arrojo_Clandestino_Residuos.368","OBJECTID":368,"Nombre_Localidad":"10","Frecuencia":"Martes","Dirección":"Carrera 72a Calle 72a","Observación":"ACTIVO"}},
{"type":"Feature","geometry":{"type":"Point","coordinates":[-74.08573091,4.68595619]},"properties":{"GmlID":"Puntos_Criticos_Arrojo_Clandestino_Residuos.369","OBJECTID":369,"Nombre_Localidad":"10","Frecuencia":"Jueves","Dirección":"Calle 77 Carrera 69h","Observación":"ACTIVO"}},
{"type":"Feature","geometry":{"type":"Point","coordinates":[-74.08998280,4.68614039]},"properties":{"GmlID":"Puntos_Criticos_Arrojo_Clandestino_Residuos.370","OBJECTID":370,"Nombre_Localidad":"10","Frecuencia":"Martes - Jueves","Dirección":"Carrera 70 Calle 73a","Observación":"ACTIVO"}},
{"type":"Feature","geometry":{"type":"Point","coordinates":[-74.11327843,4.70140993]},"properties":{"GmlID":"Puntos_Criticos_Arrojo_Clandestino_Residuos.371","OBJECTID":371,"Nombre_Localidad":"10","Frecuencia":"Martes","Dirección":"Carrera 96 Calle 72","Observación":"ACTIVO"}},
{"type":"Feature","geometry":{"type":"Point","coordinates":[-74.08829219,4.67626264]},"properties":{"GmlID":"Puntos_Criticos_Arrojo_Clandestino_Residuos.372","OBJECTID":372,"Nombre_Localidad":"10","Frecuencia":"Sabado","Dirección":"Calle 68b Carrera 68a Bis","Observación":"ACTIVO"}},
{"type":"Feature","geometry":{"type":"Point","coordinates":[-74.10179877,4.68322559]},"properties":{"GmlID":"Puntos_Criticos_Arrojo_Clandestino_Residuos.373","OBJECTID":373,"Nombre_Localidad":"10","Frecuencia":"Jueves","Dirección":"Calle 66a  Carrera 74a","Observación":"ACTIVO"}},
{"type":"Feature","geometry":{"type":"Point","coordinates":[-74.11965642,4.69296780]},"properties":{"GmlID":"Puntos_Criticos_Arrojo_Clandestino_Residuos.374","OBJECTID":374,"Nombre_Localidad":"10","Frecuencia":"Jueves","Dirección":"Carrera 96 Calle 65","Observación":"ACTIVO"}},
{"type":"Feature","geometry":{"type":"Point","coordinates":[-74.13598611,4.71067047]},"properties":{"GmlID":"Puntos_Criticos_Arrojo_Clandestino_Residuos.375","OBJECTID":375,"Nombre_Localidad":"10","Frecuencia":"Lunes","Dirección":"Transversal 113f  Calle 67","Observación":"ACTIVO"}},
{"type":"Feature","geometry":{"type":"Point","coordinates":[-74.11485364,4.69917806]},"properties":{"GmlID":"Puntos_Criticos_Arrojo_Clandestino_Residuos.376","OBJECTID":376,"Nombre_Localidad":"10","Frecuencia":"Martes - Jueves","Dirección":"Calle 71a Carrera 96","Observación":"ACTIVO"}},
{"type":"Feature","geometry":{"type":"Point","coordinates":[-74.14337825,4.71925828]},"properties":{"GmlID":"Puntos_Criticos_Arrojo_Clandestino_Residuos.377","OBJECTID":377,"Nombre_Localidad":"10","Frecuencia":"Lunes","Dirección":"Calle 64 Carrera 128","Observación":"ACTIVO"}},
{"type":"Feature","geometry":{"type":"Point","coordinates":[-74.12524972,4.71849690]},"properties":{"GmlID":"Puntos_Criticos_Arrojo_Clandestino_Residuos.378","OBJECTID":378,"Nombre_Localidad":"10","Frecuencia":"Viernes","Dirección":"Carrera 114  Calle 78","Observación":"ACTIVO"}},
{"type":"Feature","geometry":{"type":"Point","coordinates":[-74.12339533,4.70227882]},"properties":{"GmlID":"Puntos_Criticos_Arrojo_Clandestino_Residuos.379","OBJECTID":379,"Nombre_Localidad":"10","Frecuencia":"Miercoles","Dirección":"Carrera 105f  Calle 69","Observación":"ACTIVO"}},
{"type":"Feature","geometry":{"type":"Point","coordinates":[-74.12646765,4.70100115]},"properties":{"GmlID":"Puntos_Criticos_Arrojo_Clandestino_Residuos.380","OBJECTID":380,"Nombre_Localidad":"10","Frecuencia":"Miercoles","Dirección":"Calle 66a Carrera 105h","Observación":"ACTIVO"}},
{"type":"Feature","geometry":{"type":"Point","coordinates":[-74.10062937,4.68393278]},"properties":{"GmlID":"Puntos_Criticos_Arrojo_Clandestino_Residuos.381","OBJECTID":381,"Nombre_Localidad":"10","Frecuencia":"Jueves","Dirección":"Carrera 74 Calle 67a","Observación":"ACTIVO"}},
{"type":"Feature","geometry":{"type":"Point","coordinates":[-74.13008143,4.72049970]},"properties":{"GmlID":"Puntos_Criticos_Arrojo_Clandestino_Residuos.382","OBJECTID":382,"Nombre_Localidad":"10","Frecuencia":"Lunes - Viernes","Dirección":"Calle 77 Carrera 117","Observación":"ACTIVO"}},
{"type":"Feature","geometry":{"type":"Point","coordinates":[-74.08999253,4.67607740]},"properties":{"GmlID":"Puntos_Criticos_Arrojo_Clandestino_Residuos.383","OBJECTID":383,"Nombre_Localidad":"10","Frecuencia":"Sabado","Dirección":"Carrera 68d Calle 68 Parque","Observación":"ACTIVO"}},
{"type":"Feature","geometry":{"type":"Point","coordinates":[-74.09549500,4.71516700]},"properties":{"GmlID":"Puntos_Criticos_Arrojo_Clandestino_Residuos.384","OBJECTID":384,"Nombre_Localidad":"10","Frecuencia":"Martes - Jueves","Dirección":"Carrera 91 Calle 97","Observación":"ACTIVO"}},
{"type":"Feature","geometry":{"type":"Point","coordinates":[-74.11130846,4.66637837]},"properties":{"GmlID":"Puntos_Criticos_Arrojo_Clandestino_Residuos.385","OBJECTID":385,"Nombre_Localidad":"10","Frecuencia":"Sabado","Dirección":"Avenida Carrera 72 Calle 26","Observación":"ACTIVO"}},
{"type":"Feature","geometry":{"type":"Point","coordinates":[-74.13326485,4.71914581]},"properties":{"GmlID":"Puntos_Criticos_Arrojo_Clandestino_Residuos.386","OBJECTID":386,"Nombre_Localidad":"10","Frecuencia":"Lunes - Miercoles - Viernes","Dirección":"Carrera 121 Calle 73a","Observación":"ACTIVO"}},
{"type":"Feature","geometry":{"type":"Point","coordinates":[-74.10273200,4.71805300]},"properties":{"GmlID":"Puntos_Criticos_Arrojo_Clandestino_Residuos.387","OBJECTID":387,"Nombre_Localidad":"10","Frecuencia":"Lunes","Dirección":"Calle 90 Carrera 95g","Observación":"ACTIVO"}},
{"type":"Feature","geometry":{"type":"Point","coordinates":[-74.07656374,4.66463704]},"properties":{"GmlID":"Puntos_Criticos_Arrojo_Clandestino_Residuos.388","OBJECTID":388,"Nombre_Localidad":"12","Frecuencia":"Jueves","Dirección":"Avenida Calle 68 Carrera 50","Observación":"ACTIVO"}},
{"type":"Feature","geometry":{"type":"Point","coordinates":[-74.06691697,4.65769745]},"properties":{"GmlID":"Puntos_Criticos_Arrojo_Clandestino_Residuos.389","OBJECTID":389,"Nombre_Localidad":"12","Frecuencia":"Martes","Dirección":"Carrera 20 Calle 68a","Observación":"ACTIVO"}},
{"type":"Feature","geometry":{"type":"Point","coordinates":[-74.08960518,4.68349206]},"properties":{"GmlID":"Puntos_Criticos_Arrojo_Clandestino_Residuos.390","OBJECTID":390,"Nombre_Localidad":"10","Frecuencia":"Martes","Dirección":"Calle 73 Carrera 69j","Observación":"ACTIVO"}},
{"type":"Feature","geometry":{"type":"Point","coordinates":[-74.07487517,4.67241494]},"properties":{"GmlID":"Puntos_Criticos_Arrojo_Clandestino_Residuos.391","OBJECTID":391,"Nombre_Localidad":"12","Frecuencia":"Miercoles","Dirección":"Carrera 55  Calle 75","Observación":"ACTIVO"}},
{"type":"Feature","geometry":{"type":"Point","coordinates":[-74.07671751,4.67123349]},"properties":{"GmlID":"Puntos_Criticos_Arrojo_Clandestino_Residuos.392","OBJECTID":392,"Nombre_Localidad":"12","Frecuencia":"Martes - Jueves","Dirección":"Tranversal 56a Calle 73","Observación":"ACTIVO"}},
{"type":"Feature","geometry":{"type":"Point","coordinates":[-74.06312808,4.68381680]},"properties":{"GmlID":"Puntos_Criticos_Arrojo_Clandestino_Residuos.393","OBJECTID":393,"Nombre_Localidad":"12","Frecuencia":"Sabado","Dirección":"Carrera 56 Calle 94c","Observación":"ACTIVO"}},
{"type":"Feature","geometry":{"type":"Point","coordinates":[-74.11605725,4.69409537]},"properties":{"GmlID":"Puntos_Criticos_Arrojo_Clandestino_Residuos.394","OBJECTID":394,"Nombre_Localidad":"10","Frecuencia":"Martes - Jueves - Sabado","Dirección":"Calle 66aCarrera 94","Observación":"ACTIVO"}},
{"type":"Feature","geometry":{"type":"Point","coordinates":[-74.12628932,4.70168355]},"properties":{"GmlID":"Puntos_Criticos_Arrojo_Clandestino_Residuos.395","OBJECTID":395,"Nombre_Localidad":"10","Frecuencia":"Miercoles","Dirección":"Carrera 106a Calle 67a","Observación":"ACTIVO"}},
{"type":"Feature","geometry":{"type":"Point","coordinates":[-74.08611800,4.67782600]},"properties":{"GmlID":"Puntos_Criticos_Arrojo_Clandestino_Residuos.396","OBJECTID":396,"Nombre_Localidad":"10","Frecuencia":"Sabado","Dirección":"Carrera 68 Calle 72","Observación":"ACTIVO"}},
{"type":"Feature","geometry":{"type":"Point","coordinates":[-74.11379067,4.69222753]},"properties":{"GmlID":"Puntos_Criticos_Arrojo_Clandestino_Residuos.397","OBJECTID":397,"Nombre_Localidad":"10","Frecuencia":"Martes - Jueves","Dirección":"Carrera 91 Calle 66a","Observación":"ACTIVO"}},
{"type":"Feature","geometry":{"type":"Point","coordinates":[-74.09824104,4.71738988]},"properties":{"GmlID":"Puntos_Criticos_Arrojo_Clandestino_Residuos.398","OBJECTID":398,"Nombre_Localidad":"10","Frecuencia":"Martes","Dirección":"Carrera 95  Calle 95","Observación":"ACTIVO"}},
{"type":"Feature","geometry":{"type":"Point","coordinates":[-74.12178710,4.72069657]},"properties":{"GmlID":"Puntos_Criticos_Arrojo_Clandestino_Residuos.399","OBJECTID":399,"Nombre_Localidad":"10","Frecuencia":"Viernes","Dirección":"Carrera 114  Calle 79","Observación":"ACTIVO"}},
{"type":"Feature","geometry":{"type":"Point","coordinates":[-74.12271143,4.69761299]},"properties":{"GmlID":"Puntos_Criticos_Arrojo_Clandestino_Residuos.400","OBJECTID":400,"Nombre_Localidad":"10","Frecuencia":"Martes","Dirección":"Carrera 101 Calle 66A","Observación":"ACTIVO"}},
{"type":"Feature","geometry":{"type":"Point","coordinates":[-74.11226688,4.70443293]},"properties":{"GmlID":"Puntos_Criticos_Arrojo_Clandestino_Residuos.401","OBJECTID":401,"Nombre_Localidad":"10","Frecuencia":"Miercoles - Viernes","Dirección":"Carrera 96 Calle 74a","Observación":"ACTIVO"}},
{"type":"Feature","geometry":{"type":"Point","coordinates":[-74.09718789,4.68915535]},"properties":{"GmlID":"Puntos_Criticos_Arrojo_Clandestino_Residuos.402","OBJECTID":402,"Nombre_Localidad":"10","Frecuencia":"Martes","Dirección":"Avenida Calle 72 Carrrera 74","Observación":"ACTIVO"}},
{"type":"Feature","geometry":{"type":"Point","coordinates":[-74.11915985,4.70785624]},"properties":{"GmlID":"Puntos_Criticos_Arrojo_Clandestino_Residuos.403","OBJECTID":403,"Nombre_Localidad":"10","Frecuencia":"Viernes","Dirección":"Calle 73  Carrera 105a","Observación":"ACTIVO"}},
{"type":"Feature","geometry":{"type":"Point","coordinates":[-74.12392240,4.69472423]},"properties":{"GmlID":"Puntos_Criticos_Arrojo_Clandestino_Residuos.404","OBJECTID":404,"Nombre_Localidad":"10","Frecuencia":"Martes","Dirección":"Transversal 103 Calle 63","Observación":"ACTIVO"}},
{"type":"Feature","geometry":{"type":"Point","coordinates":[-74.12012425,4.71419738]},"properties":{"GmlID":"Puntos_Criticos_Arrojo_Clandestino_Residuos.405","OBJECTID":405,"Nombre_Localidad":"10","Frecuencia":"Viernes","Dirección":"Carrera 109a  Calle 77c","Observación":"ACTIVO"}},
{"type":"Feature","geometry":{"type":"Point","coordinates":[-74.13369762,4.70786586]},"properties":{"GmlID":"Puntos_Criticos_Arrojo_Clandestino_Residuos.406","OBJECTID":406,"Nombre_Localidad":"10","Frecuencia":"Lunes","Dirección":"Carrera 112d Calle 68b","Observación":"ACTIVO"}},
{"type":"Feature","geometry":{"type":"Point","coordinates":[-74.08879390,4.69490995]},"properties":{"GmlID":"Puntos_Criticos_Arrojo_Clandestino_Residuos.407","OBJECTID":407,"Nombre_Localidad":"10","Frecuencia":"Martes","Dirección":"Avenida Carrera 72 Avenida Calle 80","Observación":"ACTIVO"}},
{"type":"Feature","geometry":{"type":"Point","coordinates":[-74.13130482,4.71074667]},"properties":{"GmlID":"Puntos_Criticos_Arrojo_Clandestino_Residuos.408","OBJECTID":408,"Nombre_Localidad":"10","Frecuencia":"Lunes","Dirección":"Carrera 113 Calle 70c","Observación":"ACTIVO"}},
{"type":"Feature","geometry":{"type":"Point","coordinates":[-74.12851919,4.70149995]},"properties":{"GmlID":"Puntos_Criticos_Arrojo_Clandestino_Residuos.409","OBJECTID":409,"Nombre_Localidad":"10","Frecuencia":"Miercoles","Dirección":"Carrera 108  Calle 65a","Observación":"ACTIVO"}},
{"type":"Feature","geometry":{"type":"Point","coordinates":[-74.11277086,4.69187700]},"properties":{"GmlID":"Puntos_Criticos_Arrojo_Clandestino_Residuos.410","OBJECTID":410,"Nombre_Localidad":"10","Frecuencia":"Martes - Jueves","Dirección":"Calle 66a Carrera 91","Observación":"ACTIVO"}},
{"type":"Feature","geometry":{"type":"Point","coordinates":[-74.11537800,4.69759445]},"properties":{"GmlID":"Puntos_Criticos_Arrojo_Clandestino_Residuos.411","OBJECTID":411,"Nombre_Localidad":"10","Frecuencia":"Miercoles - Viernes","Dirección":"Carrera 96 Calle 69b","Observación":"ACTIVO"}},
{"type":"Feature","geometry":{"type":"Point","coordinates":[-74.10637298,4.71482264]},"properties":{"GmlID":"Puntos_Criticos_Arrojo_Clandestino_Residuos.412","OBJECTID":412,"Nombre_Localidad":"10","Frecuencia":"Jueves","Dirección":"Carrera 95  Calle 86","Observación":"ACTIVO"}},
{"type":"Feature","geometry":{"type":"Point","coordinates":[-74.09835301,4.71499848]},"properties":{"GmlID":"Puntos_Criticos_Arrojo_Clandestino_Residuos.413","OBJECTID":413,"Nombre_Localidad":"10","Frecuencia":"Viernes","Dirección":"Calle 90a Carrera 94 g","Observación":"ACTIVO"}},
{"type":"Feature","geometry":{"type":"Point","coordinates":[-74.11709717,4.69453050]},"properties":{"GmlID":"Puntos_Criticos_Arrojo_Clandestino_Residuos.414","OBJECTID":414,"Nombre_Localidad":"10","Frecuencia":"Martes","Dirección":"Calle 66a Transversal 96","Observación":"ACTIVO"}},
{"type":"Feature","geometry":{"type":"Point","coordinates":[-74.09296864,4.67565544]},"properties":{"GmlID":"Puntos_Criticos_Arrojo_Clandestino_Residuos.415","OBJECTID":415,"Nombre_Localidad":"10","Frecuencia":"Sabado","Dirección":"Avenida Calle 66 Carrera 69a","Observación":"ACTIVO"}},
{"type":"Feature","geometry":{"type":"Point","coordinates":[-74.14381118,4.71725569]},"properties":{"GmlID":"Puntos_Criticos_Arrojo_Clandestino_Residuos.416","OBJECTID":416,"Nombre_Localidad":"10","Frecuencia":"Lunes","Dirección":"Calle 63l Carrera 126a","Observación":"ACTIVO"}},
{"type":"Feature","geometry":{"type":"Point","coordinates":[-74.10851550,4.70456100]},"properties":{"GmlID":"Puntos_Criticos_Arrojo_Clandestino_Residuos.417","OBJECTID":417,"Nombre_Localidad":"10","Frecuencia":"Viernes","Dirección":"Calle 75c  Carrera 93a","Observación":"ACTIVO"}},
{"type":"Feature","geometry":{"type":"Point","coordinates":[-74.08998426,4.69059310]},"properties":{"GmlID":"Puntos_Criticos_Arrojo_Clandestino_Residuos.418","OBJECTID":418,"Nombre_Localidad":"10","Frecuencia":"Martes","Dirección":"Transversal 71 bis Calle 75b","Observación":"ACTIVO"}},
{"type":"Feature","geometry":{"type":"Point","coordinates":[-74.07611409,4.67522529]},"properties":{"GmlID":"Puntos_Criticos_Arrojo_Clandestino_Residuos.419","OBJECTID":419,"Nombre_Localidad":"12","Frecuencia":"Miercoles - Viernes","Dirección":"Calle 77  Carrera 56a","Observación":"ACTIVO"}},
{"type":"Feature","geometry":{"type":"Point","coordinates":[-74.07532617,4.67480334]},"properties":{"GmlID":"Puntos_Criticos_Arrojo_Clandestino_Residuos.420","OBJECTID":420,"Nombre_Localidad":"12","Frecuencia":"Martes - Jueves","Dirección":"Diagonal 76a Transversal 56a","Observación":"ACTIVO"}},
{"type":"Feature","geometry":{"type":"Point","coordinates":[-74.07276785,4.66140123]},"properties":{"GmlID":"Puntos_Criticos_Arrojo_Clandestino_Residuos.421","OBJECTID":421,"Nombre_Localidad":"12","Frecuencia":"Jueves","Dirección":"Avenida Calle 68 Carrera 27c","Observación":"ACTIVO"}},
{"type":"Feature","geometry":{"type":"Point","coordinates":[-74.06959482,4.68233139]},"properties":{"GmlID":"Puntos_Criticos_Arrojo_Clandestino_Residuos.422","OBJECTID":422,"Nombre_Localidad":"12","Frecuencia":"Sabado","Dirección":"Calle 90  Carrera 60d","Observación":"ACTIVO"}},
{"type":"Feature","geometry":{"type":"Point","coordinates":[-74.08781280,4.68504810]},"properties":{"GmlID":"Puntos_Criticos_Arrojo_Clandestino_Residuos.423","OBJECTID":423,"Nombre_Localidad":"10","Frecuencia":"Martes","Dirección":"Carrera 69k  Calle 74b","Observación":"ACTIVO"}},
{"type":"Feature","geometry":{"type":"Point","coordinates":[-74.09765699,4.67954642]},"properties":{"GmlID":"Puntos_Criticos_Arrojo_Clandestino_Residuos.424","OBJECTID":424,"Nombre_Localidad":"10","Frecuencia":"Jueves","Dirección":"Carrera 71  Calle 66a","Observación":"ACTIVO"}},
{"type":"Feature","geometry":{"type":"Point","coordinates":[-74.10289438,4.71172732]},"properties":{"GmlID":"Puntos_Criticos_Arrojo_Clandestino_Residuos.425","OBJECTID":425,"Nombre_Localidad":"10","Frecuencia":"Miercoles - Viernes","Dirección":"Calle 86 con Transversal 94l","Observación":"ACTIVO"}},
{"type":"Feature","geometry":{"type":"Point","coordinates":[-74.09858512,4.68743879]},"properties":{"GmlID":"Puntos_Criticos_Arrojo_Clandestino_Residuos.426","OBJECTID":426,"Nombre_Localidad":"10","Frecuencia":"Martes","Dirección":"Carrera 74a Calle 71","Observación":"ACTIVO"}},
{"type":"Feature","geometry":{"type":"Point","coordinates":[-74.08727795,4.67776132]},"properties":{"GmlID":"Puntos_Criticos_Arrojo_Clandestino_Residuos.427","OBJECTID":427,"Nombre_Localidad":"10","Frecuencia":"Sabado","Dirección":"Carrera 68b Calle 71","Observación":"ACTIVO"}},
{"type":"Feature","geometry":{"type":"Point","coordinates":[-74.06268474,4.65920365]},"properties":{"GmlID":"Puntos_Criticos_Arrojo_Clandestino_Residuos.428","OBJECTID":428,"Nombre_Localidad":"12","Frecuencia":"Sabado","Dirección":"Calle 71a Carrera 14a","Observación":"ACTIVO"}},
{"type":"Feature","geometry":{"type":"Point","coordinates":[-74.07479269,4.65410241]},"properties":{"GmlID":"Puntos_Criticos_Arrojo_Clandestino_Residuos.429","OBJECTID":429,"Nombre_Localidad":"12","Frecuencia":"Sabado","Dirección":"Calle 63c Carrera 27b","Observación":"ACTIVO"}},
{"type":"Feature","geometry":{"type":"Point","coordinates":[-74.12255188,4.72850313]},"properties":{"GmlID":"Puntos_Criticos_Arrojo_Clandestino_Residuos.430","OBJECTID":430,"Nombre_Localidad":"10","Frecuencia":"Viernes","Dirección":"Carrera 119  Calle 82","Observación":"ACTIVO"}},
{"type":"Feature","geometry":{"type":"Point","coordinates":[-74.09853508,4.67405106]},"properties":{"GmlID":"Puntos_Criticos_Arrojo_Clandestino_Residuos.431","OBJECTID":431,"Nombre_Localidad":"10","Frecuencia":"Sabado","Dirección":"Avenida Carrera 70  Calle 64b","Observación":"ACTIVO"}},
{"type":"Feature","geometry":{"type":"Point","coordinates":[-74.13165200,4.72052144]},"properties":{"GmlID":"Puntos_Criticos_Arrojo_Clandestino_Residuos.432","OBJECTID":432,"Nombre_Localidad":"10","Frecuencia":"Miercoles - Viernes","Dirección":"Calle 77  Carrera 119c","Observación":"ACTIVO"}},
{"type":"Feature","geometry":{"type":"Point","coordinates":[-74.07070818,4.67542836]},"properties":{"GmlID":"Puntos_Criticos_Arrojo_Clandestino_Residuos.433","OBJECTID":433,"Nombre_Localidad":"12","Frecuencia":"Sabado","Dirección":"Avenida Calle 80 Carrera 53","Observación":"ACTIVO"}},
{"type":"Feature","geometry":{"type":"Point","coordinates":[-74.08322960,4.67818492]},"properties":{"GmlID":"Puntos_Criticos_Arrojo_Clandestino_Residuos.434","OBJECTID":434,"Nombre_Localidad":"12","Frecuencia":"Miercoles","Dirección":"Carrera 66 Calle 74a","Observación":"ACTIVO"}},
{"type":"Feature","geometry":{"type":"Point","coordinates":[-74.07762307,4.68022062]},"properties":{"GmlID":"Puntos_Criticos_Arrojo_Clandestino_Residuos.435","OBJECTID":435,"Nombre_Localidad":"12","Frecuencia":"Jueves","Dirección":"Diagonal 79b Carrera 63","Observación":"ACTIVO"}},
{"type":"Feature","geometry":{"type":"Point","coordinates":[-74.12857612,4.71035317]},"properties":{"GmlID":"Puntos_Criticos_Arrojo_Clandestino_Residuos.436","OBJECTID":436,"Nombre_Localidad":"10","Frecuencia":"Lunes","Dirección":"Carrera 111c Calle 71","Observación":"ACTIVO"}},
{"type":"Feature","geometry":{"type":"Point","coordinates":[-74.10736875,4.73892540]},"properties":{"GmlID":"Puntos_Criticos_Arrojo_Clandestino_Residuos.437","OBJECTID":437,"Nombre_Localidad":"11","Frecuencia":"Lunes a Sabado","Dirección":"CALLE 132 CON CARRERA 124","Observación":"ACTIVO"}},
{"type":"Feature","geometry":{"type":"Point","coordinates":[-74.12997160,4.74359884]},"properties":{"GmlID":"Puntos_Criticos_Arrojo_Clandestino_Residuos.438","OBJECTID":438,"Nombre_Localidad":"11","Frecuencia":"Lunes a Sabado","Dirección":"CARRERA 160 CON CALLE 136F","Observación":"ACTIVO"}},
{"type":"Feature","geometry":{"type":"Point","coordinates":[-74.09854224,4.75806035]},"properties":{"GmlID":"Puntos_Criticos_Arrojo_Clandestino_Residuos.439","OBJECTID":439,"Nombre_Localidad":"11","Frecuencia":"Lunes a Sabado","Dirección":"CALLE 153 CON CARRERA 114b","Observación":"ACTIVO"}},
{"type":"Feature","geometry":{"type":"Point","coordinates":[-74.09601002,4.74234444]},"properties":{"GmlID":"Puntos_Criticos_Arrojo_Clandestino_Residuos.440","OBJECTID":440,"Nombre_Localidad":"11","Frecuencia":"Lunes a Sabado","Dirección":"CALLE 140A CON CARRERA 103B","Observación":"ACTIVO"}},
{"type":"Feature","geometry":{"type":"Point","coordinates":[-74.09935327,4.74598806]},"properties":{"GmlID":"Puntos_Criticos_Arrojo_Clandestino_Residuos.441","OBJECTID":441,"Nombre_Localidad":"11","Frecuencia":"Lunes a Sabado","Dirección":"CALLE 142 CON 108b","Observación":"ACTIVO"}},
{"type":"Feature","geometry":{"type":"Point","coordinates":[-74.12494397,4.74350861]},"properties":{"GmlID":"Puntos_Criticos_Arrojo_Clandestino_Residuos.442","OBJECTID":442,"Nombre_Localidad":"11","Frecuencia":"Lunes a Sabado","Dirección":"CALLE 135 CON KR 154","Observación":"ACTIVO"}},
{"type":"Feature","geometry":{"type":"Point","coordinates":[-74.05775350,4.75496345]},"properties":{"GmlID":"Puntos_Criticos_Arrojo_Clandestino_Residuos.443","OBJECTID":443,"Nombre_Localidad":"11","Frecuencia":"Lunes a Sabado","Dirección":"CARRERA 58 ENTRE 170 Y 175","Observación":"ACTIVO"}},
{"type":"Feature","geometry":{"type":"Point","coordinates":[-74.08817020,4.75491096]},"properties":{"GmlID":"Puntos_Criticos_Arrojo_Clandestino_Residuos.444","OBJECTID":444,"Nombre_Localidad":"11","Frecuencia":"Lunes a Sabado","Dirección":"CARRERA 101 CON CALLE 155","Observación":"ACTIVO"}},
{"type":"Feature","geometry":{"type":"Point","coordinates":[-74.10645621,4.74450468]},"properties":{"GmlID":"Puntos_Criticos_Arrojo_Clandestino_Residuos.445","OBJECTID":445,"Nombre_Localidad":"11","Frecuencia":"Lunes a Sabado","Dirección":"CARRERA 118 CON CALLE 139 ESQUINA","Observación":"ACTIVO"}},
{"type":"Feature","geometry":{"type":"Point","coordinates":[-74.08669385,4.75336112]},"properties":{"GmlID":"Puntos_Criticos_Arrojo_Clandestino_Residuos.446","OBJECTID":446,"Nombre_Localidad":"11","Frecuencia":"Lunes a Sabado","Dirección":"CARRERA 99  CON CALLE 154","Observación":"ACTIVO"}},
{"type":"Feature","geometry":{"type":"Point","coordinates":[-74.10341001,4.73367730]},"properties":{"GmlID":"Puntos_Criticos_Arrojo_Clandestino_Residuos.447","OBJECTID":447,"Nombre_Localidad":"11","Frecuencia":"Lunes a Sabado","Dirección":"CALLE 130B CON CARRERA 118","Observación":"ACTIVO"}},
{"type":"Feature","geometry":{"type":"Point","coordinates":[-74.06875408,4.71854107]},"properties":{"GmlID":"Puntos_Criticos_Arrojo_Clandestino_Residuos.448","OBJECTID":448,"Nombre_Localidad":"11","Frecuencia":"Lunes a Sabado","Dirección":"CARRERA 58 ENTRE 127 Y 134","Observación":"ACTIVO"}},
{"type":"Feature","geometry":{"type":"Point","coordinates":[-74.06189800,4.71656100]},"properties":{"GmlID":"Puntos_Criticos_Arrojo_Clandestino_Residuos.449","OBJECTID":449,"Nombre_Localidad":"11","Frecuencia":"Lunes a Sabado","Dirección":"CALLE 129 CON CARRERA 54","Observación":"ACTIVO"}},
{"type":"Feature","geometry":{"type":"Point","coordinates":[-74.06394000,4.71409000]},"properties":{"GmlID":"Puntos_Criticos_Arrojo_Clandestino_Residuos.450","OBJECTID":450,"Nombre_Localidad":"11","Frecuencia":"Lunes a Sabado","Dirección":"CARRERA 55 CON CALLE 128A","Observación":"ACTIVO"}},
{"type":"Feature","geometry":{"type":"Point","coordinates":[-74.04758329,4.75041168]},"properties":{"GmlID":"Puntos_Criticos_Arrojo_Clandestino_Residuos.451","OBJECTID":451,"Nombre_Localidad":"11","Frecuencia":"Lunes a Sabado","Dirección":"CALLE 169 CON CARRERA 45A","Observación":"ACTIVO"}},
{"type":"Feature","geometry":{"type":"Point","coordinates":[-74.05932395,4.74851633]},"properties":{"GmlID":"Puntos_Criticos_Arrojo_Clandestino_Residuos.452","OBJECTID":452,"Nombre_Localidad":"11","Frecuencia":"Lunes a Sabado","Dirección":"CARRERA 58 CON CALLE 166","Observación":"ACTIVO"}},
{"type":"Feature","geometry":{"type":"Point","coordinates":[-74.09924734,4.73093931]},"properties":{"GmlID":"Puntos_Criticos_Arrojo_Clandestino_Residuos.453","OBJECTID":453,"Nombre_Localidad":"11","Frecuencia":"Lunes a Sabado","Dirección":"CARRERA 102A CON CALLE 129D","Observación":"ACTIVO"}},
{"type":"Feature","geometry":{"type":"Point","coordinates":[-74.09015600,4.73872500]},"properties":{"GmlID":"Puntos_Criticos_Arrojo_Clandestino_Residuos.454","OBJECTID":454,"Nombre_Localidad":"11","Frecuencia":"Lunes a Sabado","Dirección":"CARRERA 96A CON CALLE 139","Observación":"ACTIVO"}},
{"type":"Feature","geometry":{"type":"Point","coordinates":[-74.08478100,4.75796000]},"properties":{"GmlID":"Puntos_Criticos_Arrojo_Clandestino_Residuos.455","OBJECTID":455,"Nombre_Localidad":"11","Frecuencia":"Lunes a Sabado","Dirección":"CARRERA 99 CON CALLE 159","Observación":"ACTIVO"}},
{"type":"Feature","geometry":{"type":"Point","coordinates":[-74.09046340,4.75772348]},"properties":{"GmlID":"Puntos_Criticos_Arrojo_Clandestino_Residuos.456","OBJECTID":456,"Nombre_Localidad":"11","Frecuencia":"Lunes a Sabado","Dirección":"AV. CIUDAD DE CALI CON CALLE 162","Observación":"ACTIVO"}},
{"type":"Feature","geometry":{"type":"Point","coordinates":[-74.09013503,4.72026919]},"properties":{"GmlID":"Puntos_Criticos_Arrojo_Clandestino_Residuos.457","OBJECTID":457,"Nombre_Localidad":"11","Frecuencia":"Lunes a Sabado","Dirección":"CARRERA 91 CON CALLE 128 BIS","Observación":"ACTIVO"}},
{"type":"Feature","geometry":{"type":"Point","coordinates":[-74.09675894,4.72904494]},"properties":{"GmlID":"Puntos_Criticos_Arrojo_Clandestino_Residuos.458","OBJECTID":458,"Nombre_Localidad":"11","Frecuencia":"Lunes a Sabado","Dirección":"CALLE 129C CON CARRERAS 99A","Observación":"ACTIVO"}},
{"type":"Feature","geometry":{"type":"Point","coordinates":[-74.08727364,4.72693644]},"properties":{"GmlID":"Puntos_Criticos_Arrojo_Clandestino_Residuos.459","OBJECTID":459,"Nombre_Localidad":"11","Frecuencia":"Lunes a Sabado","Dirección":"CARRERA 89 CON CALLE 130D","Observación":"ACTIVO"}},
{"type":"Feature","geometry":{"type":"Point","coordinates":[-74.11987064,4.74809451]},"properties":{"GmlID":"Puntos_Criticos_Arrojo_Clandestino_Residuos.460","OBJECTID":460,"Nombre_Localidad":"11","Frecuencia":"Lunes a Sabado","Dirección":"CALLE 142 CON CARRERA 148B","Observación":"ACTIVO"}},
{"type":"Feature","geometry":{"type":"Point","coordinates":[-74.11929176,4.75064034]},"properties":{"GmlID":"Puntos_Criticos_Arrojo_Clandestino_Residuos.461","OBJECTID":461,"Nombre_Localidad":"11","Frecuencia":"Lunes a Sabado","Dirección":"CARRERA 149A CON CALLE 142C","Observación":"ACTIVO"}},
{"type":"Feature","geometry":{"type":"Point","coordinates":[-74.11638443,4.74084115]},"properties":{"GmlID":"Puntos_Criticos_Arrojo_Clandestino_Residuos.462","OBJECTID":462,"Nombre_Localidad":"11","Frecuencia":"Lunes a Sabado","Dirección":"CALLE 130A CON CARRERA 135","Observación":"ACTIVO"}},
{"type":"Feature","geometry":{"type":"Point","coordinates":[-74.11258890,4.74656350]},"properties":{"GmlID":"Puntos_Criticos_Arrojo_Clandestino_Residuos.463","OBJECTID":463,"Nombre_Localidad":"11","Frecuencia":"Lunes a Sabado","Dirección":"CALLE 139 CON CARRERA 127B A LA CARRERA 132","Observación":"ACTIVO"}},
{"type":"Feature","geometry":{"type":"Point","coordinates":[-74.11344000,4.74747700]},"properties":{"GmlID":"Puntos_Criticos_Arrojo_Clandestino_Residuos.464","OBJECTID":464,"Nombre_Localidad":"11","Frecuencia":"Lunes a Sabado","Dirección":"CARRERA 136A CON CALLE 142","Observación":"ACTIVO"}},
{"type":"Feature","geometry":{"type":"Point","coordinates":[-74.11317506,4.74191313]},"properties":{"GmlID":"Puntos_Criticos_Arrojo_Clandestino_Residuos.465","OBJECTID":465,"Nombre_Localidad":"11","Frecuencia":"Lunes a Sabado","Dirección":"CALLE 132B CON CARRERA 129A","Observación":"ACTIVO"}},
{"type":"Feature","geometry":{"type":"Point","coordinates":[-74.11464815,4.74913769]},"properties":{"GmlID":"Puntos_Criticos_Arrojo_Clandestino_Residuos.466","OBJECTID":466,"Nombre_Localidad":"11","Frecuencia":"Lunes a Sabado","Dirección":"CALLE 142B BIS CON CARRERA 141","Observación":"ACTIVO"}},
{"type":"Feature","geometry":{"type":"Point","coordinates":[-74.10418288,4.73184084]},"properties":{"GmlID":"Puntos_Criticos_Arrojo_Clandestino_Residuos.467","OBJECTID":467,"Nombre_Localidad":"11","Frecuencia":"Lunes a Sabado","Dirección":"CARRERA 119D CON CALLE 129","Observación":"ACTIVO"}},
{"type":"Feature","geometry":{"type":"Point","coordinates":[-74.05382985,4.71896821]},"properties":{"GmlID":"Puntos_Criticos_Arrojo_Clandestino_Residuos.468","OBJECTID":468,"Nombre_Localidad":"11","Frecuencia":"Lunes a Sabado","Dirección":"CALLE 134 CON CARRERA 46","Observación":"ACTIVO"}},
{"type":"Feature","geometry":{"type":"Point","coordinates":[-74.10079448,4.72982358]},"properties":{"GmlID":"Puntos_Criticos_Arrojo_Clandestino_Residuos.469","OBJECTID":469,"Nombre_Localidad":"11","Frecuencia":"Lunes a Sabado","Dirección":"AVENIDA CIUDAD DE CALI CON CRA 91 HASTA CLL 129","Observación":"ACTIVO"}},
{"type":"Feature","geometry":{"type":"Point","coordinates":[-74.10900552,4.73291900]},"properties":{"GmlID":"Puntos_Criticos_Arrojo_Clandestino_Residuos.470","OBJECTID":470,"Nombre_Localidad":"11","Frecuencia":"Lunes a Sabado","Dirección":"DIAGONAL 129B CON CARRERA 122C BIS","Observación":"ACTIVO"}},
{"type":"Feature","geometry":{"type":"Point","coordinates":[-74.11700438,4.74789625]},"properties":{"GmlID":"Puntos_Criticos_Arrojo_Clandestino_Residuos.471","OBJECTID":471,"Nombre_Localidad":"11","Frecuencia":"Lunes a Sabado","Dirección":"CALLE 142 CON CARRERA 145","Observación":"ACTIVO"}},
{"type":"Feature","geometry":{"type":"Point","coordinates":[-74.11719563,4.74718727]},"properties":{"GmlID":"Puntos_Criticos_Arrojo_Clandestino_Residuos.472","OBJECTID":472,"Nombre_Localidad":"11","Frecuencia":"Lunes a Sabado","Dirección":"CALLE 139 CON CARRERA 145","Observación":"ACTIVO"}},
{"type":"Feature","geometry":{"type":"Point","coordinates":[-74.11355858,4.75677967]},"properties":{"GmlID":"Puntos_Criticos_Arrojo_Clandestino_Residuos.473","OBJECTID":473,"Nombre_Localidad":"11","Frecuencia":"Lunes a Sabado","Dirección":"CARRERA 141B CON DIAGONAL 149","Observación":"ACTIVO"}},
{"type":"Feature","geometry":{"type":"Point","coordinates":[-74.05876020,4.71159849]},"properties":{"GmlID":"Puntos_Criticos_Arrojo_Clandestino_Residuos.474","OBJECTID":474,"Nombre_Localidad":"11","Frecuencia":"Lunes a Sabado","Dirección":"CARRERA 51A CALLE 127C","Observación":"ACTIVO"}},
{"type":"Feature","geometry":{"type":"Point","coordinates":[-74.05464777,4.71906424]},"properties":{"GmlID":"Puntos_Criticos_Arrojo_Clandestino_Residuos.475","OBJECTID":475,"Nombre_Localidad":"11","Frecuencia":"Lunes a Sabado","Dirección":"CALLE 134 CON CARRERA 47 COSTADO","Observación":"ACTIVO"}},
{"type":"Feature","geometry":{"type":"Point","coordinates":[-74.08758318,4.72459166]},"properties":{"GmlID":"Puntos_Criticos_Arrojo_Clandestino_Residuos.476","OBJECTID":476,"Nombre_Localidad":"11","Frecuencia":"Lunes a Sabado","Dirección":"CALLE 129C CON CARRERA 88 D","Observación":"ACTIVO"}},
{"type":"Feature","geometry":{"type":"Point","coordinates":[-74.10212071,4.73686865]},"properties":{"GmlID":"Puntos_Criticos_Arrojo_Clandestino_Residuos.477","OBJECTID":477,"Nombre_Localidad":"11","Frecuencia":"Lunes a Sabado","Dirección":"CALLE 132 CON CARRERA 107B","Observación":"ACTIVO"}},
{"type":"Feature","geometry":{"type":"Point","coordinates":[-74.10770833,4.74654694]},"properties":{"GmlID":"Puntos_Criticos_Arrojo_Clandestino_Residuos.478","OBJECTID":478,"Nombre_Localidad":"11","Frecuencia":"Lunes a Sabado","Dirección":"TRANSVERSAL 127 CON DIAGONAL 140 AL OCCIDENTE DEL CAÑO","Observación":"ACTIVO"}}
]}