id_celda,num_reportes,num_puntos_criticos,num_cestas,tiene_macroruta,dist_cesta_mas_cercana,dist_punto_critico,target_riesgo
C00060,0.0,0.0,0.0,1,238.01028473099345,218.1835629699758,1
C00061,0.0,1.0,0.0,1,186.46359949402623,143.8423003949768,1
C00062,0.0,0.0,0.0,1,371.3271398518657,340.10675833034196,1
C00065,0.0,0.0,0.0,1,719.8914609693054,1048.432089259123,1
C00066,0.0,0.0,0.0,1,593.0830194235463,999.8640103014035,1
C00069,0.0,0.0,0.0,1,752.2394658316863,723.959283539822,1
C00070,0.0,0.0,0.0,1,780.1585030123592,726.1423842459409,1
C00187,0.0,0.0,0.0,1,187.34586802970918,190.92823051725017,1
C00188,0.0,1.0,20.0,1,45.050279596333375,134.17568691594465,1
C00189,0.0,2.0,22.0,1,76.65441817429016,90.22061055130959,1
C00190,0.0,1.0,4.0,1,115.53279033785809,65.57179351245415,1
C00191,0.0,0.0,0.0,1,341.26556545585566,286.6101993065354,1
C00192,0.0,0.0,0.0,1,587.0064281492652,533.8456261772909,1
C00193,0.0,0.0,0.0,1,771.0479782320537,782.8389993036345,1
C00194,0.0,0.0,0.0,1,550.4815238138601,944.628479999922,1
C00195,0.0,0.0,0.0,1,369.5126823527148,782.4096048377695,1
C00199,0.0,0.0,0.0,1,543.6402414284985,482.389005778498,1
C00315,0.0,0.0,0.0,1,170.80564368334026,134.71823878056472,1
C00316,0.0,0.0,36.0,1,17.375149653033894,219.89319198657654,1
C00317,0.0,0.0,42.0,1,51.97814635996419,172.92351382320103,1
C00318,0.0,0.0,34.0,1,3.245701596903331,164.08279627682924,1
C00319,0.0,0.0,0.0,1,180.0799837455274,247.39688619433917,1
C00320,0.0,0.0,0.0,1,417.8303765348356,416.6751800036693,1
C00322,0.0,0.0,0.0,1,710.1374998338636,839.2316117230536,1
C00323,0.0,0.0,0.0,1,461.31355063013547,793.5740141116975,1
C00324,0.0,0.0,0.0,1,215.23270039581496,591.2711225730411,1
C00325,0.0,0.0,8.0,1,69.53796993352323,440.9573277588387,1
C00328,0.0,0.0,0.0,1,327.78367009109354,251.2280708709837,1
C00329,0.0,0.0,0.0,1,416.5889692708243,437.3571327513057,1
C00443,0.0,0.0,0.0,1,316.8795721929709,301.17730703868193,1
C00444,0.0,1.0,6.0,1,103.52412966180614,121.10028622037645,1
C00445,0.0,0.0,36.0,1,53.251175295201875,252.23558109482036,1
C00446,0.0,0.0,26.0,1,43.67333314867356,408.4139668358074,1
C00447,0.0,0.0,20.0,1,109.25009416980478,413.16651546294963,1
C00448,0.0,0.0,0.0,1,321.20706352044084,471.2537208378384,1
C00449,0.0,0.0,0.0,1,492.985896606541,596.793219525892,1
C00450,0.0,0.0,0.0,1,635.5637240758507,770.0238640183435,1
C00451,0.0,0.0,0.0,1,622.2393926028132,947.2880459523969,1
C00452,0.0,0.0,0.0,1,454.19355885147684,701.5671503995482,1
C00453,0.0,0.0,0.0,1,258.18175973581134,460.47615685849985,1
C00454,0.0,0.0,24.0,1,26.85052661823084,238.4955252213455,1
C00455,0.0,0.0,0.0,1,172.48121629072253,163.4684681094097,1
C00456,0.0,1.0,18.0,1,39.430660923721625,123.96054338480847,1
C00457,0.0,0.0,8.0,1,94.23610522037917,136.13204725979924,1
C00458,0.0,0.0,0.0,1,167.86159108760643,256.7018476769606,1
C00570,0.0,0.0,0.0,1,433.65953811178105,693.9387981619518,1
C00571,0.0,0.0,0.0,1,383.1852517370159,642.8580999645316,1
C00572,0.0,0.0,0.0,1,284.6791893909211,460.6778112060449,1
C00573,0.0,0.0,2.0,1,138.00610623141534,369.0278509613833,1
C00574,0.0,0.0,12.0,1,45.724516944429126,299.41763197738146,1
C00575,0.0,0.0,39.0,1,19.106706308573894,312.31020997206093,1
C00576,0.0,0.0,51.0,1,2.785677746836284,480.0254328331396,1
C00577,0.0,0.0,2.0,1,143.903688352006,676.3792542761195,1
C00578,0.0,0.0,0.0,1,325.9263890284899,659.5363239386596,1
C00579,0.0,0.0,0.0,1,392.13365979879603,733.1353419212046,1
C00580,0.0,0.0,0.0,1,505.8422945845384,760.4095816869169,1
C00581,0.0,0.0,0.0,1,273.8506499119277,623.3400316317658,1
C00582,0.0,0.0,0.0,1,138.22013400263,446.62628861450077,1
C00583,0.0,0.0,0.0,1,142.8182730768519,210.51571484569746,1
C00584,0.0,1.0,2.0,1,118.004382755029,118.99029671543245,1
C00585,0.0,0.0,54.0,1,6.291668225795639,252.40479147730153,1
C00586,0.0,0.0,40.0,1,10.949270961023853,160.31539988666685,1
C00587,0.0,1.0,26.0,1,37.198988745698564,38.67635579061019,1
C00588,0.0,0.0,0.0,1,188.3812438415711,211.54490178395517,1
C00699,0.0,0.0,0.0,1,216.3004241670818,453.20021388282225,1
C00700,0.0,0.0,2.0,1,160.55065031399803,438.64978611969866,1
C00701,0.0,0.0,24.0,1,71.20379736130282,509.0919685288357,1
C00702,0.0,0.0,26.0,1,3.562579394676084,360.3778510328487,1
C00703,0.0,1.0,16.0,1,84.78088685142811,112.95549755945605,1
C00704,0.0,0.0,39.0,1,55.63773753065865,143.68609307359725,1
C00705,0.0,0.0,62.0,1,18.950426596694033,391.8321608247652,1
C00706,0.0,0.0,46.0,1,9.401263238028509,438.9254838111701,1
C00707,0.0,0.0,0.0,1,144.2516277212472,412.4982997762182,1
C00708,0.0,0.0,0.0,1,167.46767368038215,522.1629193055284,1
C00709,0.0,0.0,0.0,1,360.9601772436201,567.1249788114923,1
C00710,0.0,0.0,0.0,1,261.09044820483035,408.05334628420746,1
C00711,0.0,0.0,24.0,1,34.937706904178235,319.1200346690227,1
C00712,0.0,0.0,18.0,1,47.58929236390179,395.92122555299375,1
C00713,0.0,0.0,4.0,1,110.7504687368361,355.8025314114786,1
C00714,0.0,0.0,38.0,1,15.220005828775456,223.34760113708523,1
C00715,0.0,1.0,30.0,1,32.215670119957174,108.98164805971848,1
C00716,0.0,1.0,42.0,1,18.728785718237898,96.58934217822946,1
C00717,0.0,1.0,14.0,1,50.93916336857674,134.26845974338553,1
C00828,0.0,0.0,6.0,1,125.60813920918886,232.87295277128612,1
C00829,0.0,0.0,34.0,1,28.583511537008132,203.10837779825627,1
C00830,0.0,0.0,54.0,1,53.531112747143595,318.9948435775379,1
C00831,0.0,0.0,18.0,1,70.61545484946105,189.94037829411357,1
C00832,0.0,0.0,14.0,1,13.078765964418562,246.71232340291786,1
C00833,0.0,0.0,19.0,1,50.619398077772715,262.20930462650654,1
C00834,0.0,0.0,34.0,1,32.997923194622736,447.5745726504344,1
C00835,0.0,0.0,39.0,1,42.71028501377651,229.83094887899668,1
C00836,0.0,0.0,32.0,1,2.9647003000757572,174.13079004593354,1
C00837,0.0,0.0,10.0,1,68.90146385139722,308.5983049229094,1
C00838,0.0,0.0,0.0,1,200.50645033877612,334.3958341945837,1
C00839,0.0,0.0,0.0,1,268.33021715082344,263.5569611920505,1
C00840,0.0,1.0,14.0,1,39.852194690150775,69.22669215127124,1
C00841,0.0,0.0,12.0,1,76.90602253619431,255.1909050488002,1
C00842,0.0,0.0,2.0,1,106.3147221426833,462.60102106002944,1
C00843,0.0,0.0,36.0,1,12.636572187514886,342.5896908631568,1
C00844,0.0,0.0,56.0,1,40.10088625361203,282.2100635075394,1
C00845,0.0,0.0,46.0,1,31.212478557542457,220.1712788737547,1
C00846,0.0,1.0,14.0,1,18.673256790566498,29.832680369402638,1
C00957,0.0,0.0,6.0,1,138.9875877350926,167.53862361079453,1
C00958,0.0,1.0,14.0,1,91.90517046217337,122.85109442256108,1
C00959,0.0,0.0,12.0,1,72.06106017921822,263.326390697079,1
C00960,0.0,1.0,15.0,1,85.61560818947731,60.50144721412684,1
C00961,0.0,0.0,25.0,1,32.81964490666427,250.95828775407452,1
C00962,0.0,0.0,27.0,1,50.14570872410024,491.7944138790901,1
C00963,0.0,0.0,5.0,1,86.95450538328134,430.6851318619778,1
C00964,0.0,0.0,0.0,1,174.1192627346888,188.45552270487352,1
C00965,0.0,2.0,0.0,1,208.77536532226983,94.2293449386323,1
C00966,0.0,1.0,6.0,1,75.09412897545386,102.09185146743538,1
C00967,0.0,0.0,2.0,1,49.48685169872096,164.34842944624518,1
C00968,0.0,0.0,2.0,1,125.05028759665369,312.1169815499257,1
C00969,0.0,0.0,8.0,1,78.32457532155655,180.96152432286684,1
C00970,0.0,0.0,16.0,1,57.50414358403106,305.08545753390865,1
C00971,0.0,0.0,25.0,1,49.001177425774216,298.72166617396135,1
C00972,0.0,1.0,33.0,1,26.943839317530617,126.37707551711263,1
C00973,0.0,1.0,24.0,1,33.98163255134394,56.828341940244165,1
C00974,0.0,0.0,2.0,1,144.09109177830788,300.83929947214904,1
C00975,0.0,0.0,8.0,1,49.224519839853066,251.3203878097877,1
C00976,0.0,0.0,6.0,1,3.3969255162249508,374.9353732391495,1
C01086,0.0,0.0,8.0,1,94.62509353078026,356.2422892784927,1
C01087,0.0,0.0,14.0,1,37.90015408974622,337.5378048008887,1
C01088,0.0,0.0,6.0,1,83.86360374204148,402.39764642209764,1
C01089,0.0,0.0,2.0,1,78.36695076622273,310.2313699861711,1
C01090,0.0,0.0,13.0,1,25.18828637340427,392.0697286186359,1
C01091,0.0,0.0,24.0,1,59.92419615767219,302.0975520104119,1
C01092,0.0,0.0,17.0,1,38.84921371183966,392.18259747504896,1
C01093,0.0,0.0,12.0,1,44.870406478482316,223.6385345510954,1
C01094,0.0,2.0,0.0,1,245.40980761442367,42.30612000419879,1
C01095,0.0,0.0,2.0,1,121.50207885033572,224.97239490836384,1
C01096,0.0,0.0,0.0,1,128.63134114055285,259.2300881383243,1
C01097,0.0,0.0,9.0,1,9.552122389765378,456.9331446958098,1
C01098,0.0,0.0,2.0,1,154.12306712988774,430.93133056706864,1
C01099,0.0,0.0,6.0,1,122.86224789696023,496.0160025419775,1
C01100,0.0,0.0,4.0,1,42.4476160280063,299.114631868308,1
C01101,0.0,0.0,12.0,1,101.78684067838483,127.3031593175275,1
C01102,0.0,0.0,0.0,1,155.2265343131014,172.63786686771132,1
C01103,0.0,0.0,14.0,1,33.391331717924345,269.5037290229565,1
C01104,0.0,0.0,6.0,1,95.68060079294736,459.82409840885487,1
C01105,0.0,0.0,0.0,1,218.5038251936355,215.8706804110588,1
C01106,0.0,1.0,0.0,1,356.94742447350507,82.231987965455,1
C01215,0.0,0.0,12.0,1,10.427393302809387,592.2397714940826,1
C01216,0.0,0.0,10.0,1,41.6731584110884,534.2189496496301,1
C01217,0.0,0.0,10.0,1,46.60191608310341,381.34120832903443,1
C01218,0.0,0.0,0.0,1,196.18967008419705,361.18187686391747,1
C01219,0.0,0.0,10.0,1,48.98509010924528,255.28396459243078,1
C01220,0.0,1.0,29.0,1,10.150116737984288,52.09761424117414,1
C01221,0.0,0.0,21.0,1,56.55285559164028,255.45727674351915,1
C01222,0.0,0.0,7.0,1,102.24285132148916,311.29506915211107,1
C01223,0.0,0.0,0.0,1,286.8774986244342,151.45876759650733,1
C01224,0.0,0.0,0.0,1,190.57979880658036,248.1070686411472,1
C01225,0.0,0.0,14.0,1,49.31073042199135,395.38414233167833,1
C01226,0.0,0.0,8.0,1,110.36375435161638,509.3311328708865,1
C01227,0.0,0.0,5.0,1,65.6826303489117,570.7265376630263,1
C01228,0.0,0.0,7.0,1,14.599491120276594,473.209765996873,1
C01229,0.0,0.0,2.0,1,46.38396415007412,409.75169428781044,1
C01230,0.0,0.0,22.0,1,6.575540831654327,208.4521597344398,1
C01231,0.0,2.0,8.0,1,55.78446149825835,57.767468288179074,1
C01232,0.0,0.0,2.0,1,62.678547388005484,216.0136270505932,1
C01233,0.0,0.0,6.0,1,84.67053129286079,293.48678236222526,1
C01234,0.0,0.0,0.0,1,126.66297839529692,273.4836104080769,1
C01235,0.0,0.0,0.0,1,376.05909309423424,186.96318981407555,1
C01344,0.0,0.0,0.0,1,177.582230066972,416.0054857593673,1
C01345,0.0,0.0,2.0,1,115.39532375430016,416.73284968930085,1
C01346,0.0,0.0,14.0,1,106.97195997754928,183.56878551447522,1
C01347,0.0,1.0,29.0,1,14.701503463218401,136.85295035311964,1
C01348,0.0,0.0,56.0,1,25.255569111509125,318.7806974347225,1
C01349,0.0,0.0,19.0,1,84.22047820976519,197.9024807539331,1
C01350,0.0,0.0,2.0,1,117.42984180642276,318.9195050795006,1
C01351,0.0,0.0,3.0,1,71.48832749596781,493.64690374387106,1
C01352,0.0,0.0,0.0,1,256.44802752071075,396.6164706662606,1
C01353,0.0,0.0,0.0,1,219.8149486159331,217.3906626725619,1
C01354,0.0,0.0,6.0,1,33.57778606661053,159.2114415530472,1
C01355,0.0,0.0,0.0,1,180.8562479400244,321.8302568800844,1
C01356,0.0,0.0,2.0,1,140.77234033364067,393.58709747528854,1
C01357,0.0,0.0,0.0,1,162.7291593836322,230.4549959124597,1
C01358,0.0,0.0,12.0,1,26.01297901090585,276.2394015758819,1
C01359,0.0,1.0,34.0,1,3.371630321708594,58.714089037583385,1
C01360,0.0,0.0,16.0,1,77.00127120397049,143.01408036173456,1
C01361,0.0,2.0,2.0,1,142.63126286132083,60.318974688808304,1
C01362,0.0,0.0,0.0,1,176.60661007480627,207.6318449980362,1
C01363,0.0,0.0,0.0,1,183.83213643290702,455.6134188180457,1
C01364,0.0,0.0,0.0,1,194.2887114739156,433.7607276438905,1
C01472,0.0,0.0,0.0,1,295.516677004275,252.87189365815155,1
C01473,0.0,0.0,10.0,1,48.83570070543118,171.61614737598794,1
C01474,0.0,0.0,5.0,1,121.01736657921154,346.35243535753307,1
C01475,0.0,0.0,8.0,1,80.0660669735768,216.73458621242432,1
C01476,0.0,0.0,14.0,1,29.330265102277952,178.89972572859023,1
C01477,0.0,0.0,19.0,1,42.03465150280318,341.8996333285607,1
C01478,0.0,0.0,6.0,1,22.901222781685824,279.9880342195869,1
C01479,0.0,0.0,0.0,1,271.49395161052234,406.06802304797765,1
C01480,0.0,0.0,0.0,1,171.54113669889642,613.5056473888707,1
C01481,0.0,0.0,6.0,1,66.31436111688997,433.8073079456757,1
C01482,0.0,0.0,13.0,1,95.90838738407865,203.1707738117323,1
C01483,0.0,2.0,8.0,1,24.426153572040064,51.56343903696297,1
C01484,0.0,0.0,0.0,1,182.01177928518436,198.56890122956835,1
C01485,0.0,0.0,4.0,1,73.28739453016385,330.2920310955425,1
C01486,0.0,1.0,6.0,1,72.32753705289453,85.39044236451956,1
C01487,0.0,0.0,0.0,1,176.73189194027847,174.61451683407617,1
C01488,0.0,1.0,16.0,1,22.43575638509742,42.82235801696026,1
C01489,0.0,0.0,15.0,1,92.74412817466417,223.14145480334636,1
C01490,0.0,0.0,23.0,1,39.95609466968613,221.22171734189934,1
C01491,0.0,0.0,28.0,1,23.982958329621905,353.67707685577375,1
C01492,0.0,0.0,67.0,1,8.494715627930315,436.20626122293373,1
C01493,0.0,0.0,8.0,1,91.35573491427427,375.4600627126577,1
C01601,0.0,0.0,0.0,1,317.76358274455004,212.92189286343753,1
C01602,0.0,1.0,2.0,1,69.90924071595033,104.13279934039262,1
C01603,0.0,0.0,12.0,1,81.70798095455775,318.35757779010663,1
C01604,0.0,0.0,2.0,1,111.74249895258353,430.4070895165206,1
C01605,0.0,0.0,14.0,1,47.58876049436869,412.6517826341917,1
C01606,0.0,0.0,8.0,1,5.655124874418027,203.6505743257267,1
C01607,0.0,1.0,0.0,1,138.59552766369126,54.51143420551948,1
C01608,0.0,0.0,2.0,1,107.47116611391114,299.11442040645085,1
C01609,0.0,0.0,14.0,1,67.9142395748229,548.6049366630157,1
C01610,0.0,0.0,11.0,1,77.94176905744484,345.91870739049057,1
C01611,0.0,0.0,9.0,1,78.33737607829754,173.1428350417543,1
C01612,0.0,0.0,4.0,1,34.53890717081694,252.01921065136202,1
C01613,0.0,0.0,0.0,1,171.5222434909223,316.6772849882591,1
C01614,0.0,0.0,8.0,1,9.65162357078859,426.33075291655797,1
C01615,0.0,0.0,16.0,1,87.91860305010478,294.063853870898,1
C01616,0.0,0.0,18.0,1,23.22789294239534,310.7324955602009,1
C01617,0.0,0.0,0.0,1,162.10727812243553,221.53305622376044,1
C01618,0.0,0.0,6.0,1,108.3034979196766,355.8076814834235,1
C01619,0.0,0.0,37.0,1,5.14819963897208,450.863759791958,1
C01620,0.0,0.0,53.0,1,52.67566632418557,489.70987591204664,1
C01621,0.0,0.0,32.0,1,20.376581898207718,255.94944603943696,1
C01622,0.0,1.0,24.0,1,62.483653896172264,127.29679999904634,1
C01730,0.0,0.0,0.0,1,176.25530237513303,170.03727239847908,1
C01731,0.0,2.0,4.0,1,97.67439709031564,101.18635476401906,1
C01732,0.0,0.0,9.0,1,77.62173245581315,341.41570376323534,1
C01733,0.0,0.0,9.0,1,46.73287729956589,589.8225895655918,1
C01734,0.0,0.0,16.0,1,98.49299496933705,504.53326306622057,1
C01735,0.0,0.0,14.0,1,50.95628555403437,301.74783110437176,1
C01736,0.0,0.0,21.0,1,66.53563574415466,229.2371994509983,1
C01737,0.0,0.0,7.0,1,10.454681388431137,372.89091387171277,1
C01738,0.0,0.0,6.0,1,90.45108531214248,560.9344616400741,1
C01739,0.0,0.0,16.0,1,18.86330245763589,316.17425489597997,1
C01740,0.0,1.0,12.0,1,69.20751005917984,101.41424289820638,1
C01741,0.0,0.0,0.0,1,172.19643514483892,213.54984866818498,1
C01742,0.0,0.0,4.0,1,56.676623907795836,199.22254898498505,1
C01743,0.0,0.0,2.0,1,79.2760011097976,202.00712420100115,1
C01744,0.0,0.0,20.0,1,22.82529923715855,408.5634986533215,1
C01745,0.0,0.0,12.0,1,34.82443727649674,421.30163308756966,1
C01746,0.0,0.0,14.0,1,73.52848357601337,301.4628999184238,1
C01747,0.0,0.0,36.0,1,14.99524599791805,359.53399562794897,1
C01748,0.0,0.0,40.0,1,7.702596826166057,540.9708938539766,1
C01749,0.0,0.0,46.0,1,82.49845095061731,489.94895567150303,1
C01750,0.0,0.0,48.0,1,4.208376891673486,256.40658245392024,1
C01751,0.0,0.0,8.0,1,110.99550739129893,128.21346219411416,1
C01856,0.0,0.0,0.0,1,407.74421637436296,553.7324329443414,1
C01857,0.0,0.0,0.0,1,321.72157541841597,466.3965486653591,1
C01858,0.0,0.0,0.0,1,230.61869817578093,443.4528653358526,1
C01859,0.0,0.0,4.0,1,12.927490462058001,225.5401396013338,1
C01860,0.0,0.0,12.0,1,52.685551338316415,140.16658081828885,1
C01861,0.0,0.0,0.0,1,130.58612668245547,335.0024072234481,1
C01862,0.0,0.0,12.0,1,27.978875329818298,574.2878679832266,1
C01863,0.0,0.0,30.0,1,50.41808431349822,640.1989122675043,1
C01864,0.0,0.0,21.0,1,82.36290263556344,491.177072292972,1
C01865,0.0,0.0,12.0,1,35.11161734462152,444.5842838248954,1
C01866,0.0,0.0,9.0,1,46.2905738143544,343.6315845362487,1
C01867,0.0,0.0,6.0,1,52.106382190744526,378.45627992890184,1
C01868,0.0,0.0,7.0,1,64.59644226822051,453.0701565931576,1
C01869,0.0,0.0,31.0,1,6.9811366199785425,214.06619867812995,1
C01870,0.0,2.0,4.0,1,114.0416728417736,80.79514985582438,1
C01871,0.0,1.0,4.0,1,75.93552953827084,154.07333114343405,1
C01872,0.0,0.0,10.0,1,36.64525891202803,157.65736764743414,1
C01873,0.0,0.0,5.0,1,124.74097686887602,388.5525701593057,1
C01874,0.0,0.0,8.0,1,112.79768336740341,302.0019668674457,1
C01875,0.0,1.0,14.0,1,27.37233355170087,67.74955333268383,1
C01876,0.0,0.0,24.0,1,50.61452548097305,207.30368053112466,1
C01877,0.0,0.0,24.0,1,61.40703327866845,334.4596895095246,1
C01878,0.0,0.0,34.0,1,18.440857547631676,501.07011837698616,1
C01879,0.0,0.0,14.0,1,49.57181304574092,437.01092906642884,1
C01880,0.0,0.0,0.0,1,251.8582489299709,376.394618034857,1
C01980,0.0,0.0,0.0,1,253.69209897921266,1567.7729451258351,1
C01981,0.0,0.0,0.0,1,287.2054258033371,1320.5370652810298,1
C01982,0.0,0.0,0.0,1,338.6245393496815,1074.5809760523093,1
C01983,0.0,0.0,0.0,1,521.3887232082143,831.041760326178,1
C01984,0.0,0.0,0.0,1,505.61381244481987,592.9051700892243,1
C01985,0.0,0.0,0.0,1,260.5662169928206,370.73261797558496,1
C01986,0.0,0.0,2.0,1,71.72293594739328,219.88362227216965,1
C01987,0.0,0.0,0.0,1,259.59448613876447,290.26701613519464,1
C01988,0.0,0.0,10.0,1,27.050198198934602,226.42201329156734,1
C01989,0.0,1.0,4.0,1,116.36392485178888,137.28390499334472,1
C01990,0.0,0.0,12.0,1,21.82929188858811,333.8065503213451,1
C01991,0.0,0.0,4.0,1,72.87869967961312,573.5911047990996,1
C01992,0.0,0.0,2.0,1,130.19030647215615,500.86670417191436,1
C01993,0.0,0.0,8.0,1,26.70792509500875,286.8235074498527,1
C01994,0.0,0.0,19.0,1,43.50388348213636,196.64178982005697,1
C01995,0.0,1.0,20.0,1,39.90714425477109,113.4743556933885,1
C01996,0.0,0.0,0.0,1,278.38559853710285,194.9946648674264,1
C01997,0.0,0.0,0.0,1,137.8294768156312,211.7430326901585,1
C01998,0.0,0.0,8.0,1,41.10038413671613,149.16138806050176,1
C01999,0.0,1.0,18.0,1,51.57092549591893,80.06414540360406,1
C02000,0.0,0.0,32.0,1,38.314342036205744,182.95487269938775,1
C02001,0.0,0.0,26.0,1,27.95336810309471,365.93006561237587,1
C02002,0.0,0.0,36.0,1,49.397344022756315,390.9190387932883,1
C02003,0.0,0.0,52.0,1,10.041565356270981,360.4376644322265,1
C02004,0.0,1.0,26.0,1,71.48603063477783,120.58669036883457,1
C02005,0.0,1.0,19.0,1,102.44575664233983,107.49956328652773,1
C02006,0.0,0.0,14.0,1,31.00595129035551,160.51210462240388,1
C02007,0.0,0.0,7.0,1,129.4458621855163,406.16759515479924,1
C02008,0.0,0.0,0.0,1,255.60405966717255,655.1183824144704,1
C02010,0.0,0.0,0.0,1,247.47594202931367,203.0610383689847,1
C02011,0.0,1.0,0.0,1,284.5819102323192,100.21122664304154,1
C02108,0.0,0.0,1.0,1,109.82604317835292,1578.527981719714,1
C02109,0.0,0.0,1.0,1,106.72166059463206,1553.6199902824071,1
C02110,0.0,0.0,17.0,1,67.98286161973185,1303.7028831438572,1
C02111,0.0,0.0,0.0,1,186.23337854436917,1053.8250997343464,1
C02112,0.0,0.0,0.0,1,385.7592426946057,804.0233044773045,1
C02113,0.0,0.0,0.0,1,483.7231989130665,554.4002231737496,1
C02114,0.0,0.0,0.0,1,274.1085235525104,305.3944019912653,1
C02115,0.0,1.0,4.0,1,80.16289067088155,64.59004629276619,1
C02116,0.0,0.0,13.0,1,29.210286541811328,200.1949234935812,1
C02117,0.0,0.0,9.0,1,28.49312509208511,266.3223694048412,1
C02118,0.0,1.0,8.0,1,96.12451608241557,117.8379959328924,1
C02119,0.0,0.0,18.0,1,23.024027845598567,286.0838725366252,1
C02120,0.0,0.0,6.0,1,97.16721902668108,524.2157675667756,1
C02121,0.0,0.0,33.0,1,10.316969748215834,465.7040513325777,1
C02122,0.0,0.0,11.0,1,57.97668614190631,219.7283152107984,1
C02123,0.0,3.0,0.0,1,169.06059757454867,59.502010391413904,1
C02124,0.0,0.0,6.0,1,143.61967831990964,180.74897761582574,1
C02125,0.0,0.0,0.0,1,204.32743149955363,196.12111910063322,1
C02126,0.0,2.0,26.0,1,4.831516315194094,39.42860591268065,1
C02127,0.0,1.0,10.0,1,82.41450729760648,131.5242735033209,1
C02128,0.0,0.0,14.0,1,77.84244972950873,219.0330995807306,1
C02129,0.0,0.0,35.0,1,9.455787194532352,373.7238861302204,1
C02130,0.0,0.0,30.0,1,30.74899853020255,341.91948847512884,1
C02131,0.0,0.0,18.0,1,67.02099474299177,149.94377704823577,1
C02132,0.0,0.0,43.0,1,47.169765066127724,230.34178073438676,1
C02133,0.0,0.0,52.0,1,29.461046929640275,302.32113417494514,1
C02134,0.0,0.0,50.0,1,54.58506256765932,224.6263740754859,1
C02135,0.0,0.0,20.0,1,49.94305493734161,254.2931134612565,1
C02137,0.0,0.0,0.0,1,351.76298578309974,684.1644150354929,1
C02138,0.0,0.0,1.0,1,164.07171448732015,469.89955546322005,1
C02139,0.0,0.0,3.0,1,87.34141310206452,237.26749821423914,1
C02140,0.0,2.0,2.0,1,116.94190853542476,99.80119032544198,1
C02141,0.0,0.0,0.0,1,315.6330588341884,177.1338864236492,1
C02235,0.0,0.0,0.0,1,668.7786301374359,1054.525912838413,1
C02236,0.0,0.0,0.0,1,457.99982361999685,1225.2360218686736,1
C02237,0.0,0.0,0.0,1,291.7052803032927,1419.641404623526,1
C02238,0.0,0.0,0.0,1,257.17143134193464,1579.4170256590494,1
C02239,0.0,0.0,10.0,1,105.92686110639313,1334.3403892014128,1
C02240,0.0,0.0,2.0,0,130.3682975818175,1091.4991560082292,1
C02241,0.0,0.0,0.0,1,359.16752739606176,852.805101344484,1
C02242,0.0,0.0,0.0,1,346.8105600618204,623.0430757112023,1
C02243,0.0,0.0,0.0,1,183.36177256734373,417.23950856093916,1
C02244,0.0,0.0,6.0,1,75.36627346734225,291.5389181853311,1
C02245,0.0,0.0,27.0,1,8.788205822682375,347.7083176013659,1
C02246,0.0,0.0,19.0,1,31.571059446655735,273.4263546912341,1
C02247,0.0,0.0,8.0,1,104.85305242596932,133.11709236536166,1
C02248,0.0,0.0,0.0,1,203.47230209840623,292.70864203142327,1
C02249,0.0,0.0,31.0,1,15.114098362164743,527.8603394459102,1
C02250,0.0,0.0,46.0,1,16.44418648367574,551.9804768726941,1
C02251,0.0,0.0,30.0,1,40.25112867654387,315.72540342092833,1
C02252,0.0,0.0,16.0,1,81.26515327286161,140.29473932407114,1
C02253,0.0,0.0,16.0,1,32.582543781115,254.32793279290067,1
C02254,0.0,0.0,10.0,1,66.89943071931125,161.01103895484883,1
C02255,0.0,0.0,17.0,1,68.22920753552863,191.0147736711087,1
C02256,0.0,1.0,28.0,1,29.393194632159904,99.30652016960353,1
C02257,0.0,0.0,19.0,1,20.764051652726025,328.9938086587145,1
C02258,0.0,0.0,26.0,1,20.468564616543894,568.9480448474613,1
C02259,0.0,0.0,30.0,1,6.067071056241417,334.0275108183701,1
C02260,0.0,1.0,39.0,1,66.50507895207026,130.95257790480352,1
C02261,0.0,0.0,41.0,1,42.30716602310432,218.45543558426485,1
C02262,0.0,0.0,42.0,1,33.98258806326013,431.3131801588803,1
C02263,0.0,0.0,79.0,1,17.03578060799535,219.89955086787344,1
C02264,0.0,0.0,21.0,1,53.026333728068224,188.8930003071004,1
C02265,0.0,0.0,0.0,1,194.41656561187932,384.71459376808673,1
C02266,0.0,0.0,3.0,1,121.91734580229459,620.7496047129388,1
C02267,0.0,0.0,9.0,1,85.52827688776713,580.8110045156229,1
C02268,0.0,0.0,8.0,1,74.14710344527059,388.7246497679974,1
C02269,0.0,0.0,11.0,1,17.70458361188158,177.8660208828118,1
C02270,0.0,1.0,0.0,1,215.44961287942436,110.15069978859695,1
C02363,0.0,0.0,0.0,1,662.9741544026361,704.6116810415134,1
C02364,0.0,0.0,0.0,1,581.128590936835,872.1559662680936,1
C02365,0.0,0.0,0.0,1,463.037263177955,1072.3033329864813,1
C02366,0.0,0.0,0.0,1,387.9444717095963,1289.96621908126,1
C02367,0.0,0.0,0.0,1,338.39566677673895,1515.71247202572,1
C02370,0.0,0.0,0.0,1,252.6204448422101,965.9708109543203,1
C02371,0.0,0.0,0.0,1,128.69303152790326,770.7176791330573,1
C02372,0.0,0.0,18.0,1,21.69748730884953,616.3699167226979,1
C02373,0.0,0.0,27.0,1,49.614853933193565,539.2754468295815,1
C02374,0.0,0.0,11.0,1,57.35005350942726,571.5978838884412,1
C02375,0.0,0.0,1.0,1,98.76589949110392,451.2165094874792,1
C02376,0.0,0.0,0.0,1,226.00520621574714,382.8244078871358,1
C02378,0.0,0.0,55.0,1,18.652265198186953,638.3344773347899,1
C02379,0.0,0.0,41.0,1,43.7730992496837,534.3949883304592,1
C02380,0.0,0.0,6.0,1,74.3540567465287,284.3960843211906,1
C02381,0.0,1.0,16.0,1,64.82144080805706,34.413107993028795,1
C02382,0.0,0.0,26.0,1,57.361655119197096,215.60934865226506,1
C02383,0.0,1.0,40.0,1,9.43668780652914,89.8768592135852,1
C02384,0.0,0.0,12.0,1,85.46963763813842,254.28038493132476,1
C02385,0.0,0.0,13.0,1,112.03960275392157,195.02219193823476,1
C02386,0.0,0.0,9.0,1,66.98954085691352,369.3356150386321,1
C02387,0.0,0.0,8.0,1,129.4778413174561,580.1594412372561,1
C02388,0.0,0.0,52.0,1,37.85881041809561,480.874016108106,1
C02389,0.0,0.0,35.0,1,14.675110976605094,369.88379127009097,1
C02390,0.0,0.0,10.0,1,92.98006292550792,409.1310532344538,1
C02391,0.0,0.0,39.0,1,55.282495884299074,410.2391779270543,1
C02392,0.0,0.0,28.0,1,44.84248787901783,174.98838875591443,1
C02393,0.0,1.0,7.0,1,72.83073729961501,133.96152168632904,1
C02394,0.0,0.0,0.0,1,175.0230182081914,360.9299688106303,1
C02395,0.0,0.0,4.0,1,102.80202289412541,606.296293472728,1
C02396,0.0,0.0,49.0,1,19.560090016776986,569.8784464236699,1
C02397,0.0,0.0,13.0,1,90.55290258141741,390.0399993480582,1
C02398,0.0,0.0,2.0,1,104.45316509745376,144.04049548951886,1
C02399,0.0,1.0,26.0,1,74.57764464419587,119.85043842347407,1
C02400,0.0,0.0,0.0,1,179.40352191286314,257.8481299318101,1
C02410,0.0,0.0,0.0,1,499.7852025774033,1083.4338187851558,1
C02411,0.0,0.0,0.0,1,381.21915408200454,948.3995922614172,1
C02413,0.0,0.0,0.0,1,492.50885360153336,851.8965197898717,1
C02490,0.0,0.0,0.0,1,318.247826077651,341.6898196255222,1
C02491,0.0,0.0,0.0,1,321.1030405620375,361.84297875267185,1
C02492,0.0,0.0,0.0,1,417.08163957036265,519.7198761924458,1
C02493,0.0,0.0,0.0,1,420.49942208513244,730.9494908311899,1
C02494,0.0,0.0,0.0,1,231.32840694784943,960.9711580392309,1
C02495,0.0,0.0,2.0,1,161.98511271935118,1171.0503185145944,1
C02496,0.0,0.0,2.0,1,97.369032178807,1392.5865593072692,1
C02497,0.0,0.0,0.0,1,246.67028715432818,1446.2989163174375,1
C02498,0.0,0.0,0.0,1,329.63155128580416,1277.6617307781462,1
C02499,0.0,0.0,0.0,1,196.63368480975686,1124.2431562399295,1
C02500,0.0,0.0,20.0,1,30.50585508436978,961.6802003081991,1
C02501,0.0,0.0,35.0,1,32.35837579336419,843.0509717551585,1
C02502,0.0,0.0,11.0,1,61.34332760970926,788.4421819574445,1
C02503,0.0,0.0,2.0,1,108.94683497507451,799.6702549103103,1
C02504,0.0,0.0,2.0,1,109.57393478087779,676.3362369623502,1
C02507,0.0,0.0,35.0,1,25.669139050106054,532.8228857654399,1
C02508,0.0,0.0,58.0,1,25.027182026896106,507.7937269366316,1
C02509,0.0,0.0,28.0,1,41.86336967110986,379.4183866079238,1
C02510,0.0,0.0,6.0,1,47.46822079191931,253.49840496672573,1
C02511,0.0,0.0,40.0,1,30.153925892873286,331.005393528849,1
C02512,0.0,0.0,30.0,1,16.451003657657626,339.45713275593045,1
C02513,0.0,0.0,24.0,1,53.60888525856302,427.5341145770535,1
C02514,0.0,0.0,11.0,1,79.10300570027874,437.2705406823006,1
C02515,0.0,0.0,0.0,1,178.16181296196945,492.9558768237998,1
C02516,0.0,0.0,42.0,1,26.90936807761196,340.90838254747933,1
C02517,0.0,0.0,29.0,1,43.99245108902238,338.27733309690683,1
C02518,0.0,0.0,45.0,1,51.74456949966832,312.2307381180864,1
C02519,0.0,0.0,20.0,1,22.523529593331062,321.668109113808,1
C02520,0.0,0.0,6.0,1,97.64390824186832,484.2031712163194,1
C02521,0.0,0.0,26.0,1,0.6997351061137966,371.33012256870524,1
C02522,0.0,0.0,24.0,1,22.102565851709777,333.47963157765025,1
C02523,0.0,0.0,11.0,1,62.669081494809056,373.2665067120813,1
C02524,0.0,0.0,19.0,1,63.92953971605465,513.7301981297387,1
C02525,0.0,0.0,18.0,1,54.40014180106454,339.94740914284273,1
C02526,0.0,0.0,17.0,1,61.69430034484593,303.66060906123806,1
C02527,0.0,0.0,16.0,1,58.36471937462802,249.44834325767118,1
C02528,0.0,0.0,33.0,1,37.13851074505139,236.30687506594006,1
C02529,0.0,0.0,0.0,1,164.4961898558073,417.68098167484555,1
C02539,0.0,0.0,0.0,1,349.45804701392836,901.1608827172221,1
C02540,0.0,0.0,0.0,1,149.99333888915126,733.2965862827396,1
C02541,0.0,0.0,1.0,1,138.96081601806276,623.182822587526,1
C02542,0.0,0.0,0.0,1,288.8539246053961,603.315653105729,1
C02547,0.0,0.0,0.0,1,181.74759501270032,290.49984004062713,1
C02548,0.0,0.0,0.0,1,390.48828501959105,342.2033366565759,1
C02614,0.0,0.0,0.0,1,924.2824191727404,1219.6659390990199,1
C02615,0.0,0.0,0.0,1,933.6018155153897,977.2801149880846,1
C02616,0.0,0.0,0.0,1,689.083157388468,739.9782721836863,1
C02617,0.0,0.0,0.0,1,450.6205118048762,514.8390655892225,1
C02618,0.0,0.0,0.0,1,224.0636442563688,327.949208887007,1
C02619,0.0,1.0,18.0,1,94.03465584996557,124.02847046168728,1
C02620,0.0,0.0,2.0,1,136.0256184230559,171.9344931127849,1
C02621,0.0,0.0,0.0,1,179.39813146432027,410.7795982748351,1
C02622,0.0,0.0,0.0,1,229.54004543249448,614.3247695330381,1
C02623,0.0,0.0,10.0,1,89.7976043016769,833.8665355630638,1
C02624,0.0,0.0,24.0,1,41.635806909251905,1066.8982499761037,1
C02625,0.0,0.0,43.0,1,16.444702688342574,1304.0678182250929,1
C02626,0.0,0.0,7.0,1,90.29084024408111,1285.9528554233266,1
C02627,0.0,0.0,4.0,1,119.45176995990585,1092.8465991736539,1
C02628,0.0,0.0,13.0,1,14.977761255321168,927.3363102345529,1
C02629,0.0,0.0,14.0,1,32.38212603788085,806.5925707774956,1
C02630,0.0,0.0,31.0,1,49.744408169439396,752.4829022559005,1
C02631,0.0,0.0,25.0,1,88.8138412380952,779.0182675274549,1
C02632,0.0,0.0,66.0,1,36.77375745314088,878.9245724722294,1
C02633,0.0,0.0,0.0,1,164.02293796900062,824.1211618313911,1
C02636,0.0,0.0,29.0,1,39.74355239096727,308.43803759426726,1
C02637,0.0,0.0,20.0,1,47.77261363064587,262.8464657471848,1
C02638,0.0,0.0,44.0,1,14.19159673181717,197.16485845486744,1
C02639,0.0,1.0,18.0,1,33.83771141406014,119.98559675521736,1
C02640,0.0,0.0,24.0,1,66.74980160055385,338.99720566382746,1
C02641,0.0,0.0,40.0,1,43.010299796061396,583.4737932992887,1
C02642,0.0,0.0,54.0,1,57.117957070700406,644.1573676392779,1
C02643,0.0,0.0,21.0,1,101.09997263066728,632.001594723872,1
C02644,0.0,0.0,23.0,1,76.35231152861982,384.238265311427,1
C02645,0.0,0.0,26.0,1,66.38823602354418,144.40246994269785,1
C02646,0.0,1.0,18.0,1,54.03742313648796,138.07643579397944,1
C02647,0.0,1.0,18.0,1,62.8722910730026,120.25897175775134,1
C02648,0.0,0.0,14.0,1,52.30420879695967,142.98447077679197,1
C02649,0.0,0.0,8.0,1,26.41139089786105,389.13609120512956,1
C02650,0.0,0.0,4.0,1,107.18287769649348,327.7692555022666,1
C02651,0.0,1.0,8.0,1,66.92528529002482,102.72246691150383,1
C02652,0.0,0.0,40.0,1,38.68581326684217,196.6497535321615,1
C02653,0.0,0.0,7.0,1,108.92965688053465,414.37465158822135,1
C02654,0.0,0.0,24.0,1,13.3134535197706,177.1074201370656,1
C02655,0.0,1.0,32.0,1,37.02931137498496,89.51291962682154,1
C02656,0.0,0.0,26.0,1,70.19456645445473,226.64447275369366,1
C02657,0.0,0.0,28.0,1,34.48080616316509,425.16737274928755,1
C02658,0.0,0.0,2.0,1,105.9764095692911,583.895721911022,1
C02665,0.0,0.0,6.0,0,123.59710733225732,1120.9794179650626,1
C02666,0.0,0.0,2.0,0,115.45760425285694,1199.3125960165582,1
C02669,0.0,0.0,2.0,1,140.832097259711,548.6218919312428,1
C02670,0.0,0.0,12.0,1,17.37949219239855,389.3827515702933,1
C02671,0.0,0.0,0.0,1,189.2652093578157,356.72380651519364,1
C02672,0.0,0.0,0.0,1,437.92235152841147,477.37283233226185,1
C02675,0.0,0.0,7.0,1,130.00666923991233,311.47127416792756,1
C02676,0.0,1.0,2.0,1,157.21466992147214,68.75551750264233,1
C02677,0.0,0.0,0.0,1,241.20422289368116,193.49492950028434,1
C02678,0.0,0.0,0.0,1,285.55910743355446,441.7615355568928,1
C02746,0.0,0.0,0.0,1,392.90777455682223,440.3567406792039,1
C02747,0.0,0.0,0.0,1,160.44721139629547,190.80219918659625,1
C02748,0.0,2.0,20.0,1,50.419695026127,62.42515011813362,1
C02749,0.0,1.0,8.0,1,23.03830546700811,91.82045758167405,1
C02750,0.0,0.0,28.0,1,15.787333625651206,276.35027248156274,1
C02751,0.0,0.0,0.0,1,189.52886438464773,518.9488893626808,1
C02752,0.0,0.0,6.0,1,91.01999950044261,745.9598349468271,1
C02753,0.0,0.0,11.0,1,73.78308379162094,981.927249190004,1
C02754,0.0,0.0,25.0,1,49.297234343900605,1223.4811686535265,1
C02755,0.0,0.0,31.0,1,11.710361050252015,1157.8294077288847,1
C02756,0.0,0.0,0.0,1,166.63481811768293,938.7267335896181,1
C02757,0.0,0.0,10.0,1,31.576365082962834,739.4909217224022,1
C02758,0.0,0.0,1.0,1,106.15878238229074,580.9352513523878,1
C02759,0.0,0.0,26.0,1,23.771043794493604,503.1150059557716,1
C02760,0.0,0.0,14.0,1,17.473995697884703,541.999679125265,1
C02761,0.0,0.0,17.0,1,30.562360923925706,677.7924425116469,1
C02762,0.0,0.0,21.0,1,22.47833707911399,759.3151332553151,1
C02763,0.0,0.0,14.0,1,66.72722580961731,511.3973780765897,1
C02764,0.0,0.0,4.0,1,104.22391705373491,267.3856484867576,1
C02765,0.0,1.0,8.0,1,123.54951409112752,80.39211236033924,1
C02766,0.0,1.0,62.0,1,10.255840404836386,72.95245023559956,1
C02767,0.0,0.0,0.0,1,153.63329343858155,234.4547247109539,1
C02768,0.0,0.0,7.0,1,103.64086718145984,174.61838379296407,1
C02769,0.0,0.0,12.0,1,116.24339353106161,361.95875728823665,1
C02770,0.0,0.0,50.0,1,30.05949281306289,597.1069451922514,1
C02771,0.0,0.0,53.0,1,36.34672521165578,749.3096038146174,1
C02772,0.0,0.0,57.0,1,40.23695522093807,521.0682900090823,1
C02773,0.0,0.0,38.0,1,9.84196610588664,326.43443956966183,1
C02774,0.0,0.0,32.0,1,6.605724838102034,224.6900562106944,1
C02775,0.0,0.0,3.0,1,41.10317513695863,220.6777065223902,1
C02776,0.0,0.0,0.0,1,212.0682571052375,237.56347941276294,1
C02777,0.0,0.0,2.0,1,48.32423272397425,249.83743783865916,1
C02778,0.0,0.0,14.0,1,100.69151729666466,367.7744839162615,1
C02779,0.0,0.0,19.0,1,45.75531494885071,363.00953897071327,1
C02780,0.0,0.0,8.0,1,82.39581290740948,186.80242434081157,1
C02781,0.0,1.0,23.0,1,38.45778705609456,71.10251304352778,1
C02782,0.0,0.0,19.0,1,18.961015205730273,272.5818570694724,1
C02783,0.0,0.0,25.0,1,38.46626573890615,268.6444407619164,1
C02784,0.0,1.0,23.0,1,33.09009921396096,134.164990204186,1
C02785,0.0,0.0,30.0,1,50.837383691717754,149.6657022073565,1
C02786,0.0,0.0,16.0,1,57.24560560466993,389.6144250896685,1
C02787,0.0,0.0,2.0,1,138.59542210867602,581.8058458001244,1
C02794,0.0,0.0,20.0,0,34.058280181621924,878.3160955700955,1
C02795,0.0,0.0,8.0,0,113.80944896447501,976.3170648924369,1
C02798,0.0,0.0,16.0,1,50.44487553469492,435.02652466086846,1
C02799,0.0,0.0,12.0,1,59.18229765715667,199.70233867621513,1
C02800,0.0,1.0,1.0,1,132.73328152779746,124.55509217605783,1
C02801,0.0,0.0,0.0,1,333.05739492296334,340.80334197484444,1
C02802,0.0,0.0,0.0,1,395.9215522118209,584.6194187806793,1
C02804,0.0,0.0,0.0,1,146.45504067725648,377.2950022929253,1
C02805,0.0,0.0,0.0,1,159.81309566273708,223.75094482589867,1
C02806,0.0,0.0,14.0,1,58.01014391827537,284.6076117683529,1
C02807,0.0,0.0,0.0,1,170.95166421850993,344.29303828662046,1
C02866,0.0,0.0,0.0,1,885.9449146671542,1869.2374102977683,1
C02867,0.0,0.0,0.0,1,679.0108585225255,1692.7996491634137,1
C02870,0.0,0.0,0.0,1,413.45688170611146,1315.3467682177907,1
C02871,0.0,0.0,0.0,1,375.5674805960582,1265.5667808583064,1
C02875,0.0,0.0,0.0,1,397.5977157334949,497.76385431893243,1
C02876,0.0,0.0,0.0,1,147.67931943577656,300.43347819320894,1
C02877,0.0,0.0,40.0,1,67.16632894080605,240.31582339101047,1
C02878,0.0,1.0,25.0,1,49.892074377924736,67.78074084495067,1
C02879,0.0,0.0,18.0,1,93.70063803946361,193.18197684422094,1
C02880,0.0,0.0,10.0,1,35.02646092523679,441.63822697473984,1
C02881,0.0,0.0,2.0,1,67.58100638756096,691.2086304968585,1
C02882,0.0,0.0,10.0,1,82.8874692134497,941.0071297398832,1
C02883,0.0,0.0,28.0,1,77.2402682460988,1135.4432097203323,1
C02884,0.0,0.0,11.0,1,39.804702636124986,1073.5283547406807,1
C02885,0.0,0.0,16.0,1,60.77173758491034,832.5275198972384,1
C02886,0.0,0.0,0.0,1,157.908150327409,598.9499264047546,1
C02887,0.0,0.0,23.0,1,16.809079059729275,386.49703400449914,1
C02888,0.0,0.0,60.0,1,15.888745128294724,254.98803942202665,1
C02889,0.0,0.0,4.0,1,115.66332938530851,325.0505240763397,1
C02890,0.0,0.0,12.0,1,104.71254964341081,520.8615806107388,1
C02891,0.0,0.0,30.0,1,14.173120834138189,749.6237250183128,1
C02892,0.0,0.0,13.0,1,65.85759261839628,532.8330512607354,1
C02893,0.0,0.0,4.0,1,88.11655123099544,306.3965848845233,1
C02894,0.0,1.0,11.0,1,54.13853664151443,117.66499473810416,1
C02895,0.0,1.0,7.0,1,122.57072646864256,116.5080552795385,1
C02896,0.0,1.0,24.0,1,60.82020941172437,66.38920791411803,1
C02897,0.0,0.0,39.0,1,57.82109745419529,286.49849725430215,1
C02898,0.0,0.0,19.0,1,124.3302913685132,521.6408520307875,1
C02899,0.0,0.0,45.0,1,41.75740245789191,705.4301811849161,1
C02900,0.0,0.0,28.0,1,31.23899616768392,656.7685550241309,1
C02901,0.0,0.0,22.0,1,11.713244325016415,435.26394001265044,1
C02902,0.0,0.0,19.0,1,31.506530350684848,204.94670594196526,1
C02903,0.0,1.0,0.0,1,183.85929930616646,45.28170448020452,1
C02904,0.0,0.0,0.0,1,155.95138121830806,295.1232170548477,1
C02905,0.0,0.0,0.0,1,308.18083217803905,305.245627459404,1
C02906,0.0,1.0,0.0,1,183.74169552055116,76.61611134134105,1
C02907,0.0,0.0,5.0,1,107.64265708765596,208.72269630074322,1
C02908,0.0,0.0,0.0,1,165.14087508333978,271.7075969772962,1
C02909,0.0,0.0,3.0,1,131.29069130888075,161.26530985422434,1
C02910,0.0,0.0,4.0,1,145.57551200293713,180.69334322461208,1
C02911,0.0,0.0,26.0,1,41.60376689504003,319.21056644169016,1
C02912,0.0,0.0,8.0,1,10.38062246536057,365.737018754009,1
C02913,0.0,0.0,16.0,1,57.66172060371217,322.87553225603654,1
C02914,0.0,1.0,20.0,1,6.557619615786669,129.11195873919831,1
C02915,0.0,0.0,10.0,1,91.66292645316128,232.57512001356898,1
C02916,0.0,0.0,10.0,1,105.16314760247293,465.30901023855057,1
C02923,0.0,0.0,24.0,0,28.1258154123374,641.3138638558374,1
C02924,0.0,0.0,2.0,0,141.67810106495088,770.090461852625,1
C02926,0.0,0.0,0.0,1,222.47061887522588,690.562978370962,1
C02927,0.0,0.0,18.0,1,43.42374288701892,450.0113043144696,1
C02928,0.0,0.0,24.0,1,35.5630214490768,230.52791788641719,1
C02929,0.0,0.0,12.0,1,13.306850776844987,169.63510202574003,1
C02930,0.0,0.0,1.0,1,137.81444804408693,359.734644916944,1
C02931,0.0,0.0,0.0,1,198.91746055783435,595.8539767994808,1
C02932,0.0,0.0,0.0,1,145.33475993621695,727.9943106394313,1
C02933,0.0,0.0,6.0,1,80.49522850641492,550.7558810777538,1
C02934,0.0,0.0,0.0,1,254.8481271170505,301.44360016075916,1
C02935,0.0,1.0,1.0,1,121.25818107671374,58.34764445996463,1
C02936,0.0,0.0,0.0,1,271.9004594717676,202.33796270144964,1
C02995,0.0,0.0,0.0,1,794.1578549828757,1710.9103222481806,1
C02996,0.0,0.0,0.0,1,553.935061896165,1516.1583977033674,1
C02997,0.0,0.0,0.0,1,328.6356751249232,1339.8725473258687,1
C02998,0.0,0.0,0.0,1,174.09702463849098,1190.2859317107727,1
C02999,0.0,0.0,0.0,1,219.49988776829528,1078.5651372910456,1
C03000,0.0,0.0,2.0,1,134.83265486559196,1017.2634425411748,1
C03001,0.0,0.0,0.0,1,332.69314300465135,1015.5525922776189,1
C03004,0.0,0.0,0.0,1,457.3042189474455,653.1643363436704,1
C03005,0.0,0.0,0.0,1,261.5358899417233,518.7630195224956,1
C03006,0.0,0.0,0.0,1,141.3439291768107,378.39460487827347,1
C03007,0.0,0.0,39.0,1,19.921528265080944,225.6269583824935,1
C03008,0.0,0.0,4.0,1,111.28573059679545,289.19296619538693,1
C03009,0.0,0.0,0.0,1,233.1578278402945,491.2816086979411,1
C03010,0.0,0.0,0.0,1,224.9981390381128,723.9355402194229,1
C03011,0.0,0.0,18.0,1,26.859665225131305,850.7535472841056,1
C03012,0.0,0.0,9.0,1,86.28552351911488,895.3387933773665,1
C03013,0.0,0.0,6.0,1,108.71417477351443,1002.2382509345712,1
C03014,0.0,0.0,24.0,1,9.447366307096303,793.7230388596893,1
C03015,0.0,0.0,31.0,1,8.246447793447347,543.7234640611657,1
C03016,0.0,0.0,35.0,1,47.13430370939923,293.7246130726669,1
C03017,0.0,1.0,21.0,1,70.74276215704464,43.73889891963371,1
C03018,0.0,0.0,28.0,1,26.5599420885918,206.28144422782188,1
C03019,0.0,0.0,34.0,1,12.051486848996662,456.2794945937523,1
C03020,0.0,0.0,9.0,1,81.01261346288545,706.2789251710291,1
C03021,0.0,0.0,16.0,1,72.74786453037079,656.7304186102851,1
C03022,0.0,0.0,9.0,1,93.3155860093205,468.2710913984342,1
C03023,0.0,0.0,11.0,1,87.1305037187238,325.4510832600079,1
C03024,0.0,0.0,0.0,1,228.84770909806795,291.0501482194618,1
C03025,0.0,0.0,12.0,1,76.7399412645523,193.34955593453034,1
C03026,0.0,0.0,18.0,1,99.22734793911201,339.20187614691855,1
C03027,0.0,0.0,12.0,1,101.36562624928291,563.67701282126,1
C03028,0.0,0.0,35.0,1,20.839802519846398,803.3714189492979,1
C03029,0.0,0.0,13.0,1,48.78766156248759,608.7909003825239,1
C03030,0.0,0.0,57.0,1,10.434724161103619,358.79816470463635,1
C03031,0.0,1.0,52.0,1,5.981365418869345,108.83880559004056,1
C03032,0.0,0.0,6.0,1,118.21148594584636,141.2644619467966,1
C03033,0.0,1.0,0.0,1,299.4934182357177,114.99489333310215,1
C03034,0.0,0.0,0.0,1,453.3768694528561,301.5579386114842,1
C03035,0.0,2.0,0.0,1,380.9611359569656,75.81194766233675,1
C03036,0.0,0.0,0.0,1,343.4562368619724,165.05383897343071,1
C03037,0.0,1.0,0.0,1,306.5184558897633,85.51847453405173,1
C03038,0.0,1.0,4.0,1,79.61722557738197,96.99554923424967,1
C03039,0.0,0.0,5.0,1,57.82187161858833,237.17778076643214,1
C03040,0.0,0.0,1.0,1,168.40753655363667,199.45041116296025,1
C03041,0.0,1.0,8.0,1,15.674686159222396,134.09752454887206,1
C03042,0.0,0.0,13.0,1,59.65739913487073,203.4112116274072,1
C03043,0.0,0.0,11.0,1,96.63086032552879,140.30085777162554,1
C03044,0.0,0.0,54.0,1,24.57127937431283,238.9678205351245,1
C03045,0.0,0.0,25.0,1,29.941689152169886,468.5369865988821,1
C03046,0.0,0.0,0.0,1,230.29719400234555,712.0029468836591,1
C03052,0.0,0.0,18.0,1,26.32489376626463,419.67580369841426,1
C03055,0.0,0.0,0.0,1,171.15377420635656,784.3081817429107,1
C03056,0.0,0.0,7.0,1,89.54396140046629,583.7570306755262,1
C03057,0.0,0.0,8.0,1,94.58135155591687,437.4988203153737,1
C03058,0.0,0.0,8.0,1,141.8974295118869,408.70302750478885,1
C03059,0.0,0.0,10.0,1,47.43427801508034,517.3694150274218,1
C03060,0.0,0.0,0.0,1,147.24794216005347,702.3560767303528,1
C03061,0.0,0.0,12.0,1,18.018065188850628,786.7696751995244,1
C03062,0.0,0.0,6.0,1,89.09352503882518,592.2288370885648,1
C03065,0.0,0.0,0.0,1,346.29961615149784,297.2265231901658,1
C03066,0.0,0.0,0.0,1,501.8295878093026,500.8790369179578,1
C03123,0.0,0.0,0.0,1,1024.8500628240736,1799.682641285115,1
C03124,0.0,0.0,0.0,1,775.5481967211409,1576.508726742113,1
C03125,0.0,0.0,0.0,1,526.9083028424579,1362.6818857110811,1
C03126,0.0,0.0,0.0,1,280.6950547680261,1163.367559198802,1
C03127,0.0,0.0,11.0,1,59.029361562799835,987.3936570321118,1
C03128,0.0,0.0,0.0,1,127.36075428501306,849.3929538784257,1
C03129,0.0,0.0,0.0,1,142.50879676334773,770.0587940212016,1
C03130,0.0,0.0,0.0,1,307.91479048363016,767.7973055438897,1
C03131,0.0,0.0,0.0,1,452.99431706288516,843.2288292934053,1
C03135,0.0,0.0,0.0,1,286.065184728271,560.7992265690367,1
C03136,0.0,0.0,10.0,1,69.31899340121366,471.4030333678184,1
C03137,0.0,0.0,12.0,1,81.78173816612298,504.92164463046277,1
C03138,0.0,0.0,0.0,1,247.4564346449044,642.3946719613123,1
C03139,0.0,0.0,0.0,1,237.76281546703802,639.0085397965879,1
C03140,0.0,0.0,4.0,1,63.44942836634306,600.9840851827253,1
C03141,0.0,0.0,18.0,1,89.23868086053696,662.5947685824775,1
C03142,0.0,0.0,51.0,1,43.20527753160009,801.1752517787958,1
C03143,0.0,0.0,39.0,1,19.876435874392442,831.7995271981541,1
C03144,0.0,0.0,62.0,1,12.881560170809355,597.9376191552817,1
C03145,0.0,0.0,54.0,1,11.13555125906451,384.9264077133456,1
C03146,0.0,0.0,43.0,1,26.820591812193015,252.6010338639073,1
C03147,0.0,0.0,15.0,1,108.74227844859848,323.1814123106849,1
C03148,0.0,0.0,15.0,1,90.40388221909367,519.6971889640572,1
C03149,0.0,0.0,13.0,1,47.3665669038469,543.8983800995167,1
C03150,0.0,0.0,17.0,1,37.78424191633066,541.6831947821134,1
C03151,0.0,0.0,13.0,1,13.497876849732803,602.0104500394735,1
C03152,0.0,0.0,51.0,1,11.183755605134435,410.79173751171504,1
C03153,0.0,0.0,3.0,1,145.39789735207364,316.3591649676963,1
C03154,0.0,0.0,42.0,1,20.32733167749262,395.4951212217698,1
C03155,0.0,0.0,43.0,1,18.586861221415845,522.5269721595294,1
C03156,0.0,0.0,33.0,1,31.75014482419293,689.7161000264638,1
C03157,0.0,0.0,33.0,1,57.68874489157561,880.4273500352398,1
C03158,0.0,0.0,41.0,1,74.91145502199166,659.4753868861546,1
C03159,0.0,0.0,55.0,1,34.09615132524082,439.33762474376647,1
C03160,0.0,0.0,51.0,1,15.788873604176203,275.91178141272957,1
C03161,0.0,0.0,34.0,1,38.96941052894741,248.20092217882637,1
C03162,0.0,0.0,11.0,1,99.87832245009271,225.8913177017349,1
C03163,0.0,0.0,0.0,1,283.4760742462061,406.75554950809516,1
C03165,0.0,0.0,0.0,1,490.1287239292811,292.798840488349,1
C03166,0.0,0.0,0.0,1,336.6621796618901,200.08822759018116,1
C03167,0.0,1.0,0.0,1,194.81361586948498,66.33461021171838,1
C03168,0.0,0.0,2.0,1,141.38214161249098,290.15935262287854,1
C03169,0.0,0.0,8.0,1,68.21542283002586,221.35728069376648,1
C03170,0.0,0.0,1.0,1,167.15228351856723,164.92642387804437,1
C03171,0.0,1.0,0.0,1,159.9210737466242,102.8124239276167,1
C03172,0.0,0.0,8.0,1,61.0039167348511,180.54721428432228,1
C03173,0.0,0.0,42.0,1,14.574493873996543,423.82095117842624,1
C03174,0.0,0.0,40.0,1,25.005674138241716,589.526369735182,1
C03175,0.0,0.0,12.0,1,8.893296664333052,796.8454236381082,1
C03180,0.0,1.0,0.0,1,244.85718222231853,96.00125511382936,1
C03181,0.0,0.0,5.0,1,88.18822517314015,256.85032304070853,1
C03182,0.0,0.0,5.0,1,113.18294387640512,497.7227500414283,1
C03188,0.0,0.0,6.0,1,96.90001202398672,466.35784502434416,1
C03189,0.0,0.0,7.0,1,69.73814684210262,461.3530001025658,1
C03190,0.0,0.0,7.0,1,1.149076590251735,577.2378554733966,1
C03191,0.0,0.0,19.0,1,23.633772163552642,723.2827596568404,1
C03192,0.0,0.0,4.0,1,55.89701568126012,557.3815156183074,1
C03193,0.0,0.0,14.0,1,70.70258689941146,472.4514340004783,1
C03194,0.0,0.0,4.0,1,149.23505378385636,510.63348991743095,1
C03195,0.0,0.0,0.0,1,360.4706864362073,650.6018479541862,1
C03203,0.0,0.0,0.0,1,1900.3539266157152,1893.6198228067942,1
C03204,0.0,0.0,0.0,1,1890.3258032420406,1934.783643638758,1
C03205,0.0,0.0,0.0,1,1902.9586963776521,1988.1438929992569,1
C03253,0.0,0.0,0.0,1,835.0229411482205,1472.5981801607334,1
C03254,0.0,0.0,0.0,1,610.2297035627572,1240.9945835352278,1
C03255,0.0,0.0,0.0,1,411.3123947740452,1018.1304987646934,1
C03256,0.0,0.0,0.0,1,265.45993303906374,811.2409436572547,1
C03257,0.0,0.0,7.0,1,33.695198070605805,636.1085008211908,1
C03258,0.0,0.0,9.0,1,23.67285568769558,525.5056431362585,1
C03259,0.0,0.0,1.0,1,104.84595671316772,522.1861134874447,1
C03260,0.0,0.0,0.0,1,348.4035128005906,627.8538789162589,1
C03264,0.0,0.0,3.0,1,146.73109381013177,781.5427486963684,1
C03265,0.0,0.0,20.0,1,25.613288047262625,720.0931296629802,1
C03266,0.0,0.0,24.0,1,14.239677285818432,742.4682907274737,1
C03267,0.0,0.0,13.0,1,67.7780999639678,585.5614653044084,1
C03268,0.0,0.0,0.0,1,167.0429628169047,413.19751494823356,1
C03269,0.0,0.0,2.0,1,57.63312861636783,351.5425195752933,1
C03270,0.0,0.0,21.0,1,15.988825259384527,448.811875711077,1
C03271,0.0,0.0,43.0,1,53.80662639018045,635.831783170081,1
C03272,0.0,0.0,60.0,1,16.116888392352084,855.6471312399725,1
C03273,0.0,0.0,75.0,1,11.19698946429229,707.9295262188161,1
C03274,0.0,0.0,36.0,1,15.869242450008143,530.2527948895606,1
C03275,0.0,0.0,63.0,1,39.02437648628357,431.4763480006562,1
C03276,0.0,0.0,48.0,1,14.950579123597297,464.94693383199797,1
C03277,0.0,0.0,12.0,1,72.87443899477773,470.78638818332945,1
C03278,0.0,0.0,18.0,1,70.37352223444701,306.97729383976156,1
C03279,0.0,0.0,19.0,1,31.93681278820071,303.0351375132297,1
C03280,0.0,0.0,25.0,1,48.326594081543995,463.0610437103739,1
C03281,0.0,0.0,30.0,0,72.63856733413168,270.53746831308365,1
C03282,0.0,1.0,35.0,1,46.13882809473636,67.259136274688,1
C03283,0.0,0.0,72.0,1,30.536189949052677,246.69223956902528,1
C03284,0.0,0.0,30.0,1,18.921344031367713,492.12836812639205,1
C03285,0.0,0.0,34.0,1,18.05093054074753,740.6237913852822,1
C03286,0.0,0.0,24.0,1,96.30042715149816,681.3820689822953,1
C03287,0.0,0.0,54.0,1,41.47706747548938,541.8314613223531,1
C03288,0.0,0.0,31.0,1,16.250080792389912,497.8766323366058,1
C03289,0.0,0.0,66.0,1,36.02334350982247,515.1783542060216,1
C03290,0.0,0.0,51.0,1,30.05316708495546,473.7159060985333,1
C03291,0.0,0.0,28.0,1,6.958014456224774,462.41750543568384,1
C03292,0.0,0.0,0.0,1,227.2950366900117,552.5533793566486,1
C03294,0.0,0.0,0.0,1,383.6599341175413,340.38217334002206,1
C03295,0.0,0.0,0.0,1,142.51386683837268,256.05457630282785,1
C03296,0.0,0.0,2.0,1,116.6167214570763,184.1114568330274,1
C03297,0.0,1.0,5.0,1,80.54410594673013,75.72936453620848,1
C03298,0.0,0.0,19.0,1,52.3296208952002,320.26995608226537,1
C03299,0.0,1.0,0.0,1,154.9707523814838,153.8359240129823,1
C03300,0.0,0.0,14.0,1,70.85301076894262,188.27035375962018,1
C03301,0.0,0.0,56.0,1,5.691017084989493,356.0780393171855,1
C03302,0.0,0.0,40.0,1,19.809597824390238,523.2766688434791,1
C03303,0.0,0.0,20.0,1,59.24717335661361,738.8134908269375,1
C03304,0.0,0.0,28.0,1,35.601182186256054,942.3253482608741,1
C03305,0.0,0.0,2.0,1,132.78194052428034,1023.2483370955918,1
C03309,0.0,0.0,4.0,1,86.10751333895207,155.11463251298042,1
C03310,0.0,0.0,12.0,1,51.48583789351746,284.2822482715422,1
C03311,0.0,0.0,30.0,1,14.263138359440719,512.4180365141419,1
C03316,0.0,0.0,0.0,1,203.7775168174774,431.65925045783865,1
C03317,0.0,0.0,4.0,1,83.7438063219436,238.08960412775468,1
C03318,0.0,0.0,2.0,1,134.6962533477649,228.1306877243805,1
C03319,0.0,0.0,15.0,1,32.64040546437932,415.2114663270834,1
C03320,0.0,0.0,0.0,1,150.7729251539005,546.0941926943,1
C03321,0.0,0.0,4.0,1,115.00897470090392,511.41132826010454,1
C03322,0.0,0.0,4.0,1,123.85283609537896,591.4932172485916,1
C03323,0.0,0.0,2.0,1,159.3024854068711,747.0940476023056,1
C03332,0.0,0.0,0.0,1,1663.6889860256092,1645.0755106778736,1
C03333,0.0,0.0,0.0,1,1640.3600824025154,1692.2958223068745,1
C03334,0.0,0.0,0.0,1,1654.9022199683748,1746.186519731969,1
C03335,0.0,0.0,0.0,1,1706.3474193061984,1829.2173980030398,1
C03381,0.0,0.0,0.0,1,867.561028170092,1652.328320516325,1
C03382,0.0,0.0,0.0,1,717.7677635298928,1405.9555593728305,1
C03383,0.0,0.0,0.0,1,494.7908370849102,1161.1344414332211,1
C03384,0.0,0.0,0.0,1,315.3496195711485,919.105732347214,1
C03385,0.0,0.0,0.0,1,210.35543168517208,682.8451532994713,1
C03386,0.0,0.0,0.0,1,261.43787594549036,461.30213476164215,1
C03387,0.0,0.0,0.0,1,231.90484175398348,290.38218899704924,1
C03392,0.0,0.0,0.0,1,147.7943395295834,770.0840225077063,1
C03393,0.0,0.0,7.0,1,57.275433669611054,861.880377505257,1
C03394,0.0,0.0,14.0,1,85.27484365588052,921.1341646265723,1
C03395,0.0,0.0,20.0,1,44.465677784640754,726.2455131468452,1
C03396,0.0,0.0,15.0,1,45.06976907972047,479.8775907206693,1
C03397,0.0,0.0,9.0,1,104.87884235645087,241.1067373298058,1
C03398,0.0,1.0,51.0,1,42.65697435288893,104.79702045274827,1
C03399,0.0,0.0,43.0,1,17.84021911533985,298.04760057031746,1
C03400,0.0,0.0,47.0,1,9.980210837715582,540.0762250975997,1
C03401,0.0,0.0,46.0,1,15.612213521181967,787.10373244295,1
C03402,0.0,0.0,46.0,1,26.08031459980425,591.935383525542,1
C03403,0.0,0.0,26.0,1,58.41689072166258,361.09737006148816,1
C03404,0.0,0.0,12.0,1,77.56069817613121,188.13591645700254,1
C03405,0.0,0.0,24.0,1,45.86817660238451,255.73215569597258,1
C03406,0.0,0.0,36.0,1,11.37998924157067,380.85356025250644,1
C03407,0.0,0.0,25.0,1,25.702098888766763,132.8332412895519,1
C03408,0.0,1.0,17.0,1,63.675940671782975,123.45001266086227,1
C03409,0.0,0.0,18.0,1,4.6362305361906015,371.2615537063403,1
C03410,0.0,0.0,28.0,1,22.033299364094816,320.36103370199646,1
C03411,0.0,0.0,24.0,1,50.172136503659466,184.29449684072503,1
C03412,0.0,0.0,21.0,1,54.78792269430146,300.4958089839862,1
C03413,0.0,0.0,23.0,1,41.924920582535634,488.0152072866546,1
C03414,0.0,0.0,23.0,1,37.81610678402767,561.361836611217,1
C03415,0.0,0.0,33.0,1,30.13709221284577,527.6464054374978,1
C03416,0.0,0.0,50.0,1,18.615656570311774,328.19283617902965,1
C03417,0.0,0.0,46.0,1,22.562166639574855,249.01876689791575,1
C03418,0.0,0.0,16.0,1,52.53661250270302,375.9124297166584,1
C03419,0.0,0.0,38.0,1,10.792867230861667,587.88601221972,1
C03420,0.0,0.0,4.0,1,140.81105608308653,556.3058060624213,1
C03421,0.0,0.0,0.0,1,229.00723924673682,422.85566984882627,1
C03422,0.0,0.0,0.0,1,234.37775973880406,199.5016955101925,1
C03423,0.0,0.0,0.0,1,178.3952564232887,160.6080181671624,1
C03424,0.0,1.0,0.0,1,228.64597365306062,24.89259652573208,1
C03425,0.0,0.0,10.0,1,114.46356574787183,274.45138636876436,1
C03426,0.0,0.0,34.0,1,23.90616995907535,228.64256688462,1
C03427,0.0,0.0,30.0,1,62.36176796811191,376.2432461049724,1
C03428,0.0,0.0,29.0,1,36.74964947001682,168.34255204033016,1
C03429,0.0,0.0,39.0,1,45.61059837369493,200.2984009304511,1
C03430,0.0,0.0,15.0,1,15.741341019532253,420.59444124136996,1
C03431,0.0,0.0,16.0,1,39.21555802245872,662.3291618153203,1
C03432,0.0,0.0,33.0,1,56.31789988465361,874.6654490295289,1
C03433,0.0,0.0,32.0,1,51.13155345199841,1077.9919061838934,1
C03434,0.0,0.0,4.0,1,28.489730349595238,1079.843815389147,1
C03435,0.0,0.0,0.0,1,272.04474282752216,862.3440815983989,1
C03437,0.0,0.0,16.0,1,65.12483173469757,481.8184409019206,1
C03438,0.0,0.0,29.0,1,32.912395017346434,404.8516487009079,1
C03439,0.0,0.0,24.0,1,32.087631838606775,469.74536178500915,1
C03440,0.0,0.0,31.0,1,51.859347652483606,615.4864485311714,1
C03442,0.0,0.0,14.0,1,99.64567427719936,941.272855676403,1
C03443,0.0,0.0,3.0,1,105.04163112076702,765.892712670983,1
C03444,0.0,0.0,2.0,1,123.51996182181888,544.9096190884208,1
C03445,0.0,0.0,10.0,1,21.443640976364605,363.67752010216236,1
C03446,0.0,0.0,21.0,1,41.67209060134609,144.51186654275722,1
C03447,0.0,1.0,6.0,1,70.05410024017553,127.43873296435245,1
C03448,0.0,0.0,7.0,1,100.31533401971897,369.59110074168103,1
C03449,0.0,0.0,0.0,1,249.58531599810408,326.06810389893747,1
C03450,0.0,0.0,6.0,1,60.86553075334196,263.8997683943156,1
C03451,0.0,0.0,9.0,1,35.50037445261881,397.4490748975251,1
C03460,0.0,0.0,0.0,1,1343.7958027806342,1385.3371878254284,1
C03461,0.0,0.0,0.0,1,1417.8542237338231,1397.050764409547,1
C03462,0.0,0.0,0.0,1,1390.4066877991165,1448.7062009440308,1
C03463,0.0,0.0,0.0,1,1407.5336284413163,1506.8571876979756,1
C03464,0.0,0.0,0.0,1,1467.675397664567,1602.3381389645622,1
C03510,0.0,0.0,0.0,1,626.0869220159807,1631.9787111047021,1
C03511,0.0,0.0,0.0,1,665.9960859053377,1381.982876033576,1
C03512,0.0,0.0,0.0,1,416.14684492581694,1131.988880599586,1
C03513,0.0,0.0,0.0,1,166.75013236034883,881.9982890868746,1
C03514,0.0,0.0,6.0,1,39.16254753207388,632.0151407231032,1
C03515,0.0,0.0,3.0,1,88.14301881483725,382.05404624779675,1
C03516,0.0,0.0,0.0,1,158.85293793434545,132.2401240372355,1
C03517,0.0,1.0,0.0,1,217.44159217918275,118.36218381076458,1
C03520,0.0,0.0,0.0,1,211.91430697781578,505.6760059991819,1
C03521,0.0,0.0,14.0,1,2.8364786609826487,529.6381844714742,1
C03522,0.0,0.0,17.0,1,34.05996383904657,655.9916080691843,1
C03523,0.0,0.0,0.0,1,148.55030893147023,682.4602175320108,1
C03524,0.0,0.0,28.0,1,8.580239892567874,640.6323739784838,1
C03525,0.0,0.0,25.0,1,58.56978288985206,492.6284345247465,1
C03526,0.0,0.0,44.0,1,30.493101704830753,265.57999023317296,1
C03527,0.0,0.0,28.0,1,46.620084415601646,152.91398864133396,1
C03528,0.0,0.0,24.0,1,6.422849342952809,318.170779035649,1
C03529,0.0,0.0,16.0,1,34.324433672402044,551.4368516358891,1
C03530,0.0,0.0,32.0,1,2.3254531559410165,794.9418582840202,1
C03531,0.0,0.0,48.0,1,35.2778476774128,569.7462439074638,1
C03532,0.0,0.0,21.0,1,100.7579995940194,323.44179513856307,1
C03533,0.0,1.0,6.0,1,130.57769507724652,98.073478771017,1
C03534,0.0,0.0,23.0,1,69.57584328705866,199.05330852322462,1
C03535,0.0,0.0,34.0,1,18.009383164852867,382.7444052492206,1
C03536,0.0,0.0,42.0,1,8.380984344854067,257.0102742105719,1
C03537,0.0,0.0,11.0,1,57.19096009422364,252.28855836972093,1
C03538,0.0,0.0,17.0,1,67.85372850730282,331.3141441817876,1
C03539,0.0,0.0,7.0,1,21.697599568103485,269.0344766663361,1
C03540,0.0,0.0,59.0,1,6.5373068748014775,362.30538512191976,1
C03541,0.0,0.0,10.0,1,119.00785925060809,324.210256986411,1
C03542,0.0,0.0,39.0,1,62.67299719825967,238.91538208260462,1
C03543,0.0,0.0,31.0,1,38.2724735613285,366.1267934147394,1
C03544,0.0,0.0,55.0,1,11.856212162845054,466.4117648726617,1
C03545,0.0,0.0,13.0,1,42.90960303370621,216.4249129831272,1
C03546,0.0,1.0,9.0,1,15.295648401819298,33.7572437837762,1
C03547,0.0,0.0,12.0,1,88.44556765241758,283.61833519009383,1
C03548,0.0,0.0,33.0,1,23.358674296984955,533.6095656977333,1
C03549,0.0,0.0,18.0,1,15.59091345030235,407.3767766303594,1
C03550,0.0,0.0,16.0,1,28.49896045955849,203.898035356108,1
C03551,0.0,0.0,22.0,1,23.670019019302917,195.68496875408886,1
C03552,0.0,1.0,7.0,1,51.41541016250173,155.84163751844608,1
C03553,0.0,0.0,29.0,1,15.471693655992683,246.323642141726,1
C03554,0.0,0.0,50.0,1,42.01479899676471,367.93920529879523,1
C03555,0.0,0.0,50.0,1,14.663663662731091,473.09608974300124,1
C03556,0.0,0.0,37.0,1,30.37524605783609,520.800061012026,1
C03557,0.0,0.0,37.0,1,6.553729720797144,397.50841266314666,1
C03558,0.0,0.0,36.0,1,6.178808990333581,412.0596713169331,1
C03559,0.0,0.0,22.0,1,20.90108917512061,553.6907144910987,1
C03560,0.0,0.0,17.0,1,61.63537836229061,753.8923277905857,1
C03561,0.0,0.0,30.0,1,60.160149678801105,977.3095090550139,1
C03562,0.0,0.0,19.0,1,30.898701328672946,1211.1622975791465,1
C03563,0.0,0.0,0.0,1,183.07448823121766,972.6211381599388,1
C03564,0.0,0.0,0.0,1,356.5123321220238,740.55143761123,1
C03565,0.0,0.0,0.0,1,248.41985085161,525.2056598139285,1
C03566,0.0,0.0,26.0,1,72.57411991846888,358.14178540503826,1
C03567,0.0,0.0,60.0,1,14.36591405958786,325.10012581608305,1
C03568,0.0,0.0,71.0,1,47.48713066889702,309.2670493932005,1
C03569,0.0,0.0,20.0,1,22.994586909128984,402.1586976483592,1
C03570,0.0,0.0,27.0,1,60.047238297369184,593.9841145586912,1
C03571,0.0,0.0,8.0,1,37.89623025164392,817.8646823294918,1
C03572,0.0,0.0,27.0,1,35.36149711991561,706.1634814140289,1
C03573,0.0,0.0,20.0,1,75.61270036552958,457.1670462045054,1
C03574,0.0,0.0,13.0,1,35.43229685088269,210.56247003662205,1
C03575,0.0,1.0,36.0,1,31.590346747056333,68.34763668550876,1
C03576,0.0,0.0,18.0,1,50.43915518781646,300.0104083078873,1
C03577,0.0,0.0,3.0,1,82.79654028753737,412.88561866509474,1
C03578,0.0,0.0,0.0,1,173.4266049849182,198.54961462077256,1
C03579,0.0,1.0,23.0,1,15.579758594436347,52.389205418505966,1
C03580,0.0,0.0,15.0,1,17.814016308925176,301.7736042511133,1
C03581,0.0,0.0,0.0,1,246.00797590286302,551.7154951612586,1
C03589,0.0,0.0,0.0,1,1112.4703932224666,1135.6216475910003,1
C03590,0.0,0.0,0.0,1,1173.7802849327313,1149.8818377740085,1
C03591,0.0,0.0,0.0,1,1140.4737239469534,1202.165079794407,1
C03592,0.0,0.0,0.0,1,1161.2925870469076,1271.6405964502933,1
C03636,0.0,0.0,0.0,1,565.2385821542996,1981.1410547308217,1
C03637,0.0,0.0,0.0,1,462.52275479889107,1876.1173561154073,1
C03638,0.0,0.0,0.0,1,351.4034353042009,1799.9202174249222,1
C03639,0.0,0.0,0.0,1,395.3574714601235,1649.7030484961922,1
C03640,0.0,0.0,0.0,1,560.473626618676,1402.869311222075,1
C03641,0.0,0.0,0.0,1,467.2747770054119,1157.3955505875117,1
C03642,0.0,0.0,0.0,1,236.7016494113205,914.3777210052963,1
C03643,0.0,0.0,4.0,1,109.34413048172837,676.4678653283607,1
C03644,0.0,0.0,7.0,1,113.55170537804327,451.8085091861142,1
C03645,0.0,0.0,0.0,1,177.7583950603081,275.05105912184524,1
C03646,0.0,0.0,8.0,1,45.22991025806269,268.6545016840749,1
C03647,0.0,0.0,10.0,1,51.23732917126281,255.7270927550758,1
C03648,0.0,0.0,2.0,1,134.86491338238125,260.2439464995167,1
C03649,0.0,0.0,0.0,1,299.90446806967975,261.1425430141066,1
C03650,0.0,0.0,0.0,1,227.2514140744151,304.9652622493738,1
C03651,0.0,0.0,4.0,1,87.52306622856794,474.46335231316357,1
C03652,0.0,0.0,40.0,1,51.144366156663,456.0874343647123,1
C03653,0.0,0.0,18.0,1,46.64779043997299,390.7347410467288,1
C03654,0.0,0.0,32.0,1,12.769759216419946,317.2617020108583,1
C03655,0.0,0.0,25.0,1,19.723278477654844,200.35961047296777,1
C03656,0.0,1.0,18.0,1,72.44973666798032,122.34548197134443,1
C03657,0.0,0.0,30.0,1,58.96555449424305,299.945425281208,1
C03658,0.0,0.0,18.0,1,55.66631550091167,538.4850038166791,1
C03659,0.0,0.0,9.0,1,115.37778331270731,784.1970036437101,1
C03660,0.0,0.0,13.0,1,102.85171577238246,651.0253962971001,1
C03661,0.0,0.0,2.0,1,159.34220311447018,451.48408501251635,1
C03662,0.0,0.0,0.0,1,147.71166210279344,329.9116418306302,1
C03663,0.0,0.0,0.0,1,205.6240094859966,372.61978451388615,1
C03664,0.0,0.0,11.0,1,90.59523592048274,227.64522356636706,1
C03665,0.0,1.0,2.0,1,138.16863292164234,71.6991261996823,1
C03666,0.0,0.0,2.0,1,137.20796342933883,246.81254762998697,1
C03667,0.0,0.0,31.0,1,22.585305698860992,142.21011296186248,1
C03668,0.0,2.0,5.0,1,109.4888616061298,20.270109567809836,1
C03669,0.0,0.0,27.0,1,54.864086492589905,177.00995596785015,1
C03670,0.0,0.0,29.0,1,74.05905295538994,221.43623910244503,1
C03671,0.0,1.0,28.0,1,46.98738321987579,31.658759424801815,1
C03672,0.0,0.0,73.0,1,10.396334256039495,279.232064972488,1
C03673,0.0,0.0,25.0,1,19.728343617415952,529.092444823475,1
C03674,0.0,0.0,28.0,1,17.694820305991694,333.12002071366555,1
C03675,0.0,0.0,42.0,1,45.150455489778174,255.477507323827,1
C03676,0.0,0.0,39.0,1,44.71869139904103,380.2217317520386,1
C03677,0.0,0.0,44.0,1,36.32044039496213,590.6508053364884,1
C03678,0.0,0.0,21.0,1,66.8269656076901,383.9733407630317,1
C03679,0.0,1.0,25.0,1,25.155359624291894,151.83575699110588,1
C03680,0.0,0.0,34.0,1,24.61508919128575,153.85924666850894,1
C03681,0.0,0.0,32.0,1,35.058621565410355,384.4194277989575,1
C03682,0.0,0.0,27.0,1,60.092985277462965,495.71265062951267,1
C03683,0.0,0.0,33.0,1,10.041349140420554,566.0697431519204,1
C03684,0.0,0.0,23.0,1,19.333795874699387,721.206542004456,1
C03685,0.0,0.0,43.0,1,13.809611239746179,725.1940615177797,1
C03686,0.0,0.0,10.0,1,11.101349767616997,642.406928238245,1
C03687,0.0,0.0,9.0,1,40.307902381526624,651.5112401458183,1
C03688,0.0,0.0,24.0,1,47.900802596523526,749.1642881399157,1
C03689,0.0,0.0,33.0,1,8.394529723296626,907.2085566241266,1
C03690,0.0,0.0,22.0,1,29.326108285533323,1099.9125418867973,1
C03691,0.0,0.0,0.0,1,195.07702195533838,1171.9626861826082,1
C03692,0.0,0.0,0.0,1,376.32695991848897,922.4538422907019,1
C03695,0.0,0.0,23.0,1,12.056423081621642,182.19426778703237,1
C03696,0.0,1.0,55.0,1,79.02227770603258,103.05001002900191,1
C03697,0.0,1.0,23.0,1,48.20804496728171,59.6167561100599,1
C03698,0.0,0.0,50.0,1,13.18487102669369,263.8932887796399,1
C03699,0.0,0.0,30.0,1,77.49529664713147,510.6125518598054,1
C03700,0.0,0.0,25.0,1,38.54939337770595,759.4805385068339,1
C03701,0.0,0.0,30.0,1,51.51057282762408,731.9440399668858,1
C03702,0.0,0.0,19.0,1,30.24744835793742,496.0614108108159,1
C03703,0.0,0.0,15.0,1,77.7668971917522,285.32747667932017,1
C03704,0.0,0.0,18.0,1,49.71235447600611,204.31988302844863,1
C03705,0.0,0.0,2.0,1,60.10725734473945,283.38536035274814,1
C03706,0.0,0.0,11.0,1,18.951629314843665,240.95607096213513,1
C03707,0.0,1.0,6.0,1,43.77991853401654,104.44233711305951,1
C03708,0.0,0.0,15.0,1,97.1055897154878,246.67016424811376,1
C03709,0.0,0.0,0.0,1,137.69380547749432,386.2238331699852,1
C03717,0.0,0.0,0.0,1,790.7144065577224,936.7615569702338,1
C03718,0.0,0.0,0.0,1,891.2876034267781,886.0665488452489,1
C03719,0.0,0.0,0.0,1,932.8503174859758,904.2707798816475,1
C03720,0.0,0.0,0.0,1,890.5783921420694,957.4195013161672,1
C03721,0.0,0.0,0.0,1,917.0877985596697,1043.32211179667,1
C03754,0.0,0.0,0.0,1,218.33248394137598,3515.9272429723364,1
C03755,0.0,0.0,2.0,1,116.88264524234522,3423.4961426996088,1
C03756,0.0,0.0,0.0,1,305.492856786404,3347.2238198667173,1
C03765,0.0,0.0,0.0,1,357.3049631231826,1764.6992350900787,1
C03766,0.0,0.0,0.0,1,258.67926451083997,1645.922186953266,1
C03767,0.0,0.0,4.0,1,113.14462137875633,1558.5109241460373,1
C03768,0.0,0.0,0.0,1,213.61232773236662,1507.9299572128834,1
C03769,0.0,0.0,0.0,1,362.8586906594758,1373.7397703650108,1
C03770,0.0,0.0,0.0,1,254.5869937144175,1233.9895036986477,1
C03771,0.0,0.0,0.0,1,225.8556696603131,1009.5802352411149,1
C03772,0.0,0.0,7.0,1,34.754181219349675,800.4838583885215,1
C03773,0.0,0.0,1.0,1,134.3750830342942,622.3315544720872,1
C03774,0.0,0.0,0.0,1,169.3050665321945,508.7422921703229,1
C03775,0.0,0.0,0.0,1,138.6243035392156,371.13895778374786,1
C03776,0.0,1.0,0.0,1,138.42634948099303,122.7790360993552,1
C03777,0.0,0.0,14.0,1,58.6816141928345,131.9289863000809,1
C03778,0.0,1.0,2.0,1,98.88833620600103,75.3832375297344,1
C03779,0.0,0.0,2.0,1,38.792943247580965,174.61676868909004,1
C03780,0.0,0.0,0.0,1,169.3078628808234,228.6955634835712,1
C03781,0.0,0.0,18.0,1,38.43584282951385,274.37118481526454,1
C03782,0.0,0.0,22.0,1,47.13542049426935,141.19998984561053,1
C03783,0.0,0.0,20.0,1,23.9730374563965,250.98790627390758,1
C03784,0.0,1.0,28.0,1,10.645604541285191,49.83889085656432,1
C03785,0.0,0.0,10.0,1,30.350110623663348,132.61286679529974,1
C03786,0.0,0.0,7.0,1,100.61499754591289,304.2778559606204,1
C03787,0.0,0.0,2.0,1,133.97467376051648,540.9102095693113,1
C03789,0.0,0.0,39.0,1,31.3743079251671,604.9399983899872,1
C03790,0.0,0.0,39.0,1,18.802472470038232,528.9820004310536,1
C03791,0.0,0.0,26.0,1,36.600471237735164,481.91347244671266,1
C03792,0.0,0.0,2.0,1,111.22599245007274,503.8184186692326,1
C03793,0.0,0.0,28.0,1,52.952146983027035,286.6206829166082,1
C03794,0.0,1.0,0.0,1,145.04380668848697,120.17273766632474,1
C03795,0.0,0.0,34.0,1,22.79801419487725,146.43076744462402,1
C03796,0.0,0.0,75.0,1,26.211496662371893,235.9626460318265,1
C03797,0.0,0.0,33.0,1,79.21857379280131,228.9489124166528,1
C03798,0.0,1.0,25.0,1,17.371376152571628,79.32375531068777,1
C03799,0.0,0.0,38.0,1,33.350174524544116,236.1361114459162,1
C03800,0.0,0.0,50.0,1,21.718739728573354,264.43145482517394,1
C03801,0.0,0.0,80.0,1,34.35128398407331,383.2652650077232,1
C03802,0.0,0.0,22.0,1,35.12491869422192,564.0857571775161,1
C03803,0.0,0.0,23.0,1,23.9507117351167,547.8121516001555,1
C03804,0.0,0.0,33.0,1,70.46264970114404,504.37878820278996,1
C03805,0.0,0.0,37.0,1,16.772005046079727,577.6657948477113,1
C03806,0.0,0.0,77.0,1,11.741768119113742,557.0259944188743,1
C03807,0.0,0.0,66.0,1,12.13725200647747,502.88510630258634,1
C03808,0.0,0.0,20.0,1,14.344854409066937,359.90802350051,1
C03809,0.0,0.0,5.0,1,9.742527283868965,360.76634552627354,1
C03810,0.0,0.0,19.0,1,54.734951950676624,505.73800208084174,1
C03811,0.0,0.0,20.0,1,14.317131727674708,506.15721432164855,1
C03812,0.0,0.0,57.0,1,18.134009124497926,591.967660375966,1
C03813,0.0,0.0,22.0,1,27.937582371048585,754.7557858354838,1
C03814,0.0,0.0,5.0,0,96.22197573960706,951.6197508307488,1
C03815,0.0,0.0,11.0,1,83.1675245702091,890.1462715526145,1
C03816,0.0,0.0,2.0,1,54.163448485136854,896.7388802471237,1
C03817,0.0,0.0,12.0,1,107.72654011359828,970.0107493913198,1
C03818,0.0,0.0,68.0,1,17.986064138664965,921.6253565564681,1
C03819,0.0,0.0,28.0,1,59.64118948731254,925.5773640307953,1
C03820,0.0,0.0,0.0,1,178.82422540560952,994.4815814104118,1
C03823,0.0,0.0,0.0,1,363.7890750496625,459.0200547070604,1
C03824,0.0,0.0,0.0,1,201.9412149845591,251.24482875433924,1
C03825,0.0,0.0,8.0,1,46.594772598783436,201.36662416677143,1
C03826,0.0,0.0,32.0,1,30.129255839600038,190.9507983167298,1
C03827,0.0,0.0,6.0,1,82.2244637035864,299.174962654377,1
C03828,0.0,0.0,4.0,1,107.26719338191,441.552711535623,1
C03829,0.0,0.0,8.0,1,80.13957120740046,596.0865056628083,1
C03830,0.0,0.0,6.0,1,60.60825933227974,624.4560334467395,1
C03831,0.0,0.0,4.0,1,116.07174639192759,580.2685096717761,1
C03832,0.0,0.0,0.0,1,216.2667821128439,330.626269763493,1
C03833,0.0,1.0,2.0,1,100.65811522002419,83.16199371551832,1
C03834,0.0,0.0,16.0,1,41.15552642290963,171.80833547810704,1
C03835,0.0,0.0,12.0,1,95.62338911592393,265.32254949750774,1
C03836,0.0,0.0,0.0,1,243.69896544198787,153.27588138611188,1
C03837,0.0,0.0,0.0,1,301.3590172794003,318.3423777363264,1
C03845,0.0,0.0,0.0,1,512.7067092201089,845.8178898304856,1
C03846,0.0,0.0,0.0,1,554.1051244697451,705.6908792966851,1
C03847,0.0,0.0,0.0,1,675.8895065963186,636.8605275001441,1
C03848,0.0,0.0,0.0,1,687.5380492130865,661.9539605236871,1
C03849,0.0,0.0,0.0,1,640.7647228798379,716.3123089294949,1
C03850,0.0,0.0,0.0,1,677.1259763175116,827.6305041425609,1
C03851,0.0,0.0,0.0,1,794.6192456268669,990.8789930413475,1
C03883,0.0,0.0,0.0,1,184.12106719726157,3288.3680223424803,1
C03884,0.0,0.0,8.0,1,98.71024744997858,3189.348791143521,1
C03885,0.0,0.0,0.0,1,303.9796904075193,3107.334415986261,1
C03894,0.0,0.0,0.0,1,246.3500774137866,1558.334656585377,1
C03895,0.0,0.0,2.0,1,9.33508460192466,1422.4286826033065,1
C03896,0.0,0.0,24.0,1,17.161480254237542,1320.3029244344236,1
C03897,0.0,0.0,2.0,1,144.1892389548178,1260.196916139539,1
C03898,0.0,0.0,0.0,1,160.4363343263069,1185.9415507993167,1
C03899,0.0,0.0,4.0,1,24.176032436738982,1024.0002297742005,1
C03900,0.0,0.0,0.0,1,169.95321888269825,903.158667811444,1
C03901,0.0,0.0,4.0,1,80.28459606014385,771.715688673645,1
C03902,0.0,0.0,2.0,1,62.9286378106275,572.6275243786624,1
C03903,0.0,0.0,0.0,1,166.43425793197255,430.41777287541584,1
C03904,0.0,0.0,20.0,1,83.65347783266789,409.4101082509206,1
C03905,0.0,0.0,13.0,1,15.416146402023161,299.58811298516235,1
C03906,0.0,0.0,18.0,1,19.491295624038383,303.45280219943686,1
C03907,0.0,0.0,6.0,1,22.82893789210373,261.0935411477163,1
C03908,0.0,0.0,0.0,1,218.20107398208094,304.92330287468855,1
C03909,0.0,1.0,1.0,1,124.40354307601359,66.99140859760374,1
C03910,0.0,0.0,29.0,1,11.695559896128549,189.301024830155,1
C03911,0.0,5.0,52.0,1,12.875394273164806,17.93839886852453,1
C03912,0.0,0.0,3.0,1,148.54565712256942,211.4783295493426,1
C03913,0.0,0.0,0.0,1,167.25879806249415,299.7062838426076,1
C03914,0.0,0.0,0.0,1,163.71012402459095,381.0563316893386,1
C03915,0.0,0.0,14.0,1,23.13483714927324,469.25767879583964,1
C03916,0.0,0.0,0.0,1,232.9394642757497,648.2295969000363,1
C03918,0.0,0.0,44.0,1,18.021160604091545,365.32310062768937,1
C03919,0.0,0.0,50.0,1,16.86084763024753,319.10421747526635,1
C03920,0.0,0.0,24.0,1,56.5525446235476,232.90800706740714,1
C03921,0.0,0.0,8.0,1,73.4420249541162,362.8564149932045,1
C03922,0.0,0.0,28.0,1,19.3905778319603,466.8688681940937,1
C03923,0.0,0.0,0.0,1,166.5878941908523,316.1756202888456,1
C03924,0.0,0.0,35.0,1,38.65683271589816,315.5687621307568,1
C03925,0.0,1.0,39.0,1,69.94611596400972,66.40581997805646,1
C03926,0.0,0.0,67.0,1,12.371356073121206,185.02924693458033,1
C03927,0.0,0.0,48.0,1,3.270814103229109,208.5039776560706,1
C03928,0.0,1.0,17.0,1,33.97886357355538,89.63815974967801,1
C03929,0.0,0.0,45.0,1,18.729393487714624,312.4037302405565,1
C03930,0.0,0.0,70.0,1,22.85326187136404,478.83600996201227,1
C03931,0.0,0.0,30.0,1,60.465375584880164,324.66714323475594,1
C03932,0.0,0.0,12.0,1,77.54498981969573,326.39482740401195,1
C03933,0.0,0.0,29.0,1,38.27705648214113,482.34677651661775,1
C03934,0.0,0.0,13.0,1,44.55192802911524,551.1551277572511,1
C03935,0.0,0.0,26.0,1,62.82124363032512,348.4070127533879,1
C03936,0.0,0.0,87.0,1,17.050461869091098,252.98798038319345,1
C03937,0.0,0.0,36.0,1,3.8232183530296453,362.7924887604411,1
C03938,0.0,0.0,47.0,1,24.2814603587062,504.1352911768928,1
C03939,0.0,0.0,22.0,1,92.87609736778056,313.6606081916475,1
C03940,0.0,0.0,16.0,1,92.58714363738754,260.02608033098903,1
C03941,0.0,0.0,71.0,1,8.735499684613403,402.29858037711455,1
C03942,0.0,0.0,33.0,1,24.50849797123702,617.3125084546607,1
C03943,0.0,0.0,5.0,1,87.78535247703843,851.6485885714419,1
C03944,0.0,0.0,19.0,1,67.18190433060725,1087.4273440754753,1
C03945,0.0,0.0,6.0,1,102.41703568916546,902.6618345767148,1
C03946,0.0,0.0,28.0,1,36.22932818787059,756.371963097363,1
C03947,0.0,0.0,48.0,1,26.825432601076947,674.0910216863276,1
C03948,0.0,0.0,51.0,1,59.15006738300314,679.4842635973811,1
C03949,0.0,0.0,7.0,1,107.97287435648954,770.7133211738548,1
C03952,0.0,0.0,0.0,1,394.22284789393785,604.6723272852969,1
C03953,0.0,0.0,0.0,1,152.60267171864172,394.48760789928133,1
C03954,0.0,0.0,3.0,1,50.68267295680158,152.8829553025463,1
C03955,0.0,1.0,20.0,1,8.72650270139732,126.98788626472835,1
C03956,0.0,1.0,13.0,1,53.00676525301802,93.38461339695344,1
C03957,0.0,0.0,4.0,1,70.83511921215899,337.9109717137218,1
C03958,0.0,0.0,2.0,1,125.15921086525488,347.96860005269673,1
C03959,0.0,0.0,6.0,1,122.42161422737189,394.5989889715531,1
C03960,0.0,0.0,21.0,1,49.55295225076936,561.5465943019423,1
C03961,0.0,0.0,10.0,1,52.72670455955945,428.3976796566747,1
C03962,0.0,0.0,0.0,1,164.28010680723568,284.82759500483934,1
C03963,0.0,1.0,10.0,1,25.9286274064501,94.48017338212078,1
C03964,0.0,0.0,20.0,1,21.71987732691931,171.253238695759,1
C03965,0.0,0.0,0.0,1,240.94419228593108,401.346221917861,1
C03974,0.0,0.0,0.0,1,263.9533782792213,678.8853402913687,1
C03975,0.0,0.0,0.0,1,337.39547298286647,493.43390603784076,1
C03976,0.0,0.0,0.0,1,430.1813538171126,388.67561538253705,1
C03977,0.0,0.0,0.0,1,438.6982758051149,428.55623710106835,1
C03978,0.0,0.0,0.0,1,391.1891967120226,484.3083174459324,1
C03979,0.0,0.0,0.0,1,448.2735162162329,637.5135087279917,1
C03980,0.0,0.0,0.0,1,611.4485285431089,838.6253044560726,1
C03981,0.0,0.0,0.0,1,819.6276354383134,1060.7362201496685,1
C04012,0.0,0.0,0.0,1,375.1364593179573,3064.30809855245,1
C04013,0.0,0.0,0.0,1,342.48173918848676,2957.7974210649,1
C04023,0.0,0.0,0.0,1,312.10434234270224,1366.6200691862464,1
C04024,0.0,0.0,0.0,1,240.80145243833377,1209.3580399038715,1
C04025,0.0,0.0,4.0,1,110.68096111553635,1087.4020985162974,1
C04026,0.0,0.0,12.0,1,61.111425554951275,1013.5777123808322,1
C04027,0.0,0.0,2.0,1,123.64905092877414,998.6171609844657,1
C04028,0.0,0.0,0.0,1,128.91947609803591,832.3898580637507,1
C04029,0.0,0.0,2.0,1,139.2022092358686,678.2270891616746,1
C04030,0.0,0.0,0.0,1,313.87212669990566,593.3894953047662,1
C04031,0.0,0.0,0.0,1,311.78456293477285,436.66060295801833,1
C04032,0.0,0.0,4.0,1,80.45350405948676,219.15670125884253,1
C04033,0.0,0.0,2.0,1,108.75239219586004,174.3182068449965,1
C04034,0.0,0.0,18.0,1,49.96145034547206,354.8663436326629,1
C04035,0.0,0.0,8.0,1,25.347600181127593,486.1387139740365,1
C04036,0.0,0.0,6.0,1,48.521298816121465,505.62539686772465,1
C04037,0.0,0.0,0.0,1,200.95417263040915,315.38307857103075,1
C04038,0.0,0.0,0.0,1,152.05393379471758,200.43055065270124,1
C04039,0.0,1.0,28.0,1,24.224244126470843,94.61166614287256,1
C04040,0.0,0.0,34.0,1,22.66213001027586,168.6405519869294,1
C04041,0.0,0.0,2.0,1,128.58383844622662,312.04625171099605,1
C04044,0.0,0.0,18.0,1,38.9856328954522,687.6194620498511,1
C04047,0.0,0.0,24.0,1,78.47159642429963,161.15065638209464,1
C04048,0.0,1.0,15.0,1,44.635508596639454,147.05536123388447,1
C04049,0.0,1.0,38.0,1,8.626186175629012,35.379154689933934,1
C04050,0.0,0.0,53.0,1,10.477682884243192,280.48230377723223,1
C04051,0.0,0.0,23.0,1,17.52599071564926,530.178235009504,1
C04052,0.0,0.0,18.0,1,15.981874348857048,557.2185916243761,1
C04053,0.0,0.0,19.0,1,7.998171590528415,395.1966057307296,1
C04054,0.0,0.0,43.0,1,52.137005466987596,246.9948308675904,1
C04055,0.0,1.0,11.0,1,31.14487690830075,103.5133561702678,1
C04056,0.0,0.0,13.0,1,85.38450056945943,205.02898644519843,1
C04057,0.0,0.0,40.0,1,21.51464798934457,186.5679430591483,1
C04058,0.0,0.0,48.0,1,19.6715551207211,352.65945097533853,1
C04059,0.0,0.0,8.0,1,111.04187638673372,263.24181755647544,1
C04060,0.0,1.0,0.0,1,146.62899725323874,132.75830046329855,1
C04061,0.0,0.0,67.0,1,16.04661257993536,136.92916344512105,1
C04062,0.0,0.0,41.0,1,13.293590859383837,380.62373186870246,1
C04063,0.0,0.0,12.0,1,76.15390923957611,489.77695222469913,1
C04064,0.0,0.0,45.0,1,13.857703140826292,239.78518430700197,1
C04065,0.0,1.0,54.0,1,14.826383684533978,10.602183537865907,1
C04066,0.0,0.0,40.0,1,15.386439563687135,260.24580299862333,1
C04067,0.0,0.0,62.0,1,12.009361638117177,436.54418865958706,1
C04068,0.0,0.0,68.0,1,14.806550302678108,186.551370870334,1
C04069,0.0,1.0,56.0,1,1.8749104550799642,63.49802591218593,1
C04070,0.0,0.0,37.0,1,20.26705505187416,313.4686341819359,1
C04071,0.0,0.0,45.0,1,18.695749564003254,563.4653227458032,1
C04072,0.0,0.0,32.0,1,30.238727705940786,813.4640466905565,1
C04073,0.0,0.0,13.0,1,61.93058628961287,955.2505620586267,1
C04074,0.0,0.0,18.0,1,22.793818996953025,738.1082544394694,1
C04075,0.0,0.0,6.0,1,86.9224204576944,549.6398404683185,1
C04076,0.0,0.0,4.0,1,70.45072551322426,429.4230003020296,1
C04077,0.0,0.0,15.0,1,93.49923169534544,437.84046426381735,1
C04078,0.0,0.0,0.0,1,158.33385292658778,569.2138711460863,1
C04080,0.0,0.0,0.0,1,608.8798052636457,768.5646817131162,1
C04081,0.0,0.0,0.0,1,374.22849163068787,666.3969463675242,1
C04082,0.0,0.0,0.0,1,175.8978597435874,432.24716929542075,1
C04083,0.0,0.0,0.0,1,195.16878198848144,233.64575878848586,1
C04084,0.0,0.0,10.0,1,71.55024748250939,217.58461764516014,1
C04085,0.0,0.0,12.0,1,55.67666881307217,230.07762550789033,1
C04086,0.0,0.0,21.0,1,22.179111554685257,319.71699288156657,1
C04087,0.0,1.0,0.0,1,187.50334249658715,108.83552274864101,1
C04088,0.0,0.0,14.0,1,72.97417550686752,215.5722303236394,1
C04089,0.0,0.0,6.0,1,114.82485288751579,453.9797373908295,1
C04090,0.0,0.0,2.0,1,151.2333776799903,507.4127437543016,1
C04091,0.0,0.0,8.0,1,111.41539413230825,267.7397294519625,1
C04092,0.0,1.0,15.0,1,35.81316343930159,95.52984783513138,1
C04093,0.0,0.0,20.0,1,41.89056731949087,267.5207299029304,1
C04094,0.0,0.0,0.0,1,188.83578858312148,508.5867250107761,1
C04096,0.0,0.0,0.0,1,676.9830742222371,839.2620753835176,1
C04102,0.0,0.0,4.0,1,48.0812756207245,820.83554589365,1
C04103,0.0,0.0,4.0,1,38.400548573088784,575.6411275853728,1
C04104,0.0,0.0,0.0,1,206.5465868280707,337.5713585791791,1
C04105,0.0,0.0,0.0,1,194.55031261803975,146.78602282992037,1
C04106,0.0,0.0,0.0,1,189.46882025299593,184.76157962993983,1
C04107,0.0,0.0,0.0,1,143.1032674718485,284.6151239318035,1
C04108,0.0,0.0,0.0,1,261.53145676531375,502.86647952918986,1
C04109,0.0,0.0,0.0,1,491.2421608478398,741.4469796940617,1
C04110,0.0,0.0,0.0,1,689.4799941589984,985.7040890453949,1
C04141,0.0,0.0,0.0,1,610.372147819155,2844.5744840562124,1
C04142,0.0,0.0,0.0,1,591.1329099395476,2729.5027855907583,1
C04153,0.0,0.0,4.0,1,94.25625674428359,1013.3066565791869,1
C04154,0.0,0.0,0.0,1,159.57425097381986,864.1104301217545,1
C04155,0.0,0.0,4.0,1,75.28680014891654,769.1445186846988,1
C04156,0.0,0.0,0.0,1,201.74855352434824,749.3195218331299,1
C04157,0.0,0.0,0.0,1,223.7128018953961,679.830332536852,1
C04158,0.0,0.0,4.0,1,33.347401073002885,478.8406725649919,1
C04159,0.0,0.0,6.0,1,100.71971326371256,348.4357880123982,1
C04160,0.0,0.0,0.0,1,182.40851825035298,372.1916267638862,1
C04161,0.0,0.0,0.0,1,220.4822744740454,189.2085098675058,1
C04162,0.0,1.0,0.0,1,158.85306068658528,134.74805281442647,1
C04163,0.0,1.0,2.0,1,85.09461369435675,132.6085000416097,1
C04164,0.0,0.0,0.0,1,250.45840531427763,357.75094921523333,1
C04165,0.0,0.0,6.0,1,118.71179325718009,327.88879590657206,1
C04166,0.0,0.0,28.0,1,73.46130104858685,248.601092622141,1
C04167,0.0,1.0,34.0,1,31.725746931337056,50.0841555676687,1
C04168,0.0,0.0,41.0,1,33.09999709491094,157.25901696322498,1
C04169,0.0,1.0,20.0,1,26.30701000733249,82.85607978413366,1
C04170,0.0,0.0,0.0,1,151.34297505430823,275.3150148277801,1
C04173,0.0,0.0,12.0,1,80.0293822284197,896.7808407181957,1
C04174,0.0,0.0,10.0,1,29.21297593098917,653.5798419642656,1
C04175,0.0,0.0,47.0,1,19.084691780261206,415.719081877754,1
C04176,0.0,0.0,31.0,1,49.96038186005198,208.51402891060124,1
C04177,0.0,0.0,22.0,1,15.79981150766954,197.8227627644993,1
C04178,0.0,0.0,28.0,1,12.20510191278343,270.6607275114681,1
C04179,0.0,0.0,4.0,1,78.73053563035523,388.1698952297131,1
C04180,0.0,0.0,26.0,1,8.959280751741572,594.2175575563682,1
C04181,0.0,0.0,34.0,1,60.782879805755385,729.5250908570449,1
C04182,0.0,0.0,25.0,1,40.14112658377978,581.1859175250561,1
C04183,0.0,0.0,3.0,1,124.55779419153578,354.374357833185,1
C04184,0.0,1.0,31.0,1,20.544638385610433,114.93284209495879,1
C04185,0.0,0.0,23.0,1,29.499096684270846,140.2040247348067,1
C04186,0.0,0.0,29.0,1,75.93686184535441,371.8306372589576,1
C04187,0.0,0.0,20.0,1,10.236888805768384,281.2410036517961,1
C04188,0.0,1.0,4.0,1,127.19160258875911,33.04170303638906,1
C04189,0.0,0.0,0.0,1,188.96090378711335,180.42032257953326,1
C04190,0.0,0.0,1.0,1,134.09067767802907,236.57051432388315,1
C04191,0.0,0.0,21.0,1,35.920968460186835,426.72056161772167,1
C04192,0.0,0.0,19.0,1,8.633307677640694,548.6264220832959,1
C04193,0.0,0.0,34.0,1,36.34125612894444,344.39283193839333,1
C04194,0.0,0.0,36.0,1,20.036996926679937,247.43058495904282,1
C04195,0.0,0.0,55.0,1,29.28183291799157,358.93922334540395,1
C04196,0.0,0.0,35.0,1,40.39309494397482,501.98532398358407,1
C04197,0.0,0.0,32.0,1,20.377251667068652,310.1932475345773,1
C04198,0.0,0.0,51.0,1,69.68076178465815,255.83282849781284,1
C04199,0.0,0.0,28.0,1,21.435296880731812,399.60107789936586,1
C04200,0.0,0.0,27.0,1,55.63646534999206,615.557963785279,1
C04201,0.0,0.0,48.0,1,59.580462536116414,850.3776761537326,1
C04202,0.0,0.0,37.0,1,16.542292605015735,876.0759350556333,1
C04203,0.0,0.0,2.0,1,107.66825106015062,632.3046757236265,1
C04204,0.0,0.0,0.0,1,138.45313164242611,396.3702333681462,1
C04205,0.0,0.0,0.0,1,146.6127128616494,198.51831366067185,1
C04206,0.0,0.0,3.0,1,78.00064275218172,216.1242231149371,1
C04207,0.0,0.0,0.0,1,266.0476605986646,423.09554331781055,1
C04210,0.0,0.0,0.0,1,317.09478992984094,460.4119259740818,1
C04211,0.0,0.0,10.0,1,72.60203493539208,499.6270564908956,1
C04212,0.0,0.0,24.0,1,92.53341249772659,459.13776056610095,1
C04213,0.0,0.0,5.0,1,69.9044237641407,451.17647147607056,1
C04214,0.0,0.0,0.0,1,168.3865427088283,471.32869793743686,1
C04215,0.0,0.0,9.0,1,57.00823979211052,343.485050513946,1
C04216,0.0,0.0,4.0,1,47.89037770023383,166.1571406870806,1
C04217,0.0,0.0,0.0,1,223.92100060539187,249.46825624925626,1
C04218,0.0,0.0,2.0,1,80.15979462265018,462.5164950791361,1
C04219,0.0,0.0,8.0,1,113.99546855676219,331.6692050511672,1
C04220,0.0,0.0,30.0,1,63.39368804712789,173.45977637547333,1
C04221,0.0,0.0,4.0,1,131.40337901235313,274.1753571369704,1
C04222,0.0,0.0,2.0,1,131.02610055561226,426.4179040395864,1
C04225,0.0,0.0,0.0,1,543.4418810356683,1044.9622601845967,1
C04230,0.0,0.0,0.0,1,221.11806373750218,821.9631616215428,1
C04231,0.0,0.0,8.0,1,39.637550465767035,756.542710594927,1
C04232,0.0,0.0,8.0,1,110.72201610866165,571.699318062381,1
C04233,0.0,0.0,23.0,1,67.86163677784774,330.80481350522206,1
C04234,0.0,1.0,12.0,1,95.02354046049618,130.47428483597037,1
C04235,0.0,1.0,6.0,1,65.8589461123651,74.75335263890479,1
C04236,0.0,0.0,10.0,1,88.80003610409773,229.03491260967553,1
C04237,0.0,0.0,0.0,1,246.67440162025142,473.63057192023297,1
C04238,0.0,0.0,0.0,1,373.8013890760777,721.9382564463891,1
C04239,0.0,0.0,0.0,1,477.21070227479095,971.1147067078211,1
C04240,0.0,0.0,0.0,1,638.271579720198,1220.6279945370673,1
C04282,0.0,0.0,0.0,1,150.43050603760608,846.1878584896182,1
C04283,0.0,0.0,4.0,1,58.90289400860927,660.2502154734669,1
C04284,0.0,0.0,4.0,1,80.5326210394008,529.9309409821934,1
C04285,0.0,0.0,8.0,1,119.86356438320381,500.7227350418456,1
C04286,0.0,0.0,0.0,1,139.862211074433,587.8943039061527,1
C04287,0.0,0.0,2.0,1,134.5309154423949,351.5462913078013,1
C04288,0.0,1.0,16.0,1,86.55448223478608,125.31521694350043,1
C04289,0.0,0.0,6.0,1,66.85787976879497,140.5010802213027,1
C04290,0.0,0.0,0.0,1,233.321574261633,310.22683972777276,1
C04291,0.0,0.0,4.0,1,61.01165855635844,220.99588082641077,1
C04292,0.0,0.0,0.0,1,165.43408448649654,185.04028405554288,1
C04293,0.0,0.0,2.0,1,141.47026158262054,185.8815383769067,1
C04294,0.0,1.0,2.0,1,118.7088248447968,103.35908368641866,1
C04295,0.0,0.0,20.0,1,41.121654444694165,175.80129873190478,1
C04296,0.0,0.0,0.0,1,142.8480832024627,241.53859522671897,1
C04297,0.0,0.0,20.0,1,52.514676372444136,349.40884894016983,1
C04299,0.0,0.0,3.0,1,100.12905229947414,423.3483808547746,1
C04300,0.0,0.0,15.0,1,34.08073766817371,610.8658437044793,1
C04301,0.0,0.0,34.0,1,38.011361171841195,831.919651431081,1
C04302,0.0,0.0,2.0,1,155.29570313333613,720.1590739811957,1
C04303,0.0,0.0,0.0,1,218.40252785059235,546.3347689260858,1
C04304,0.0,0.0,14.0,1,21.615601658412235,450.92601126746484,1
C04305,0.0,0.0,16.0,1,25.989388421942873,431.2617145686389,1
C04306,0.0,0.0,8.0,1,90.41361447710912,327.151919872841,1
C04307,0.0,0.0,20.0,1,14.801754127726888,368.6215674826827,1
C04308,0.0,0.0,51.0,1,23.905653490040137,538.2706952364157,1
C04309,0.0,0.0,39.0,1,21.570696404569194,677.5037966714676,1
C04310,0.0,0.0,24.0,1,84.29776033063042,507.4248381775582,1
C04311,0.0,0.0,38.0,1,48.48069377216466,425.3804629914131,1
C04312,0.0,0.0,20.0,1,27.78866376658403,454.89731104628305,1
C04313,0.0,0.0,12.0,1,101.3986907356366,230.3466139426039,1
C04314,0.0,1.0,12.0,1,40.51408062496443,20.60384774657403,1
C04315,0.0,0.0,10.0,1,74.34761552748543,269.79524556430755,1
C04316,0.0,0.0,21.0,1,47.49090405161779,368.63532354371284,1
C04317,0.0,0.0,41.0,1,8.333075915216156,199.55205982626677,1
C04318,0.0,1.0,17.0,1,23.012339774475585,107.76591766138911,1
C04319,0.0,0.0,9.0,1,57.40087549918191,329.25060582768356,1
C04320,0.0,0.0,32.0,1,44.04912349105069,574.6289497287723,1
C04321,0.0,0.0,27.0,1,55.869207435877904,697.9258120211075,1
C04322,0.0,0.0,20.0,1,75.9248429611492,552.0107886336552,1
C04323,0.0,0.0,13.0,1,34.18707567385975,497.32422266623774,1
C04324,0.0,0.0,12.0,1,11.942206519664479,561.2012599176924,1
C04325,0.0,0.0,45.0,1,46.80685039682873,662.1236307045313,1
C04326,0.0,0.0,44.0,1,23.38737113727335,531.6373648065891,1
C04327,0.0,0.0,29.0,1,12.163304858474442,501.8653932875209,1
C04328,0.0,0.0,65.0,1,8.799320810233557,588.3021828115052,1
C04329,0.0,0.0,11.0,1,22.284828685392778,751.884328618389,1
C04330,0.0,0.0,32.0,1,14.051234307458063,953.7088806040705,1
C04331,0.0,0.0,30.0,1,5.853310318886189,864.5891808563662,1
C04332,0.0,0.0,22.0,1,70.99777657142667,616.2910113024856,1
C04333,0.0,0.0,0.0,1,180.04917238169062,370.29011541033424,1
C04334,0.0,1.0,19.0,1,35.24340043164458,139.3374627620184,1
C04335,0.0,0.0,4.0,1,112.48826360265487,163.44750682502038,1
C04336,0.0,0.0,1.0,1,85.64010524136233,230.75126067306536,1
C04339,0.0,0.0,0.0,1,154.33803752727331,213.58501628847915,1
C04340,0.0,0.0,6.0,1,66.11686077427494,288.5595487616779,1
C04341,0.0,0.0,7.0,1,75.26011798512148,495.8978394590325,1
C04342,0.0,0.0,1.0,1,150.16822122449202,696.259542836868,1
C04343,0.0,0.0,20.0,1,14.558797317071317,577.1357848678158,1
C04344,0.0,0.0,2.0,1,136.31232038319274,330.72411746795655,1
C04345,0.0,1.0,10.0,1,37.2387411861988,103.30135320956674,1
C04346,0.0,0.0,4.0,1,97.1316633844555,192.2599731480701,1
C04347,0.0,0.0,19.0,1,70.25590113171437,433.88549753923047,1
C04348,0.0,0.0,14.0,1,95.10013869288163,295.87367343898285,1
C04349,0.0,2.0,2.0,1,113.62185018358582,87.32160714985673,1
C04350,0.0,0.0,10.0,1,95.99576730121609,166.284537905264,1
C04353,0.0,0.0,0.0,1,220.0736336680573,898.683022169786,1
C04354,0.0,0.0,0.0,1,351.44545216851486,1147.8783544433202,1
C04358,0.0,0.0,0.0,1,364.01627964312775,768.3240112036725,1
C04359,0.0,0.0,2.0,1,129.99278861466254,601.710245951935,1
C04360,0.0,0.0,24.0,1,105.17817335838019,508.7127421000728,1
C04361,0.0,0.0,42.0,1,11.70798946489881,529.6433591261314,1
C04362,0.0,0.0,16.0,1,65.27320662470265,479.48850574696445,1
C04363,0.0,0.0,13.0,1,47.60176368174073,370.8111938826685,1
C04364,0.0,0.0,0.0,1,163.43172319103175,319.4358873923879,1
C04365,0.0,0.0,0.0,1,332.51133541502844,385.88627031487863,1
C04366,0.0,0.0,0.0,1,232.52519197732823,566.3719105683939,1
C04367,0.0,0.0,2.0,1,130.67084791686347,785.9046179685281,1
C04368,0.0,0.0,0.0,1,285.43069136943353,1019.5660822171476,1
C04369,0.0,0.0,0.0,1,503.9836318721025,1259.517337503136,1
C04412,0.0,0.0,0.0,1,213.37559209574692,500.1738284040015,1
C04413,0.0,0.0,0.0,1,174.32476399017023,308.33474309235555,1
C04414,0.0,0.0,2.0,1,29.111907501165486,254.88579594662062,1
C04415,0.0,0.0,19.0,1,36.947428807485764,399.8289936370995,1
C04416,0.0,0.0,13.0,1,17.50749873782653,377.99629649249897,1
C04417,0.0,0.0,23.0,1,40.32482556633696,143.64667055517808,1
C04418,0.0,2.0,12.0,1,46.574408525485616,106.72828568751275,1
C04419,0.0,0.0,2.0,1,54.38281862189423,299.8321530977912,1
C04420,0.0,0.0,6.0,1,84.44320744044833,436.4562656009323,1
C04421,0.0,0.0,14.0,1,13.209022740583643,398.71371728958053,1
C04422,0.0,0.0,10.0,1,64.09623941493676,250.44756738447245,1
C04423,0.0,2.0,6.0,1,109.13809097563629,120.98418927236253,1
C04424,0.0,2.0,4.0,1,87.75021987778493,88.29119121899062,1
C04425,0.0,0.0,12.0,1,44.677620124199194,174.49510843224743,1
C04426,0.0,1.0,17.0,1,60.492599750790355,131.27646115751892,1
C04427,0.0,0.0,24.0,1,28.73676144276103,172.01088301959916,1
C04428,0.0,0.0,21.0,1,86.74770288617312,408.5853380878013,1
C04429,0.0,0.0,23.0,1,79.08302504282699,655.207000209448,1
C04430,0.0,0.0,27.0,1,70.16051530611628,838.5640819255295,1
C04431,0.0,0.0,3.0,1,121.10091326235388,598.3663655284048,1
C04432,0.0,0.0,0.0,1,272.6649209085493,371.3420192972225,1
C04433,0.0,0.0,0.0,1,156.5213680934715,206.75464491953997,1
C04434,0.0,0.0,0.0,1,240.7503829015971,269.4440036368806,1
C04435,0.0,1.0,1.0,1,90.78243869745882,97.21240965640102,1
C04436,0.0,0.0,23.0,1,23.948780635129637,195.71339741598723,1
C04437,0.0,0.0,40.0,1,41.99819771481979,438.3574058516776,1
C04438,0.0,0.0,34.0,1,27.08855706507291,556.1335295716262,1
C04439,0.0,0.0,6.0,1,110.73411063384255,328.257634502326,1
C04440,0.0,0.0,8.0,1,114.11322219983727,176.69648130149756,1
C04441,0.0,0.0,14.0,1,98.82280660100665,277.8216581136265,1
C04442,0.0,0.0,0.0,1,191.40279477412864,298.79854834468233,1
C04443,0.0,1.0,31.0,1,20.269032978262388,81.82547056137881,1
C04444,0.0,0.0,17.0,1,90.9599330633102,221.6083093484824,1
C04445,0.0,0.0,0.0,1,171.27382263367107,465.3225525503726,1
C04446,0.0,0.0,8.0,1,2.1840589273332647,379.31915953535014,1
C04447,0.0,0.0,9.0,1,82.45132862423357,340.1110013203039,1
C04448,0.0,0.0,46.0,1,28.894425231259582,460.94247108244986,1
C04449,0.0,0.0,33.0,1,57.08064732712637,658.9843928926468,1
C04450,0.0,0.0,25.0,1,16.064785084563486,883.7719720066856,1
C04451,0.0,0.0,28.0,1,17.308039049554615,784.7454356957761,1
C04452,0.0,0.0,46.0,1,22.142628414956626,747.2890140554598,1
C04453,0.0,0.0,93.0,1,2.8974522498552258,791.2372224627762,1
C04454,0.0,0.0,17.0,1,17.772871819335837,865.9250193751172,1
C04455,0.0,0.0,44.0,1,41.13853337857318,770.7507538114646,1
C04456,0.0,0.0,38.0,1,34.873570069895386,750.5246896818817,1
C04457,0.0,0.0,40.0,1,40.69844710873773,810.8747715542939,1
C04458,0.0,0.0,51.0,1,12.887174048430746,936.3484823848289,1
C04459,0.0,0.0,36.0,1,39.64778241835835,1104.979215092083,1
C04460,0.0,0.0,40.0,1,20.08933991600029,923.3200199953221,1
C04461,0.0,0.0,38.0,1,65.29896095406,696.2901825263087,1
C04462,0.0,0.0,6.0,1,128.95323193783977,492.05708737998947,1
C04463,0.0,0.0,8.0,1,88.93142836025403,352.73266959446335,1
C04464,0.0,0.0,19.0,1,24.289167285772105,349.0684166099011,1
C04465,0.0,1.0,2.0,1,122.97158922167321,104.84695764182831,1
C04466,0.0,1.0,0.0,1,142.71644741988527,105.10687845320219,1
C04467,0.0,0.0,0.0,1,135.16838478900704,302.6713114719385,1
C04468,0.0,1.0,28.0,1,23.095622594240748,65.25317453378399,1
C04469,0.0,0.0,26.0,1,59.3630337577587,204.70962553170213,1
C04470,0.0,0.0,2.0,1,134.4164918349933,452.2765578536245,1
C04471,0.0,0.0,25.0,1,16.121011085211578,701.5711929537274,1
C04472,0.0,0.0,35.0,1,13.169615270027858,657.5871280138981,1
C04473,0.0,0.0,7.0,1,112.01219554195218,456.8517906603144,1
C04474,0.0,0.0,3.0,1,111.26371036716922,331.67195589845204,1
C04475,0.0,0.0,9.0,1,28.58682367103003,369.18696351506463,1
C04476,0.0,0.0,4.0,1,84.07914700865071,536.2758075183353,1
C04477,0.0,0.0,4.0,1,77.21952062647601,311.86787489610265,1
C04478,0.0,1.0,0.0,1,247.61220972531947,102.79824704351594,1
C04482,0.0,0.0,2.0,1,40.21482341386968,910.7255017542492,1
C04483,0.0,0.0,0.0,1,276.94536218589815,1157.3307573070083,1
C04486,0.0,0.0,0.0,1,177.4568633998121,726.5512315248767,1
C04487,0.0,0.0,0.0,1,157.18697734428545,574.1863704093886,1
C04488,0.0,0.0,10.0,1,32.68736631022087,416.51770803195615,1
C04489,0.0,0.0,24.0,1,29.25154070506149,264.9913866442283,1
C04490,0.0,0.0,2.0,1,154.25522764071974,303.2389633392581,1
C04491,0.0,0.0,8.0,1,57.099223342319696,488.55634555136515,1
C04492,0.0,0.0,1.0,1,125.59824619007927,615.8474236972916,1
C04493,0.0,0.0,0.0,1,277.92726302347216,554.440742775593,1
C04494,0.0,0.0,0.0,1,334.1095571422076,600.450685089551,1
C04495,0.0,0.0,0.0,1,222.97970805336314,733.9465329296618,1
C04496,0.0,0.0,6.0,1,57.67327279350535,916.022538460525,1
C04497,0.0,0.0,0.0,1,193.60432713719942,1106.7588194044222,1
C04498,0.0,0.0,0.0,1,443.43882726287677,1304.6067535638788,1
C04540,0.0,0.0,0.0,1,524.4059259987055,685.2159623289274,1
C04541,0.0,0.0,0.0,1,274.4325297255871,435.221059012396,1
C04542,0.0,0.0,4.0,1,24.997030235822148,185.2399130462571,1
C04543,0.0,1.0,11.0,1,110.48463798782042,64.88667477146838,1
C04544,0.0,0.0,2.0,1,149.5099519036572,257.449042327545,1
C04545,0.0,0.0,12.0,1,34.390604886248695,454.67314840228744,1
C04546,0.0,0.0,6.0,1,135.2216365743776,294.14481374920507,1
C04547,0.0,0.0,6.0,1,74.11155265144161,277.98872721706186,1
C04548,0.0,0.0,6.0,1,37.25201996583015,439.35668136944213,1
C04549,0.0,0.0,11.0,1,82.04875286211693,497.8061122243805,1
C04550,0.0,0.0,4.0,1,117.74033029693155,252.1696940242023,1
C04551,0.0,1.0,22.0,1,59.021175648963045,66.09223706735249,1
C04552,0.0,0.0,0.0,1,204.90902987936988,264.85243630534046,1
C04553,0.0,0.0,0.0,1,287.1208098243343,298.8261912700287,1
C04554,0.0,0.0,1.0,1,117.70890183550438,334.5897503045561,1
C04555,0.0,0.0,10.0,1,80.69589684673525,193.34030824013058,1
C04556,0.0,0.0,14.0,1,66.16907464542349,223.01280100821424,1
C04557,0.0,0.0,10.0,0,9.750302812926487,432.5377949227905,1
C04558,0.0,0.0,16.0,1,32.230085915850964,670.4052346602095,1
C04559,0.0,0.0,66.0,1,16.636623420617852,817.069724719883,1
C04560,0.0,0.0,12.0,1,31.903678618680132,567.8516733742111,1
C04561,0.0,0.0,0.0,1,268.7903940121947,319.8563909850138,1
C04562,0.0,1.0,0.0,1,380.3419021667831,84.62091203729896,1
C04563,0.0,0.0,0.0,1,277.3193019187791,192.38837452946728,1
C04564,0.0,0.0,0.0,1,164.88389710736217,192.0211616096572,1
C04565,0.0,0.0,6.0,1,82.30155016248983,256.37006034797884,1
C04566,0.0,0.0,48.0,1,18.751074373445793,468.59266872170605,1
C04567,0.0,0.0,9.0,1,58.56868932913825,533.4394163570371,1
C04568,0.0,0.0,25.0,1,80.70839821813063,288.14264317973516,1
C04569,0.0,2.0,8.0,1,70.89770272759453,80.59004103406332,1
C04570,0.0,0.0,4.0,1,152.830222859545,170.9062240289084,1
C04571,0.0,0.0,0.0,1,237.13768773711078,297.0052144179526,1
C04572,0.0,1.0,30.0,1,59.5934755770133,91.25766046941177,1
C04573,0.0,0.0,7.0,1,87.18363084019553,231.179202778379,1
C04574,0.0,0.0,25.0,1,21.64713725267269,472.82098832448554,1
C04575,0.0,0.0,7.0,1,116.10597511752728,610.6922506470037,1
C04576,0.0,0.0,42.0,1,8.806567420635501,587.1435032671299,1
C04577,0.0,0.0,5.0,1,54.23139836078277,664.4772094340734,1
C04578,0.0,0.0,10.0,1,97.65316464923767,814.4460880167507,1
C04579,0.0,0.0,6.0,1,104.40115763451107,988.7677861746743,1
C04580,0.0,0.0,5.0,1,97.9518943505341,1002.8798289372223,1
C04581,0.0,0.0,34.0,1,45.662001750522975,997.2714568287737,1
C04582,0.0,0.0,26.0,1,91.51597607551908,1030.6142975371592,1
C04583,0.0,0.0,23.0,1,11.737763130703984,1089.1485555342044,1
C04584,0.0,0.0,8.0,1,24.12538801984771,1015.1232247088959,1
C04585,0.0,0.0,2.0,1,94.14110331061235,999.8528625075448,1
C04586,0.0,0.0,25.0,1,26.00601442077276,1045.9141131018719,1
C04587,0.0,0.0,26.0,1,21.52222905333607,1145.934953348932,1
C04588,0.0,0.0,53.0,1,28.09474360655985,1255.0797217850682,1
C04589,0.0,0.0,57.0,1,22.881897120989706,1040.4447448060093,1
C04590,0.0,0.0,31.0,1,9.102209533935495,845.4734921644796,1
C04591,0.0,0.0,14.0,1,40.74760120301815,687.1139533666585,1
C04592,0.0,0.0,12.0,1,74.62279790370863,595.3366643081181,1
C04593,0.0,0.0,12.0,1,76.56474436979873,452.32234048196403,1
C04594,0.0,0.0,0.0,1,169.94644314916863,252.20923149110612,1
C04595,0.0,0.0,6.0,1,105.96233252218377,170.33726236935252,1
C04596,0.0,0.0,32.0,1,29.92861684525873,345.5720900964615,1
C04597,0.0,0.0,39.0,1,69.73481414170676,296.4749473235859,1
C04598,0.0,0.0,99.0,1,16.095455342923156,354.3239314372038,1
C04599,0.0,0.0,36.0,1,36.218299379997134,536.8365695327672,1
C04600,0.0,0.0,6.0,1,88.63738702764846,758.8422473652232,1
C04601,0.0,0.0,12.0,1,28.485244758892684,810.4048048254303,1
C04602,0.0,0.0,70.0,1,9.427529076265632,658.0643398514409,1
C04603,0.0,0.0,6.0,1,97.71172380990213,578.2226241544702,1
C04604,0.0,0.0,17.0,1,72.62941187334474,600.528209815368,1
C04605,0.0,0.0,13.0,1,49.34467125687312,645.6039707118504,1
C04606,0.0,0.0,29.0,1,16.95523932366577,452.89115160479383,1
C04607,0.0,0.0,11.0,1,123.88998139106143,344.11670027030794,1
C04610,0.0,0.0,12.0,1,75.00776675863031,768.9064718751907,1
C04611,0.0,0.0,1.0,1,121.05442387133809,988.0337568903392,1
C04615,0.0,0.0,30.0,1,23.866021416319317,580.8369163935913,1
C04616,0.0,0.0,24.0,1,21.484801343611046,373.07481740156146,1
C04617,0.0,0.0,27.0,1,31.90619101070118,256.90098347962976,1
C04618,0.0,1.0,28.0,1,29.192059590976818,81.5611182873719,1
C04619,0.0,0.0,8.0,1,77.88341088433548,168.48041401813947,1
C04620,0.0,0.0,6.0,1,42.114467529433306,418.4723214253969,1
C04621,0.0,0.0,8.0,1,75.64784736675138,405.83969246103624,1
C04622,0.0,0.0,0.0,1,177.2275239069962,304.70041672408064,1
C04623,0.0,0.0,2.0,1,109.27956504305162,382.07176279697546,1
C04624,0.0,0.0,13.0,1,54.80672397402547,569.3112680263304,1
C04625,0.0,0.0,11.0,1,70.11463004610968,754.1848042545965,1
C04626,0.0,0.0,0.0,1,294.05734286460955,959.6241014499151,1
C04627,0.0,0.0,0.0,1,503.7943717363289,1182.3544786562825,1
C04670,0.0,0.0,0.0,1,359.38836364049956,491.05487120265127,1
C04671,0.0,0.0,2.0,1,152.64438307780026,241.26463509232573,1
C04672,0.0,2.0,24.0,1,15.533210516633941,16.803623437037384,1
C04673,0.0,0.0,6.0,1,71.304710869261,162.29288702074035,1
C04678,0.0,0.0,0.0,1,199.88842005919707,526.714202957673,1
C04679,0.0,0.0,0.0,1,263.3488722909027,305.2973645704202,1
C04680,0.0,0.0,0.0,1,235.02931304440577,184.3505086240648,1
C04681,0.0,1.0,0.0,1,323.1270310660904,105.10849851325858,1
C04682,0.0,0.0,0.0,1,342.0192933430472,206.64501585447775,1
C04683,0.0,0.0,0.0,1,359.39269057682463,236.53354882213085,1
C04684,0.0,0.0,0.0,1,170.62677555191027,195.5463300494483,1
C04685,0.0,0.0,16.0,1,47.8962920785373,381.482128904126,1
C04686,0.0,0.0,4.0,0,116.58815150785948,576.3990888030768,1
C04687,0.0,0.0,9.0,1,76.78676914470965,771.096715202547,1
C04688,0.0,0.0,24.0,1,77.89519708591224,870.0667506645939,1
C04689,0.0,0.0,17.0,1,58.058158804984,641.7700043723694,1
C04690,0.0,0.0,0.0,1,220.5409388484319,437.85993926388977,1
C04691,0.0,0.0,0.0,1,131.22252875484602,310.76343786269894,1
C04692,0.0,0.0,0.0,1,196.49860468876267,355.5650463871692,1
C04693,0.0,0.0,0.0,1,402.42855579777626,435.0793035995165,1
C04694,0.0,0.0,0.0,1,183.2413888134634,467.0626101044104,1
C04695,0.0,0.0,12.0,1,89.81296901137559,609.9188168063424,1
C04696,0.0,0.0,27.0,1,30.202628358051133,620.3472568915557,1
C04697,0.0,0.0,25.0,1,16.524710139512315,428.1346645953183,1
C04698,0.0,0.0,10.0,1,16.2429411116213,290.72878729507386,1
C04699,0.0,0.0,18.0,1,58.78938855656444,325.93404410499085,1
C04700,0.0,1.0,19.0,1,49.17132821100694,113.69883322107056,1
C04701,0.0,0.0,4.0,1,127.6143607589616,151.75228163087544,1
C04702,0.0,0.0,71.0,1,11.684422308898691,397.65573714523504,1
C04703,0.0,0.0,30.0,1,43.94009320841618,365.04733287289764,1
C04704,0.0,0.0,20.0,1,23.248011617044025,472.2239232505064,1
C04705,0.0,0.0,0.0,1,160.89075717224537,661.6126602042801,1
C04706,0.0,0.0,12.0,1,56.54549897258309,881.7409997244475,1
C04707,0.0,0.0,44.0,1,55.64217434519706,802.4147598932012,1
C04708,0.0,0.0,40.0,1,4.176521999049581,739.578030505808,1
C04709,0.0,0.0,48.0,1,32.00488667123525,758.341532239423,1
C04710,0.0,0.0,44.0,1,61.157592078261835,853.3393790465913,1
C04711,0.0,0.0,22.0,1,94.84415161956214,1003.1422193009364,1
C04712,0.0,0.0,14.0,1,32.0418641618038,1187.1817588121855,1
C04713,0.0,0.0,35.0,1,36.06873667091783,1261.702658388986,1
C04716,0.0,0.0,4.0,1,131.9803391918008,1369.1549781340555,1
C04717,0.0,0.0,15.0,1,57.35948477472262,1389.3273608859663,1
C04718,0.0,0.0,37.0,1,59.71658266402766,1198.9706729794195,1
C04719,0.0,0.0,4.0,1,140.15272021486777,1034.3262703920268,1
C04720,0.0,0.0,8.0,1,17.66128205311437,909.4674224959564,1
C04721,0.0,0.0,9.0,1,39.91544532168487,805.1075175847114,1
C04722,0.0,0.0,21.0,1,47.68464434751655,605.1210928405094,1
C04723,0.0,0.0,2.0,1,112.33773627519106,454.50723151853566,1
C04724,0.0,0.0,15.0,1,22.032373853431455,414.70725820124613,1
C04725,0.0,0.0,26.0,1,50.61049709664358,512.2376367536325,1
C04726,0.0,0.0,46.0,1,24.005637310291625,544.5519369117234,1
C04727,0.0,0.0,52.0,1,39.42411044542432,578.0872477342004,1
C04728,0.0,0.0,56.0,1,36.701915355505925,704.8637598795218,1
C04729,0.0,0.0,40.0,1,34.24450633552385,870.0842590321827,1
C04730,0.0,0.0,14.0,1,81.48038021033884,792.8321291847071,1
C04731,0.0,0.0,15.0,1,95.55063636404397,770.3063114554569,1
C04732,0.0,0.0,27.0,1,56.62838643402422,826.5354450165261,1
C04733,0.0,0.0,31.0,1,20.211309412521427,753.4763417634366,1
C04734,0.0,0.0,26.0,1,37.2298399067549,702.8259248254864,1
C04735,0.0,0.0,23.0,1,76.67244750130679,661.7848736648651,1
C04736,0.0,0.0,21.0,1,41.96218279259997,592.6762414798067,1
C04737,0.0,0.0,16.0,1,67.74386728606224,624.1562588147608,1
C04738,0.0,0.0,8.0,1,125.63094464010372,743.5569538513155,1
C04739,0.0,0.0,17.0,1,35.579256818677976,917.1602105541081,1
C04743,0.0,0.0,10.0,1,72.40581566115405,584.3843925186791,1
C04744,0.0,0.0,29.0,1,4.737551810731516,521.4080502455985,1
C04745,0.0,0.0,13.0,1,43.48883832087942,271.4399579916508,1
C04746,0.0,1.0,26.0,1,25.119768071514716,22.20240365594968,1
C04747,0.0,0.0,24.0,1,5.609831202706547,228.70558074016105,1
C04748,0.0,0.0,8.0,1,76.18704922749706,299.69556374491003,1
C04749,0.0,0.0,7.0,1,7.692576034137507,486.3649502377988,1
C04750,0.0,0.0,1.0,1,112.45732045075894,274.12344423479294,1
C04751,0.0,1.0,0.0,1,175.57287499983238,57.2725995053965,1
C04752,0.0,0.0,21.0,1,7.112554335011063,237.52186979111087,1
C04753,0.0,0.0,23.0,1,46.12829793231557,403.3290884719544,1
C04754,0.0,0.0,32.0,1,4.17501832121051,624.3060553307412,1
C04755,0.0,0.0,0.0,1,221.22218136762538,861.3023556438491,1
C04756,0.0,0.0,0.0,1,458.7388908486653,1104.0495663477507,1
C04799,0.0,0.0,0.0,1,271.77344550978415,544.5981041806907,1
C04800,0.0,0.0,16.0,1,58.70547570276625,337.13622275214374,1
C04801,0.0,0.0,2.0,1,135.42475122139166,236.0817026073045,1
C04809,0.0,0.0,0.0,1,162.84308719873476,352.6237469245111,1
C04810,0.0,0.0,6.0,1,98.63045609008735,176.06212827541123,1
C04811,0.0,0.0,4.0,1,137.58497321766936,250.30429307275782,1
C04812,0.0,0.0,0.0,1,235.5139497211747,177.58849697966184,1
C04813,0.0,1.0,0.0,1,261.493382758978,117.59218399584122,1
C04814,0.0,0.0,12.0,1,48.4928911557551,348.02035747112296,1
C04815,0.0,0.0,10.0,0,37.142635454342496,594.4816369676565,1
C04816,0.0,0.0,6.0,1,23.125637530615997,843.0294562879526,1
C04817,0.0,0.0,13.0,1,6.942111529955907,738.2995374864104,1
C04818,0.0,0.0,45.0,1,10.169550413078543,667.8523235673589,1
C04819,0.0,0.0,10.0,1,81.70612057230517,637.2868600327457,1
C04820,0.0,0.0,47.0,1,31.867913294430505,557.662200503551,1
C04821,0.0,0.0,2.0,1,154.80284955602733,583.8147974919178,1
C04824,0.0,0.0,0.0,1,133.6640996563997,549.9106833876903,1
C04825,0.0,0.0,29.0,1,41.29523728226665,543.7322523953594,1
C04826,0.0,0.0,52.0,1,15.174452961743269,624.369696664011,1
C04827,0.0,0.0,46.0,1,16.521161963929483,535.3011222264333,1
C04828,0.0,0.0,26.0,1,76.37933403214078,410.21377865808677,1
C04829,0.0,0.0,38.0,1,68.66474082093016,231.03392500948752,1
C04830,0.0,0.0,38.0,1,28.5880311733447,251.9484169619512,1
C04831,0.0,0.0,46.0,1,42.356544081003015,224.81880656131966,1
C04832,0.0,1.0,21.0,1,16.57672052157007,123.60976594161197,1
C04833,0.0,0.0,55.0,1,29.835545831792704,324.0605694752512,1
C04834,0.0,0.0,33.0,1,41.75443829422386,565.4654110917025,1
C04835,0.0,0.0,12.0,1,75.5351061044767,748.3830294789968,1
C04836,0.0,0.0,26.0,1,39.150979897383344,581.535360166987,1
C04837,0.0,0.0,22.0,1,41.11688224089391,491.2123689779537,1
C04838,0.0,0.0,12.0,1,116.16472684044513,519.0335323939287,1
C04839,0.0,0.0,3.0,1,143.67473862660927,650.001556968678,1
C04840,0.0,0.0,5.0,1,91.77720548239596,837.0234407554495,1
C04841,0.0,0.0,21.0,1,48.5807597223506,1037.7611322517764,1
C04842,0.0,0.0,11.0,1,12.71839956230419,1224.2925809082856,1
C04843,0.0,0.0,12.0,1,65.06630391535543,1430.3274029821469,1
C04846,0.0,0.0,2.0,1,147.11691810818112,1552.493453569658,1
C04847,0.0,0.0,7.0,1,101.88200639845908,1384.7512709273828,1
C04848,0.0,0.0,24.0,1,64.74440058900635,1244.9241909824711,1
C04849,0.0,0.0,4.0,1,112.30242888790677,1143.3006604790003,1
C04850,0.0,0.0,0.0,1,218.17986578205662,958.5059089810821,1
C04851,0.0,0.0,20.0,1,46.12225051837761,796.3283644664441,1
C04852,0.0,0.0,17.0,1,91.43572057327013,688.8716502774324,1
C04853,0.0,0.0,20.0,1,10.265843315145169,663.2868437245718,1
C04854,0.0,0.0,31.0,1,22.380190440950873,630.8941627700331,1
C04855,0.0,0.0,12.0,1,70.9512895223321,617.4241467531535,1
C04856,0.0,0.0,37.0,1,33.017074847036916,699.5696601271515,1
C04857,0.0,0.0,34.0,1,26.9505685561038,726.951029693994,1
C04858,0.0,0.0,14.0,1,31.397683367912542,625.3072499920966,1
C04859,0.0,0.0,34.0,1,20.868314434445576,553.9833863571075,1
C04860,0.0,0.0,0.0,1,172.63277306251993,521.2356671988628,1
C04861,0.0,0.0,0.0,1,160.41439324452318,601.2284500593754,1
C04862,0.0,0.0,41.0,1,16.49684376302196,528.1989707227928,1
C04863,0.0,0.0,24.0,1,25.74371435055181,453.02520424608474,1
C04864,0.0,0.0,37.0,1,5.378438934940342,506.4281969754408,1
C04865,0.0,0.0,66.0,1,17.205045644532607,582.6465073674566,1
C04866,0.0,0.0,16.0,1,126.60909735606894,716.0636506531077,1
C04867,0.0,0.0,33.0,1,20.592885157253352,887.1091203240711,1
C04868,0.0,0.0,3.0,1,125.8937298024315,898.6139869854078,1
C04871,0.0,0.0,4.0,1,120.83154981524599,458.20213238310953,1
C04872,0.0,0.0,10.0,1,60.31806121921638,337.28534802834616,1
C04873,0.0,0.0,6.0,1,64.08858377008409,377.58921842231746,1
C04874,0.0,0.0,14.0,1,54.326841227895756,364.9307909861949,1
C04875,0.0,0.0,4.0,1,110.07897062986306,244.92402524742738,1
C04876,0.0,1.0,13.0,1,87.19702847980905,92.45412454506732,1
C04877,0.0,0.0,13.0,1,52.450650663365664,161.52067132681253,1
C04878,0.0,0.0,0.0,1,197.50786554634095,410.64594164113396,1
C04879,0.0,0.0,9.0,1,118.96225288655661,332.53792171934737,1
C04880,0.0,0.0,6.0,1,74.85330712373332,171.66913272827568,1
C04881,0.0,1.0,33.0,1,66.77652040626258,80.95670600198135,1
C04882,0.0,0.0,35.0,1,78.70596902383606,329.60231395077335,1
C04883,0.0,0.0,20.0,1,4.586815103723164,579.4146895589696,1
C04884,0.0,0.0,0.0,1,186.89321766551802,829.3401470999279,1
C04885,0.0,0.0,0.0,1,431.641873211705,1012.0200246794054,1
C04889,0.0,0.0,0.0,1,173.04731942217862,502.2944337980401,1
C04890,0.0,0.0,13.0,1,50.89209697866219,280.03465263364285,1
C04891,0.0,0.0,0.0,1,276.7813071928095,171.8694711890288,1
C04892,0.0,0.0,0.0,1,525.0007414164623,325.05203210862686,1
C04928,0.0,0.0,0.0,1,288.30741763060377,690.6803194116309,1
C04929,0.0,0.0,0.0,1,143.51307606369838,542.3218981720479,1
C04938,0.0,0.0,8.0,1,51.19347750138215,518.9350474271682,1
C04939,0.0,0.0,21.0,1,38.79882888290681,419.4614995038556,1
C04940,0.0,0.0,30.0,1,30.975872166404574,446.5890320792383,1
C04941,0.0,0.0,8.0,1,117.75130702225844,288.814983135311,1
C04942,0.0,0.0,0.0,1,281.13912956229217,303.951353662768,1
C04943,0.0,0.0,17.0,1,72.74784276785894,370.71207322851683,1
C04944,0.0,0.0,31.0,1,7.870330504727668,550.0290519215565,1
C04945,0.0,0.0,35.0,1,7.488655709718541,664.7438723973061,1
C04946,0.0,0.0,50.0,1,55.689395123398704,525.0403917360983,1
C04947,0.0,0.0,40.0,1,40.3841903659454,420.2474651869638,1
C04948,0.0,0.0,34.0,1,40.60964837731476,450.0538312665954,1
C04949,0.0,0.0,16.0,1,26.81061151917989,594.5493840543559,1
C04950,0.0,0.0,12.0,1,89.56068735590452,793.3659238466741,1
C04951,0.0,0.0,10.0,1,83.93978373965307,698.0871841577605,1
C04952,0.0,0.0,10.0,1,96.49737746843539,480.1757170831583,1
C04953,0.0,0.0,5.0,1,55.70319065805012,314.34331847096684,1
C04954,0.0,0.0,27.0,1,37.09932691892579,303.4052149491733,1
C04955,0.0,0.0,46.0,1,25.82794886135668,458.5823012822981,1
C04956,0.0,0.0,25.0,1,44.94931648351817,673.4543263209338,1
C04957,0.0,0.0,56.0,1,21.46435262010305,577.6890115195221,1
C04958,0.0,0.0,56.0,1,22.845262946227088,467.7883328330733,1
C04959,0.0,0.0,52.0,1,15.275254684288077,466.71986922531596,1
C04960,0.0,0.0,17.0,1,35.598946174595,239.92356028989744,1
C04961,0.0,0.0,27.0,1,13.944731982283077,149.3291439561082,1
C04962,0.0,0.0,30.0,1,23.64996801685477,334.7164048670876,1
C04963,0.0,0.0,33.0,1,27.914857070012534,571.6388284044674,1
C04964,0.0,0.0,47.0,1,3.740667029597116,542.3307378917386,1
C04965,0.0,0.0,6.0,1,30.76657303005492,396.85929919132644,1
C04966,0.0,0.0,0.0,1,175.02949465743103,246.17782123297962,1
C04967,0.0,0.0,0.0,1,171.2532974161153,297.8417968979555,1
C04968,0.0,0.0,4.0,1,133.05633244272485,491.74785438453017,1
C04969,0.0,0.0,9.0,1,81.34844874293542,684.316383121267,1
C04970,0.0,0.0,20.0,1,73.4513332525428,874.7760103379348,1
C04971,0.0,0.0,13.0,1,17.335405372538695,1089.5766261797912,1
C04972,0.0,0.0,26.0,1,21.060576658682304,1316.8604255470352,1
C04973,0.0,0.0,8.0,1,76.40468467549832,1551.1497466158776,1
C04974,0.0,0.0,0.0,1,143.40208778288033,1789.6954189138114,1
C04975,0.0,0.0,22.0,1,92.76174957144889,1736.4450267851626,1
C04976,0.0,0.0,50.0,1,39.185726413468196,1549.827626476016,1
C04977,0.0,0.0,12.0,1,10.081967279950527,1361.1034501193485,1
C04978,0.0,0.0,4.0,1,109.18713797920294,1195.0897589994263,1
C04979,0.0,0.0,3.0,1,126.6979427087116,1062.4859821210912,1
C04980,0.0,0.0,26.0,1,79.54913003429569,976.9920124250416,1
C04981,0.0,0.0,61.0,1,24.69608597783252,750.8956015958238,1
C04982,0.0,0.0,41.0,1,10.822447870908228,545.0039787675983,1
C04983,0.0,0.0,29.0,1,56.89257425227567,393.97267576453993,1
C04984,0.0,0.0,29.0,1,27.743279914625493,372.0209693359098,1
C04985,0.0,0.0,20.0,1,40.44108921425872,496.57298960191997,1
C04986,0.0,0.0,52.0,1,33.97058061284916,536.11597500005,1
C04987,0.0,0.0,37.0,1,47.90031778479409,387.2617925509494,1
C04988,0.0,0.0,51.0,1,41.44083798513968,331.98252913642983,1
C04989,0.0,0.0,13.0,1,59.435658854439104,273.8638859951705,1
C04990,0.0,0.0,9.0,1,73.44270720694574,405.9439080130788,1
C04991,0.0,0.0,3.0,1,107.6873015806946,339.50214689751857,1
C04992,0.0,0.0,8.0,1,84.91585141562197,203.7139925425187,1
C04993,0.0,0.0,14.0,1,71.88069718576273,264.592892508316,1
C04994,0.0,0.0,33.0,1,44.88661239410415,370.5463177025095,1
C04995,0.0,0.0,17.0,1,50.66317890069888,535.2756422053786,1
C04996,0.0,0.0,8.0,1,74.50057774630692,748.822711136536,1
C04997,0.0,0.0,0.0,1,264.2303847427193,670.6617254301425,1
C04999,0.0,0.0,0.0,1,172.01534850378061,573.056079298904,1
C05000,0.0,0.0,16.0,1,13.429086513969184,327.42248226962926,1
C05001,0.0,1.0,10.0,1,36.99347354082096,104.96520266154705,1
C05002,0.0,0.0,18.0,1,29.434488653570156,199.57431108224725,1
C05003,0.0,0.0,22.0,1,55.83575725025195,440.047858213317,1
C05004,0.0,0.0,26.0,1,19.008274743778568,305.5383381552056,1
C05005,0.0,1.0,13.0,1,42.71672476309327,87.53961982258231,1
C05006,0.0,0.0,9.0,1,8.322728328361565,216.73184813201706,1
C05007,0.0,0.0,2.0,1,138.68320502545137,459.6544386283648,1
C05008,0.0,0.0,34.0,1,26.242180540356223,428.5568974556993,1
C05009,0.0,0.0,40.0,1,15.429284974499407,192.23270602569585,1
C05010,0.0,1.0,27.0,1,12.581384633841779,123.47393318052379,1
C05011,0.0,0.0,29.0,1,24.01153533956422,344.2937860086576,1
C05012,0.0,0.0,0.0,1,192.3171361248414,588.923263246819,1
C05013,0.0,0.0,0.0,1,270.35362589431725,744.6547693559385,1
C05014,0.0,0.0,0.0,1,422.15799146789635,768.319847096239,1
C05016,0.0,0.0,0.0,1,249.1702966882256,976.0695142432666,1
C05017,0.0,0.0,0.0,1,280.6331635496031,727.2079517484925,1
C05018,0.0,0.0,12.0,1,112.2658921300778,479.53218196215903,1
C05019,0.0,0.0,4.0,1,111.36776272630921,236.79278280500986,1
C05020,0.0,1.0,0.0,1,341.2005469454932,84.79699546382496,1
C05021,0.0,0.0,0.0,1,561.6366260424783,288.6351310752787,1
C05031,0.0,0.0,0.0,1,176.45962391966017,355.18620610479036,1
C05052,0.0,0.0,0.0,1,379.5647073138825,933.5924123528179,1
C05053,0.0,0.0,0.0,1,551.4526589834938,1093.9365021462434,1
C05054,0.0,0.0,0.0,1,371.848217134686,1237.3489964506612,1
C05055,0.0,0.0,2.0,1,121.89010472927029,1234.2382415640593,1
C05056,0.0,0.0,2.0,1,94.72791081709701,1044.23070944764,1
C05057,0.0,0.0,0.0,1,344.723192352453,884.5855030283407,1
C05067,0.0,0.0,0.0,1,173.58420597595494,734.3321183234416,1
C05068,0.0,0.0,9.0,1,11.137428336971306,607.3293329914612,1
C05069,0.0,0.0,0.0,1,152.3677705257463,357.5209778765887,1
C05070,0.0,1.0,6.0,1,43.15723854693445,108.5982528948384,1
C05071,0.0,1.0,0.0,1,152.9466420777361,73.86416958431381,1
C05072,0.0,0.0,11.0,1,25.16505660177522,213.44889849498244,1
C05073,0.0,0.0,34.0,1,27.00514776778489,458.98251490559244,1
C05074,0.0,0.0,22.0,1,27.905018986685217,415.0763479467629,1
C05075,0.0,0.0,14.0,1,71.97389699521544,362.28251249010566,1
C05076,0.0,0.0,18.0,1,29.22840978846123,179.41331583195367,1
C05077,0.0,0.0,8.0,1,107.14274393677239,241.1009268739736,1
C05078,0.0,0.0,19.0,1,7.478789702733958,457.2419228167535,1
C05079,0.0,0.0,8.0,1,95.56119610495496,571.0337699130056,1
C05080,0.0,0.0,38.0,1,11.18675435616122,639.324392502534,1
C05081,0.0,0.0,29.0,1,40.17186499966669,389.84443235699604,1
C05082,0.0,0.0,32.0,1,8.642019277796832,142.20296772839467,1
C05083,0.0,1.0,52.0,1,29.326975193573627,116.03743629440127,1
C05084,0.0,0.0,47.0,1,23.808688064519277,362.9155400541448,1
C05085,0.0,0.0,39.0,1,29.15372760638999,612.3321743986722,1
C05086,0.0,0.0,50.0,1,34.03778604087447,790.0467352377701,1
C05087,0.0,0.0,80.0,1,13.572687665001864,713.6351828239713,1
C05088,0.0,0.0,55.0,1,19.429246518756543,591.4788714131893,1
C05089,0.0,0.0,47.0,1,0.3776815108088844,435.4114534330764,1
C05090,0.0,0.0,21.0,1,22.34607892589275,392.834586350525,1
C05091,0.0,0.0,6.0,1,109.55901413388285,494.0191197571933,1
C05092,0.0,0.0,22.0,1,57.95598179111058,466.09384049957424,1
C05093,0.0,0.0,14.0,1,21.369643312558072,304.4009740395427,1
C05094,0.0,0.0,4.0,1,123.79420706871892,305.08431267569654,1
C05095,0.0,2.0,4.0,1,124.4205122315202,70.12451708996235,1
C05096,0.0,0.0,10.0,1,38.10108322215328,181.72414316619165,1
C05097,0.0,0.0,29.0,1,7.480668869095491,331.10369494141304,1
C05098,0.0,0.0,25.0,1,55.72900714838422,530.6352917573786,1
C05099,0.0,0.0,61.0,1,12.66499718680621,760.6036871544999,1
C05100,0.0,0.0,61.0,1,2.076985583201355,1000.2310357950319,1
C05101,0.0,0.0,18.0,1,103.02608668574875,1243.9478610545475,1
C05102,0.0,0.0,6.0,1,67.69384955617592,1489.7484475832712,1
C05103,0.0,0.0,37.0,1,48.54312172517376,1736.748281453403,1
C05104,0.0,0.0,79.0,1,18.828772355688752,1631.9660628026645,1
C05105,0.0,0.0,49.0,1,20.933864248601747,1410.3014430532728,1
C05106,0.0,0.0,6.0,1,95.2983412317122,1199.827942005293,1
C05107,0.0,0.0,19.0,1,42.40555938838997,1007.5832573813291,1
C05108,0.0,0.0,19.0,1,12.663543467872175,846.0856639216165,1
C05109,0.0,0.0,15.0,1,28.980141564536996,735.8653958654365,1
C05110,0.0,0.0,11.0,1,75.30636595741309,667.8556948381322,1
C05111,0.0,0.0,17.0,1,18.6751625604845,423.33953453969195,1
C05112,0.0,0.0,6.0,1,94.73170061590619,193.39465835653695,1
C05113,0.0,1.0,28.0,1,9.203789092135263,143.4804037400239,1
C05114,0.0,0.0,26.0,1,4.964399149948122,358.8478209965317,1
C05115,0.0,0.0,22.0,1,58.91073569593265,413.9841515412763,1
C05116,0.0,0.0,57.0,1,19.27137505130627,184.21247256054815,1
C05117,0.0,1.0,56.0,1,16.16644026801835,146.5796451298441,1
C05118,0.0,1.0,43.0,1,41.67656350234425,57.58676362244989,1
C05119,0.0,0.0,8.0,1,116.59927839505329,287.78558716068346,1
C05120,0.0,0.0,16.0,1,15.980171041168601,262.97233087552047,1
C05121,0.0,1.0,6.0,1,53.02646629570869,52.6017664439126,1
C05122,0.0,2.0,14.0,1,97.42555805770952,28.8572178579172,1
C05123,0.0,0.0,15.0,1,88.0662310272578,189.94060891398078,1
C05124,0.0,0.0,4.0,1,119.6668980893418,430.4565883920297,1
C05125,0.0,0.0,0.0,1,264.31726029019194,662.2701075997486,1
C05128,0.0,0.0,14.0,1,25.316333429763425,386.00287056421934,1
C05129,0.0,0.0,12.0,1,75.59855230918794,268.56033170332495,1
C05130,0.0,2.0,2.0,1,103.74726585688404,59.36409928393436,1
C05131,0.0,0.0,32.0,1,20.106148303752764,180.05683552866347,1
C05132,0.0,0.0,14.0,1,45.91958324926812,419.6309073963013,1
C05133,0.0,0.0,29.0,1,9.256926114013057,344.57551990952993,1
C05134,0.0,0.0,20.0,1,67.52333485257044,181.7740297098579,1
C05135,0.0,0.0,29.0,1,4.93756884791232,268.9819823575508,1
C05136,0.0,0.0,41.0,1,26.95405812256162,486.4779705074375,1
C05137,0.0,0.0,25.0,1,33.71838372067021,275.9659905976151,1
C05138,0.0,0.0,31.0,1,31.87125010807609,200.51329535321307,1
C05139,0.0,0.0,38.0,1,50.12727160214097,352.2587376461154,1
C05140,0.0,0.0,37.0,1,37.34665598946414,476.84233993757476,1
C05141,0.0,0.0,4.0,1,34.834078856374184,578.65094892948,1
C05142,0.0,0.0,8.0,1,77.17955351901992,495.6224194025424,1
C05143,0.0,0.0,0.0,1,187.1001951231322,530.5150747451684,1
C05144,0.0,0.0,7.0,1,99.1113547961637,665.0194782480537,1
C05145,0.0,0.0,8.0,1,9.618804950093212,853.2617232518728,1
C05146,0.0,0.0,8.0,1,96.82036056706575,748.1594674695712,1
C05147,0.0,0.0,7.0,1,113.73298516036743,515.6270996966789,1
C05148,0.0,0.0,0.0,1,215.59837806303952,311.44826716304794,1
C05149,0.0,0.0,0.0,1,396.23535545281845,230.49672513101305,1
C05150,0.0,0.0,0.0,1,436.10412051489897,366.41159571358855,1
C05160,0.0,1.0,11.0,1,55.4206851743497,149.75077249093445,1
C05161,0.0,0.0,0.0,1,278.66451559157525,383.9600159673291,1
C05168,0.0,0.0,0.0,1,450.7232778673062,1006.7148448687153,1
C05169,0.0,0.0,0.0,1,467.0878661902629,1104.6905007790738,1
C05172,0.0,0.0,0.0,1,449.0463746576847,1010.6825355570562,1
C05178,0.0,0.0,0.0,1,353.11757213997424,497.46384921938477,1
C05179,0.0,0.0,0.0,1,226.7708863980123,480.6784189915416,1
C05180,0.0,0.0,2.0,1,93.4601350948318,582.7805793677834,1
C05181,0.0,0.0,0.0,1,209.2019715816189,757.1094140824631,1
C05194,0.0,0.0,0.0,1,378.66289986995434,784.7974940174815,1
C05195,0.0,0.0,0.0,1,342.7143555154019,890.5814409049088,1
C05196,0.0,0.0,2.0,1,145.3581541178453,887.8378646184423,1
C05197,0.0,0.0,13.0,1,47.368386130544614,649.7910469991215,1
C05198,0.0,0.0,1.0,1,98.8822048589112,425.6767971950004,1
C05199,0.0,0.0,0.0,1,212.32072795136926,255.2901615420629,1
C05200,0.0,0.0,2.0,1,133.67796142564967,196.44059300388093,1
C05201,0.0,0.0,0.0,1,166.35266684007237,280.5234808354863,1
C05202,0.0,0.0,0.0,1,228.17796818503518,322.07457001703557,1
C05203,0.0,0.0,8.0,1,14.191692620167727,166.41013598900278,1
C05204,0.0,0.0,2.0,1,165.82814838259912,276.8621282662157,1
C05205,0.0,1.0,24.0,1,23.252607483931094,113.00594585934137,1
C05206,0.0,0.0,20.0,1,20.777878235393725,196.7507632545226,1
C05207,0.0,0.0,14.0,1,52.61175372281985,342.78951058035636,1
C05208,0.0,0.0,6.0,1,90.77574490328229,328.6786918003602,1
C05209,0.0,0.0,10.0,1,69.04148878286776,472.81573189062993,1
C05210,0.0,0.0,23.0,1,36.086700067677626,445.40840091220963,1
C05211,0.0,0.0,12.0,1,107.64079011570848,258.13106398530584,1
C05212,0.0,0.0,33.0,1,46.93024175226948,244.6929684016286,1
C05213,0.0,0.0,60.0,1,10.111255188403195,422.0398694154556,1
C05214,0.0,0.0,40.0,1,14.99901246378863,649.1229883213421,1
C05215,0.0,0.0,30.0,1,41.53360041770793,888.5964531542108,1
C05216,0.0,0.0,34.0,1,72.47939875363258,944.5269693736966,1
C05217,0.0,0.0,40.0,1,49.97032055842355,779.0167355883596,1
C05218,0.0,0.0,40.0,1,17.599805628171058,668.2835870940031,1
C05219,0.0,0.0,32.0,1,34.825417519945724,641.3570232185128,1
C05220,0.0,0.0,26.0,1,35.52255685417445,624.7914108253148,1
C05221,0.0,0.0,38.0,1,7.9581102590818755,375.20766501454506,1
C05222,0.0,1.0,48.0,1,23.469021146420314,127.26852215000724,1
C05223,0.0,0.0,24.0,1,26.346656742366825,128.89438147113592,1
C05224,0.0,0.0,27.0,1,42.733485272453166,196.73045520892396,1
C05225,0.0,1.0,13.0,1,25.494024873602143,31.151266419520464,1
C05226,0.0,0.0,7.0,1,103.33433429188213,218.8939411087523,1
C05227,0.0,0.0,28.0,1,11.004272267250125,468.8909398876288,1
C05228,0.0,0.0,0.0,1,129.32693419384913,718.8900260563405,1
C05229,0.0,0.0,1.0,1,138.8095519321828,968.8895838112142,1
C05230,0.0,0.0,28.0,1,26.33651876954997,1218.8893229791004,1
C05231,0.0,0.0,14.0,1,68.01404558374354,1468.8891509324426,1
C05232,0.0,0.0,28.0,1,7.494771741214927,1637.9085450501984,1
C05233,0.0,0.0,29.0,1,78.04936365273022,1541.2000903936819,1
C05234,0.0,0.0,7.0,1,99.29203534447284,1304.198853230598,1
C05235,0.0,0.0,4.0,1,56.12307232011199,1073.1130317475972,1
C05236,0.0,0.0,8.0,1,49.05953773096514,852.7652133178467,1
C05237,0.0,0.0,30.0,1,34.16882447589821,654.0989521345724,1
C05238,0.0,0.0,18.0,1,14.500963143652084,503.4703261584129,1
C05240,0.0,0.0,0.0,1,267.89167721279654,431.7445843737398,1
C05241,0.0,0.0,1.0,1,167.5510756557329,211.15993586050357,1
C05242,0.0,0.0,25.0,1,12.734844805375014,166.6542855409683,1
C05243,0.0,0.0,30.0,1,15.596228075539136,368.725891775624,1
C05244,0.0,0.0,6.0,1,93.44375794669776,424.67095121334415,1
C05245,0.0,0.0,30.0,1,26.134677070762567,207.1153642875556,1
C05246,0.0,0.0,30.0,1,20.105807658538957,174.49392953191003,1
C05247,0.0,1.0,18.0,1,42.99208311302497,111.00299219015203,1
C05248,0.0,0.0,12.0,1,9.516945412762208,152.4439932803587,1
C05249,0.0,1.0,9.0,1,107.35308154454698,97.84208560709925,1
C05250,0.0,0.0,8.0,1,63.072207927762584,298.3864958546658,1
C05251,0.0,0.0,15.0,1,83.23243836173722,188.7719700878471,1
C05252,0.0,0.0,18.0,1,64.02203318999607,244.6432019622424,1
C05253,0.0,0.0,0.0,1,229.95329561106993,457.23706744076424,1
C05254,0.0,0.0,0.0,1,458.2810007617974,575.2232156053054,1
C05256,0.0,1.0,10.0,1,74.15305415865843,113.19346954247938,1
C05257,0.0,0.0,8.0,1,125.49970835331868,203.1705402732948,1
C05258,0.0,0.0,5.0,1,49.47127969839329,251.3910274463659,1
C05259,0.0,0.0,10.0,1,91.44103131377987,192.29075638572147,1
C05260,0.0,0.0,22.0,1,16.148088701536246,177.515533341028,1
C05261,0.0,0.0,22.0,1,32.82070028664871,377.1992370935782,1
C05262,0.0,0.0,15.0,1,43.756744998252444,518.759001617515,1
C05263,0.0,0.0,34.0,1,40.1719854778913,428.27609169230817,1
C05264,0.0,0.0,37.0,1,18.51965438217798,471.94270803909643,1
C05265,0.0,0.0,42.0,1,44.967610120718625,450.47881264462785,1
C05266,0.0,0.0,34.0,1,9.860257069051828,204.88902920506894,1
C05267,0.0,1.0,40.0,1,25.173992075202854,77.63934527980946,1
C05268,0.0,0.0,48.0,1,21.504906250593702,308.34432309085787,1
C05269,0.0,0.0,24.0,1,35.8899131091363,450.8890328957683,1
C05270,0.0,0.0,24.0,1,11.18830915790315,388.54572161699485,1
C05271,0.0,0.0,20.0,1,57.392955823054095,248.54061982765165,1
C05272,0.0,0.0,12.0,1,44.404858748014504,312.3733369251532,1
C05273,0.0,0.0,2.0,1,136.87156929132018,508.3126631702158,1
C05274,0.0,0.0,0.0,1,223.41490015280993,737.6899250068685,1
C05275,0.0,0.0,0.0,1,185.7864750021443,713.0987039810848,1
C05276,0.0,0.0,10.0,1,62.20322321596014,463.2909224199836,1
C05277,0.0,0.0,0.0,1,194.3567381550025,213.93269028836085,1
C05278,0.0,1.0,0.0,1,353.95174991081865,43.54208482918791,1
C05279,0.0,0.0,0.0,1,373.85167699872454,288.13994920616034,1
C05280,0.0,0.0,1.0,1,125.41876558715957,537.7298090173031,1
C05281,0.0,0.0,3.0,1,114.11533388344971,604.5753317643988,1
C05282,0.0,0.0,13.0,1,25.633126024970938,653.7125313502207,1
C05283,0.0,0.0,0.0,1,164.42787932160257,783.6892340147295,1
C05289,0.0,0.0,0.0,1,158.8007414490217,209.02953551148846,1
C05290,0.0,0.0,2.0,1,74.99189713073761,410.72295615919575,1
C05291,0.0,0.0,0.0,1,323.09194802531965,647.0651796505114,1
C05295,0.0,0.0,0.0,1,188.96641333827395,745.0043860088629,1
C05296,0.0,0.0,0.0,1,199.57999088441616,715.4703759100876,1
C05297,0.0,0.0,0.0,1,201.4015924461939,770.560953096769,1
C05298,0.0,0.0,0.0,1,272.3046810540147,894.779585188375,1
C05299,0.0,0.0,4.0,0,128.314939917166,846.658842943363,1
C05300,0.0,0.0,4.0,1,96.51896343738501,766.0797827787551,1
C05301,0.0,0.0,0.0,1,314.7625783696098,762.8402656064342,1
C05302,0.0,0.0,0.0,1,243.07472078988053,837.8378769658516,1
C05304,0.0,0.0,0.0,1,199.10382831415507,655.8664586002637,1
C05305,0.0,0.0,2.0,1,109.18390766536936,610.1941580968304,1
C05306,0.0,0.0,0.0,1,256.02822894024746,464.22913799724176,1
C05307,0.0,0.0,2.0,1,130.5742952417595,272.195065660095,1
C05308,0.0,0.0,30.0,1,32.87046523811194,240.1491515157709,1
C05309,0.0,0.0,16.0,1,99.63561732846479,407.7414329912842,1
C05310,0.0,0.0,9.0,1,42.30218869683298,536.73897895312,1
C05311,0.0,0.0,0.0,1,192.68767850023957,705.2830636114398,1
C05322,0.0,0.0,0.0,1,135.02910159898653,500.92584778380353,1
C05323,0.0,0.0,0.0,1,129.94982237622057,550.5950428818505,1
C05324,0.0,0.0,6.0,1,108.5234054924223,693.0967447003422,1
C05325,0.0,0.0,19.0,1,19.019133317698998,884.6532053761835,1
C05326,0.0,0.0,6.0,1,76.28113991540236,774.9889617333757,1
C05327,0.0,0.0,4.0,1,77.13945064663643,599.6500827303827,1
C05328,0.0,0.0,0.0,1,225.3955773030709,493.5104382163906,1
C05329,0.0,0.0,0.0,1,153.62753015193744,443.53342333025205,1
C05330,0.0,0.0,4.0,1,84.23531941402241,486.6481422253594,1
C05331,0.0,0.0,0.0,1,307.55099681415106,290.0620405822081,1
C05332,0.0,1.0,9.0,1,81.68112165872184,89.97939816943999,1
C05333,0.0,0.0,26.0,1,26.49429874816649,238.86522727922264,1
C05334,0.0,0.0,42.0,1,44.936401958449174,344.0226005676261,1
C05335,0.0,0.0,18.0,1,65.29123576326622,372.13778074208363,1
C05336,0.0,0.0,16.0,1,53.36604808739625,156.38019256433049,1
C05337,0.0,2.0,28.0,1,41.996835203786304,122.3919870993726,1
C05338,0.0,0.0,14.0,1,41.513279148356816,350.7511094812364,1
C05339,0.0,0.0,8.0,1,36.89677766330978,596.4121565141381,1
C05340,0.0,0.0,20.0,1,46.94085586741504,487.89507925127634,1
C05341,0.0,0.0,47.0,1,30.18150198550358,480.92058694614394,1
C05342,0.0,0.0,22.0,1,71.17067411438924,532.367153974074,1
C05343,0.0,0.0,46.0,1,40.11966411642009,626.4932583897823,1
C05344,0.0,0.0,34.0,1,14.451100423855133,791.5635280792299,1
C05345,0.0,0.0,42.0,1,16.369442663523213,992.7999975637737,1
C05346,0.0,0.0,41.0,1,26.526474610197496,994.4279226395787,1
C05347,0.0,0.0,52.0,1,31.109744333307248,910.2871919222812,1
C05348,0.0,0.0,31.0,1,55.04185470464465,890.7068261949248,1
C05349,0.0,0.0,28.0,1,61.62083284340431,662.4965137833645,1
C05350,0.0,0.0,18.0,1,61.12135612823887,435.10701628414546,1
C05351,0.0,0.0,14.0,1,21.13174332340552,254.42995197946217,1
C05352,0.0,0.0,4.0,1,46.05258248966623,255.24710636724416,1
C05353,0.0,0.0,2.0,1,104.04220623848545,377.24149559032287,1
C05354,0.0,0.0,23.0,1,27.098634980106915,253.48629558578816,1
C05355,0.0,0.0,8.0,1,104.03184484002075,333.46582749119517,1
C05356,0.0,0.0,14.0,1,62.53034302784477,532.1124074469318,1
C05357,0.0,0.0,19.0,1,60.759572689310936,761.6349323747904,1
C05358,0.0,0.0,1.0,1,158.81279273228276,1001.0154475671859,1
C05359,0.0,0.0,10.0,1,35.543238471310104,1244.5786766302544,1
C05360,0.0,0.0,38.0,1,18.386793460016477,1490.275222359044,1
C05361,0.0,0.0,20.0,1,28.218205775490457,1406.9150205106891,1
C05362,0.0,0.0,12.0,1,38.032215078228425,1323.5429011532644,1
C05363,0.0,0.0,10.0,1,85.52699203671939,1240.1286777015803,1
C05364,0.0,0.0,6.0,1,79.4905920406328,994.2615689024608,1
C05365,0.0,0.0,10.0,1,39.8918272960311,751.1278170424097,1
C05366,0.0,0.0,6.0,1,77.64521853087938,514.6162916906233,1
C05367,0.0,0.0,19.0,1,58.12509245486475,300.77708990533444,1
C05368,0.0,0.0,6.0,1,99.22025736821935,202.7406914026748,1
C05369,0.0,0.0,2.0,1,110.06675354535267,341.6734085189358,1
C05370,0.0,0.0,0.0,1,177.25059860691914,250.22841868275592,1
C05371,0.0,1.0,15.0,1,18.043952885037637,54.489990606769794,1
C05372,0.0,0.0,10.0,1,46.88325158657994,261.388707935479,1
C05373,0.0,0.0,33.0,1,42.908910106706436,508.6049097246628,1
C05374,0.0,0.0,20.0,1,15.850995099031492,310.5088306323203,1
C05375,0.0,1.0,40.0,1,10.244481898985507,103.64129600109325,1
C05376,0.0,0.0,18.0,1,30.30868873018094,146.14839370946396,1
C05377,0.0,0.0,44.0,1,6.619997683858709,262.5891614789074,1
C05378,0.0,0.0,23.0,1,80.90184287793834,273.8461258184779,1
C05379,0.0,0.0,27.0,1,16.44747033526809,431.6544952325581,1
C05380,0.0,0.0,29.0,1,41.002636325594146,429.4271976046368,1
C05381,0.0,0.0,5.0,1,102.06867183952129,456.752840842904,1
C05382,0.0,0.0,2.0,1,134.26689310346222,598.1961193400996,1
C05384,0.0,0.0,6.0,1,127.41607442370632,337.27870341261786,1
C05385,0.0,0.0,24.0,1,32.112663024184336,173.47280449162415,1
C05386,0.0,0.0,10.0,1,71.41997124490412,139.79157248941777,1
C05387,0.0,1.0,65.0,1,9.987253048608995,115.28015510443497,1
C05388,0.0,0.0,43.0,1,22.515117578762514,183.7337589250444,1
C05389,0.0,1.0,23.0,1,93.49133762127717,139.73401180583812,1
C05390,0.0,0.0,6.0,1,116.24810238297331,360.9613468807732,1
C05391,0.0,0.0,26.0,1,34.42453441253068,369.47673451878507,1
C05392,0.0,0.0,34.0,1,22.70748842850769,434.64326388813663,1
C05393,0.0,0.0,30.0,1,52.49828158619821,343.0077070225795,1
C05394,0.0,0.0,40.0,1,7.643365721640339,263.5250305626384,1
C05395,0.0,0.0,69.0,1,26.357804821592286,364.4198136911167,1
C05396,0.0,0.0,41.0,1,40.698400900220236,205.32202438974429,1
C05397,0.0,1.0,22.0,1,16.933734075073662,97.96128424068432,1
C05398,0.0,0.0,17.0,1,27.52842427940215,319.43026268759434,1
C05399,0.0,0.0,20.0,1,44.46397666747646,303.4775689845214,1
C05400,0.0,1.0,17.0,1,46.91714199084073,53.882249342403306,1
C05401,0.0,0.0,2.0,1,144.5950136782023,196.7433828916208,1
C05402,0.0,0.0,0.0,1,358.92275398858266,446.66835642239187,1
C05403,0.0,0.0,0.0,1,455.1683070916331,696.6471722088039,1
C05404,0.0,0.0,0.0,1,409.1006034930753,763.0707270460931,1
C05405,0.0,0.0,0.0,1,288.4801051808806,537.0341252210233,1
C05406,0.0,0.0,0.0,1,194.99415928769426,345.73742757932087,1
C05407,0.0,0.0,7.0,1,117.6262565337127,275.06923856807873,1
C05408,0.0,0.0,0.0,1,170.54993117882765,364.1666615751415,1
C05409,0.0,0.0,0.0,1,153.5700105014046,291.89986071352837,1
C05410,0.0,0.0,12.0,1,73.42360500538369,354.576382733814,1
C05411,0.0,0.0,19.0,1,17.272990447143947,433.0740734087836,1
C05412,0.0,0.0,0.0,1,170.60771348247067,611.8675468801698,1
C05420,0.0,0.0,0.0,1,396.684105131748,751.6391418564268,1
C05423,0.0,0.0,0.0,1,315.4165679675491,654.5644468639609,1
C05424,0.0,0.0,10.0,1,108.92351110659675,510.21656061990205,1
C05425,0.0,0.0,12.0,1,44.2194622756151,466.0335421010825,1
C05426,0.0,0.0,26.0,1,32.24615816998315,546.8579212151549,1
C05427,0.0,0.0,2.0,0,114.78938948728334,711.2804718451364,1
C05428,0.0,0.0,12.0,0,53.105601299328434,634.2533243780823,1
C05429,0.0,0.0,0.0,1,156.25461262578818,521.847024263624,1
C05430,0.0,0.0,12.0,1,75.44023875815489,517.0796398824361,1
C05431,0.0,0.0,12.0,1,17.493795405652442,622.4294267056308,1
C05432,0.0,0.0,18.0,1,51.19400066172374,608.6242435610953,1
C05433,0.0,0.0,4.0,1,61.49669988327183,433.12765890550514,1
C05434,0.0,0.0,13.0,1,12.489013275697102,360.2439006667729,1
C05435,0.0,0.0,4.0,1,101.68206417784174,337.03922426238574,1
C05436,0.0,0.0,18.0,1,17.07409737704429,160.34346341288776,1
C05437,0.0,1.0,38.0,1,27.622251944101887,96.39236205883397,1
C05438,0.0,0.0,44.0,1,19.93780838109539,204.00202886914462,1
C05439,0.0,0.0,20.0,1,49.3112033877115,354.89758532882115,1
C05440,0.0,0.0,17.0,1,40.53983030669332,579.0403823238311,1
C05441,0.0,0.0,6.0,1,115.28714921300067,818.305097534672,1
C05442,0.0,0.0,0.0,1,155.19123878120269,852.5289461559928,1
C05443,0.0,0.0,4.0,1,52.53362956205065,669.7525403392353,1
C05444,0.0,0.0,0.0,1,260.94172804928377,543.4439497757525,1
C05445,0.0,0.0,0.0,1,400.43560140609895,516.8115592794749,1
C05446,0.0,0.0,0.0,1,228.01044889933337,411.1747923169788,1
C05447,0.0,0.0,4.0,1,68.91286616489793,303.23814489670843,1
C05448,0.0,0.0,1.0,1,117.2959923662062,373.9545897617565,1
C05449,0.0,0.0,12.0,1,86.0187854468285,559.2232987701515,1
C05450,0.0,0.0,14.0,1,101.9582599100702,368.7089683472935,1
C05451,0.0,0.0,16.0,1,112.82175676028713,251.345379125756,1
C05452,0.0,0.0,18.0,1,40.33477600597852,339.7097229636128,1
C05453,0.0,0.0,12.0,1,61.81890303972146,540.9536876149002,1
C05454,0.0,0.0,12.0,1,50.02716043965038,771.271086202707,1
C05455,0.0,0.0,3.0,1,107.6742057281269,950.7825076519536,1
C05456,0.0,0.0,0.0,1,200.05720651975764,814.2233770697793,1
C05457,0.0,0.0,0.0,1,376.2236385905474,739.5485370662936,1
C05458,0.0,0.0,0.0,1,245.64856274746649,692.7155900096292,1
C05459,0.0,0.0,0.0,1,159.42378298363386,624.9637120773899,1
C05460,0.0,0.0,0.0,1,322.4125522821338,435.36185653060005,1
C05461,0.0,0.0,8.0,1,83.59838572219546,329.3504004057216,1
C05462,0.0,0.0,56.0,1,46.00646102736106,261.72042028043825,1
C05463,0.0,0.0,45.0,1,24.832392426244414,391.8207122347278,1
C05464,0.0,0.0,41.0,1,8.335595889202336,207.1488978214115,1
C05465,0.0,1.0,24.0,1,50.758282909453555,85.202625959178,1
C05466,0.0,0.0,20.0,1,22.695773335668882,188.35634999709922,1
C05467,0.0,0.0,14.0,1,18.131466196132266,378.3638912736736,1
C05468,0.0,0.0,8.0,1,72.73215066254016,556.964249223712,1
C05469,0.0,0.0,32.0,1,15.015542016249407,490.5917387872878,1
C05470,0.0,0.0,45.0,1,36.25450046729154,315.84690966309233,1
C05471,0.0,0.0,39.0,1,10.80109247405029,289.54841826733707,1
C05472,0.0,0.0,14.0,1,71.98642797847546,439.2235224785985,1
C05473,0.0,0.0,51.0,1,23.29685900671688,653.4495534284946,1
C05474,0.0,0.0,36.0,1,34.2119587340834,886.6088963310093,1
C05475,0.0,0.0,24.0,1,49.754839745911006,1127.011247162459,1
C05476,0.0,0.0,34.0,1,6.679740688524187,1155.7000435996686,1
C05477,0.0,0.0,23.0,1,14.024070527466357,993.4900450757202,1
C05478,0.0,0.0,41.0,1,21.08231040077274,782.5847906196084,1
C05479,0.0,0.0,23.0,1,30.905435558513986,602.3748329352051,1
C05480,0.0,0.0,0.0,1,231.20474378585732,488.1310522782749,1
C05481,0.0,0.0,4.0,1,91.06856646734869,488.5574777269055,1
C05482,0.0,0.0,22.0,1,47.75820836062437,574.9748226187728,1
C05483,0.0,0.0,0.0,1,162.03108905902815,502.5337826455762,1
C05484,0.0,0.0,0.0,1,206.8837441505282,547.2516411621377,1
C05485,0.0,0.0,6.0,1,42.49171390972828,686.6065210943129,1
C05486,0.0,0.0,6.0,1,111.13994014520303,876.5686914690812,1
C05487,0.0,0.0,12.0,1,71.38438405337801,1091.0164191791062,1
C05488,0.0,0.0,16.0,1,23.993862493946498,1318.051965202048,1
C05489,0.0,0.0,16.0,1,70.6070531046369,1324.280714831308,1
C05490,0.0,0.0,8.0,1,89.68344823310717,1183.6702868319062,1
C05491,0.0,0.0,20.0,1,14.030214653130077,1083.2503331101886,1
C05492,0.0,0.0,13.0,1,55.84221189585168,1034.7884906771733,1
C05493,0.0,0.0,4.0,1,76.59457468362368,974.9566943645475,1
C05494,0.0,0.0,10.0,1,55.02019633596528,725.3809247731558,1
C05495,0.0,0.0,0.0,1,144.46745318680328,476.250371299878,1
C05496,0.0,0.0,19.0,1,44.178301937502106,229.02258906445155,1
C05497,0.0,1.0,6.0,1,98.33240591762028,55.57226322813942,1
C05498,0.0,0.0,31.0,1,18.443627507241306,280.5801250602234,1
C05499,0.0,0.0,25.0,1,69.08492422890356,313.08027070785596,1
C05500,0.0,0.0,71.0,1,43.19252276406684,195.8932195517692,1
C05501,0.0,0.0,27.0,1,14.361894237197186,322.06994741237645,1
C05502,0.0,0.0,20.0,1,27.839130591070614,542.2950751998991,1
C05503,0.0,0.0,33.0,1,5.53828897155995,335.50796705177027,1
C05504,0.0,0.0,46.0,1,59.92038065001717,163.9859149175533,1
C05505,0.0,0.0,16.0,1,76.65916299992992,257.326960553072,1
C05506,0.0,0.0,6.0,1,80.1231535568433,450.5449549544254,1
C05507,0.0,0.0,28.0,1,32.856386047709044,515.1798982254959,1
C05508,0.0,0.0,26.0,1,26.46542378854929,613.7949414619815,1
C05509,0.0,0.0,3.0,1,116.37595618744001,676.8903747242211,1
C05510,0.0,0.0,21.0,1,52.46724053727306,694.5473482562495,1
C05511,0.0,0.0,22.0,1,14.145352000367398,627.0571615185667,1
C05512,0.0,0.0,6.0,1,111.87056391853704,379.2040403341418,1
C05513,0.0,1.0,18.0,1,29.10899253410685,139.2505820445754,1
C05514,0.0,0.0,8.0,1,23.811991726313927,141.37094819576126,1
C05515,0.0,0.0,30.0,1,18.61559320575916,307.6259891807375,1
C05516,0.0,0.0,11.0,1,91.3614346642337,297.2903961470428,1
C05517,0.0,0.0,61.0,1,11.50716797373122,383.1082401185477,1
C05518,0.0,0.0,53.0,1,32.096768613709,364.05964282430233,1
C05519,0.0,0.0,39.0,1,49.84822170909748,295.2104110432413,1
C05520,0.0,1.0,43.0,1,29.92685173437202,120.62709596515654,1
C05521,0.0,0.0,22.0,1,50.2282720468883,258.752015979885,1
C05522,0.0,0.0,17.0,1,78.64274721870808,221.74102993338172,1
C05523,0.0,1.0,47.0,1,29.881993595800207,30.987723570289276,1
C05524,0.0,0.0,19.0,1,97.736133622954,278.83936893527147,1
C05525,0.0,0.0,22.0,1,15.952531578462331,256.6941885483328,1
C05526,0.0,0.0,24.0,1,27.947532632742117,182.56830487537653,1
C05527,0.0,0.0,15.0,1,53.05880500388581,354.64131944212284,1
C05528,0.0,0.0,10.0,1,22.59118361400773,397.7807083892312,1
C05529,0.0,0.0,2.0,1,138.870122869983,262.7435134957295,1
C05530,0.0,0.0,17.0,1,10.428054717496979,323.788226780287,1
C05531,0.0,0.0,0.0,1,146.4580887411545,515.406128910944,1
C05532,0.0,0.0,0.0,1,261.7879450382536,742.5955424296637,1
C05533,0.0,0.0,0.0,1,469.2578064171257,597.3733024575206,1
C05534,0.0,0.0,0.0,1,436.14241679444024,458.80228697447194,1
C05535,0.0,0.0,0.0,1,212.14322344510998,434.9071332790564,1
C05536,0.0,0.0,6.0,1,129.16940584412345,471.55196049167563,1
C05537,0.0,0.0,6.0,1,38.41664957705055,223.49367491125216,1
C05538,0.0,1.0,0.0,1,127.55101829055032,50.37453728948857,1
C05539,0.0,1.0,0.0,1,136.72263922140218,104.58245841038264,1
C05540,0.0,0.0,7.0,1,42.14997228518661,269.7521686167504,1
C05552,0.0,0.0,0.0,1,164.29537576809767,508.6688693606898,1
C05553,0.0,0.0,2.0,1,89.19392989056844,301.01551835272835,1
C05554,0.0,0.0,4.0,1,143.82364296321555,217.89140855398796,1
C05555,0.0,0.0,16.0,1,63.8056707824116,359.64286389989735,1
C05556,0.0,0.0,4.0,1,117.09862338225525,579.8355915141802,1
C05557,0.0,0.0,0.0,1,146.12902669228265,461.2194300277296,1
C05558,0.0,0.0,8.0,1,13.970977257958634,287.6984530428591,1
C05559,0.0,0.0,5.0,1,38.485045935504175,278.95776944083246,1
C05560,0.0,0.0,4.0,1,119.80953316459815,444.81959756687326,1
C05561,0.0,0.0,9.0,1,92.46354716944371,502.85408146143914,1
C05562,0.0,0.0,11.0,1,111.70684890016074,264.64755109593546,1
C05563,0.0,1.0,13.0,1,85.97290933199784,110.51889141555796,1
C05564,0.0,1.0,22.0,1,6.227137646056989,88.21694156651277,1
C05565,0.0,0.0,15.0,1,60.659466564224914,280.3930752168931,1
C05566,0.0,0.0,4.0,1,103.31250945506292,212.4733490059799,1
C05567,0.0,1.0,14.0,1,71.01744172677216,66.93573281377824,1
C05568,0.0,0.0,8.0,1,47.05964453476741,298.0198996993625,1
C05569,0.0,0.0,69.0,1,5.118275013203988,546.0323515198697,1
C05570,0.0,0.0,38.0,1,10.722098803010576,795.2903854541555,1
C05571,0.0,0.0,39.0,1,39.85243439944124,730.192720440602,1
C05572,0.0,0.0,44.0,1,26.59021304012946,504.920063219376,1
C05573,0.0,0.0,10.0,1,98.69772245033946,318.91555543508724,1
C05574,0.0,0.0,0.0,1,160.96941714001017,271.0534868904692,1
C05575,0.0,0.0,12.0,1,61.03391095339929,283.99175624480074,1
C05576,0.0,1.0,5.0,1,108.79830884901021,59.49773355761357,1
C05577,0.0,0.0,0.0,1,284.83904228894,226.7788415659169,1
C05580,0.0,1.0,0.0,1,310.18597142477734,20.549798972685174,1
C05581,0.0,0.0,8.0,1,73.82971609441593,229.45694695511466,1
C05582,0.0,0.0,24.0,1,26.800473122192688,479.4566578681611,1
C05583,0.0,0.0,13.0,1,33.351842697412955,729.4565669333928,1
C05584,0.0,0.0,1.0,1,126.45297275942997,921.7882781703611,1
C05585,0.0,0.0,0.0,1,255.52794528703984,1040.0753627207303,1
C05586,0.0,0.0,0.0,1,405.0692485474901,936.3847003624996,1
C05587,0.0,0.0,0.0,1,424.5271736679138,736.4593073049293,1
C05588,0.0,0.0,0.0,1,403.36979083520475,576.9994068967005,1
C05589,0.0,0.0,0.0,1,217.41867221458222,455.01531098031376,1
C05590,0.0,0.0,2.0,1,75.24546739375477,205.09711204907723,1
C05591,0.0,1.0,26.0,1,26.46965186264127,45.72436456892378,1
C05592,0.0,0.0,15.0,1,74.20755192543572,295.1552297683237,1
C05593,0.0,0.0,19.0,1,34.423680177052574,268.9513039224908,1
C05594,0.0,0.0,4.0,1,103.35473290154373,191.5296986979357,1
C05595,0.0,0.0,8.0,1,48.02499381470814,355.01048869721586,1
C05596,0.0,0.0,22.0,1,95.30718082583942,302.5255181426343,1
C05597,0.0,0.0,46.0,1,22.143681758735514,323.5891832480137,1
C05598,0.0,0.0,37.0,1,14.678109473260433,394.65627531406744,1
C05599,0.0,0.0,33.0,1,10.323641076736859,158.69080072388232,1
C05600,0.0,1.0,25.0,1,67.53651259404785,96.23817543874208,1
C05601,0.0,0.0,4.0,1,76.79485344665981,344.00698043669007,1
C05602,0.0,0.0,36.0,1,66.49507886723949,593.649575731812,1
C05603,0.0,0.0,18.0,1,35.58306205394967,843.5039033365238,1
C05604,0.0,0.0,30.0,1,18.315698777350217,1093.4248264610342,1
C05605,0.0,0.0,61.0,1,55.111407245452355,1147.474390197602,1
C05606,0.0,0.0,45.0,1,36.88233834042721,1133.8252922732765,1
C05607,0.0,0.0,50.0,1,44.08980252198469,954.4507730853178,1
C05608,0.0,0.0,36.0,1,16.099952892552015,813.2605751465767,1
C05609,0.0,0.0,4.0,1,93.82699608318859,732.6726744818046,1
C05610,0.0,0.0,29.0,1,58.576864939819316,732.9568423699312,1
C05611,0.0,0.0,10.0,1,34.414572141533824,802.4219259814346,1
C05612,0.0,0.0,0.0,1,174.12589274238528,752.2134692694201,1
C05613,0.0,0.0,0.0,1,290.745849555972,782.7957967470946,1
C05614,0.0,0.0,8.0,1,50.7505011113187,885.8405135573224,1
C05615,0.0,0.0,26.0,1,7.666647158998052,1040.0276782442295,1
C05616,0.0,0.0,23.0,1,30.824254985080284,1226.2143889094862,1
C05617,0.0,0.0,13.0,1,98.35927142263297,1333.4275189936823,1
C05618,0.0,0.0,24.0,1,22.19654324854096,1140.3441956989366,1
C05619,0.0,0.0,0.0,1,195.1597163287984,973.5198102344204,1
C05620,0.0,0.0,4.0,1,59.819399388303744,848.5851502197464,1
C05621,0.0,0.0,7.0,1,23.990430467323847,785.7815812476626,1
C05622,0.0,0.0,12.0,1,58.9060223680889,799.8803846092768,1
C05623,0.0,0.0,13.0,1,29.55147968584679,783.0465979203419,1
C05624,0.0,0.0,18.0,1,26.5066566159608,560.1775652890203,1
C05625,0.0,0.0,0.0,1,200.84609927181785,373.4110801672168,1
C05626,0.0,0.0,24.0,1,21.58050324574617,300.1212503808429,1
C05627,0.0,0.0,39.0,1,52.53708052466013,407.07455713747765,1
C05628,0.0,0.0,29.0,1,50.05672126231951,508.3544534048425,1
C05629,0.0,0.0,14.0,1,87.91710343811586,445.84655191712477,1
C05630,0.0,0.0,17.0,1,37.512270171640765,513.939729361569,1
C05631,0.0,0.0,26.0,1,19.696516068451206,655.2727621684247,1
C05632,0.0,0.0,21.0,1,16.714411267035846,503.7017550195478,1
C05633,0.0,0.0,19.0,1,9.333255085713139,409.92833806155414,1
C05634,0.0,0.0,32.0,1,32.002719912844086,455.3756983876534,1
C05635,0.0,0.0,28.0,1,32.96364105237366,609.6661471807159,1
C05636,0.0,0.0,28.0,1,48.580992646003885,762.1213515218394,1
C05637,0.0,0.0,21.0,1,30.739697563070845,831.9632546417901,1
C05638,0.0,0.0,16.0,1,11.349727083271544,925.7177975744127,1
C05639,0.0,0.0,7.0,1,114.8680643603654,893.4424795373022,1
C05640,0.0,0.0,16.0,1,32.73651278201456,651.0257173382464,1
C05641,0.0,0.0,22.0,1,27.89038585686012,417.64758472879237,1
C05642,0.0,0.0,20.0,1,26.117279763494526,223.66163154150826,1
C05643,0.0,1.0,17.0,1,65.73498152702403,108.23323441162894,1
C05644,0.0,0.0,21.0,1,11.346587640627103,225.64285568660878,1
C05645,0.0,0.0,47.0,1,19.598553574784134,310.37510235214535,1
C05646,0.0,0.0,20.0,1,50.71689369375601,395.03898910996355,1
C05647,0.0,0.0,36.0,1,41.04664965715917,536.456257514044,1
C05648,0.0,0.0,33.0,1,18.982891026208122,300.31154776105734,1
C05649,0.0,0.0,23.0,1,8.139842323116273,132.62252904883624,1
C05650,0.0,0.0,34.0,1,61.62659743584793,264.55707267804615,1
C05651,0.0,0.0,36.0,1,27.752650471184054,325.09057450954504,1
C05652,0.0,0.0,19.0,1,22.501643731534134,239.7395175833509,1
C05653,0.0,0.0,30.0,1,1.8248471898515555,366.423513092773,1
C05654,0.0,0.0,10.0,1,81.33924043327396,463.27818766856626,1
C05655,0.0,0.0,10.0,1,43.915663688634574,426.69187791666803,1
C05656,0.0,0.0,4.0,1,108.0716017016496,523.9324748387278,1
C05657,0.0,0.0,4.0,1,121.18035839584124,591.0671273692374,1
C05658,0.0,0.0,14.0,1,40.20189935286324,510.06373226682587,1
C05659,0.0,0.0,14.0,1,8.496799134549171,544.030948468381,1
C05660,0.0,0.0,21.0,1,38.99615984883611,675.8508228957395,1
C05661,0.0,0.0,0.0,1,133.08977989146751,690.7855064329689,1
C05662,0.0,0.0,0.0,1,313.7639908830553,453.6841323452413,1
C05663,0.0,0.0,0.0,1,317.3626951535047,243.87285208865646,1
C05664,0.0,0.0,0.0,1,255.18751694409573,195.2399652475306,1
C05665,0.0,0.0,10.0,1,73.8154623679112,376.51470100629297,1
C05666,0.0,1.0,0.0,1,140.9845508636543,147.8565908172266,1
C05667,0.0,1.0,63.0,1,23.277832436421477,120.20445233995889,1
C05668,0.0,0.0,48.0,1,23.462715020310377,145.43235548433736,1
C05669,0.0,0.0,12.0,1,14.267660325646524,288.0612988375964,1
C05670,0.0,0.0,2.0,1,108.80913072188264,519.4305090715054,1
C05671,0.0,0.0,12.0,1,44.63885852588813,495.58538710399796,1
C05672,0.0,0.0,8.0,1,103.58205021425087,585.663765952469,1
C05681,0.0,0.0,14.0,1,46.18145659216028,462.6374630475163,1
C05682,0.0,0.0,11.0,1,33.8215630437974,214.2422597143738,1
C05683,0.0,1.0,21.0,1,19.397856920309344,52.59343571207702,1
C05684,0.0,0.0,31.0,1,40.682880677175206,290.9164710230061,1
C05685,0.0,0.0,3.0,1,111.38165624241701,539.9062110635131,1
C05686,0.0,0.0,6.0,1,59.657658800064034,384.9278449080536,1
C05687,0.0,0.0,10.0,1,65.94877504406496,134.9684519941938,1
C05688,0.0,1.0,4.0,1,123.8872537384103,115.16735770981047,1
C05689,0.0,0.0,13.0,1,52.477171797841805,365.1171832850515,1
C05690,0.0,0.0,6.0,1,82.00563224853636,510.1970057091082,1
C05691,0.0,0.0,12.0,1,65.30331455144734,278.347056196375,1
C05692,0.0,0.0,12.0,1,30.5683681555064,140.18980972893877,1
C05693,0.0,0.0,38.0,1,40.97793737302471,164.22246760814528,1
C05694,0.0,0.0,24.0,1,6.843549600428638,312.7412136536294,1
C05695,0.0,0.0,19.0,1,5.059703638330399,364.7032884173203,1
C05696,0.0,0.0,0.0,1,173.2687031674466,303.8814849113182,1
C05697,0.0,0.0,0.0,1,263.33387296717035,420.33251737333893,1
C05698,0.0,0.0,7.0,1,41.05260786109337,621.300968493458,1
C05699,0.0,0.0,25.0,1,7.946807400581231,848.7345649497312,1
C05700,0.0,0.0,26.0,1,37.638628696132365,681.5843410283475,1
C05701,0.0,0.0,48.0,1,19.42696444407351,431.6480918434115,1
C05702,0.0,0.0,28.0,1,74.63836219015485,181.88715306219336,1
C05703,0.0,1.0,19.0,1,34.11425359523179,69.61176413567819,1
C05704,0.0,0.0,22.0,1,2.4801347494043036,318.7611315124428,1
C05705,0.0,0.0,0.0,1,191.60343247693137,200.3162202034284,1
C05706,0.0,0.0,0.0,1,190.32819116367605,296.6736435210834,1
C05707,0.0,0.0,13.0,1,43.949006485888006,250.84731727702834,1
C05708,0.0,0.0,0.0,1,232.73140001933737,368.02430979436804,1
C05709,0.0,0.0,0.0,1,152.07783063833438,250.3399466081383,1
C05710,0.0,0.0,22.0,1,70.20666970206302,338.96649559493346,1
C05711,0.0,0.0,6.0,1,82.18510080248302,435.6646215981622,1
C05712,0.0,0.0,0.0,1,191.01858746073074,568.3076180173923,1
C05713,0.0,0.0,25.0,1,16.279099690497528,762.3276427369892,1
C05714,0.0,0.0,0.0,1,203.33922581980855,817.2102876204768,1
C05715,0.0,0.0,0.0,1,171.53196018020725,722.4014150466652,1
C05716,0.0,0.0,0.0,1,213.46062500354245,597.1592698426956,1
C05717,0.0,0.0,0.0,1,427.9569332039346,383.6081305214337,1
C05718,0.0,0.0,0.0,1,280.14518663522455,250.42204784171307,1
C05719,0.0,0.0,0.0,1,192.0118518890911,317.266393578542,1
C05720,0.0,2.0,6.0,1,25.280596950041097,113.86866056263496,1
C05721,0.0,0.0,2.0,1,79.78044511236274,181.55790692122397,1
C05722,0.0,0.0,11.0,1,90.14424233074726,419.7311200661121,1
C05723,0.0,0.0,24.0,1,62.402620060533366,437.1587394714927,1
C05724,0.0,0.0,70.0,1,30.720207626580734,341.92914182760444,1
C05725,0.0,1.0,46.0,1,27.13393847056275,104.9879694500887,1
C05726,0.0,0.0,26.0,1,58.928248399150235,155.5980209286094,1
C05727,0.0,0.0,26.0,1,21.82165793786549,151.3505800501211,1
C05728,0.0,0.0,18.0,1,16.889604869902676,239.81743267499414,1
C05729,0.0,0.0,54.0,1,11.171240416881455,244.3057230243275,1
C05730,0.0,0.0,8.0,1,45.96753828187651,410.80932618409554,1
C05731,0.0,0.0,32.0,1,0.947547642666638,634.6993923561151,1
C05732,0.0,0.0,56.0,1,5.890812779718014,872.8816270460807,1
C05733,0.0,0.0,32.0,1,18.240330363669926,893.6587734721375,1
C05734,0.0,0.0,47.0,1,36.62210554449629,900.150793738429,1
C05735,0.0,0.0,50.0,1,31.838337614996348,973.0965520091635,1
C05736,0.0,0.0,30.0,1,27.40861865791531,1099.346327412941,1
C05737,0.0,0.0,39.0,1,18.02583209962646,1041.5997728598857,1
C05738,0.0,0.0,24.0,1,20.513811790581748,979.9727402669654,1
C05739,0.0,0.0,4.0,1,129.65191244341202,980.1852154113145,1
C05740,0.0,0.0,8.0,1,95.29882592339867,1040.2720067107546,1
C05741,0.0,0.0,10.0,1,8.949436696857898,1002.0528948117471,1
C05742,0.0,0.0,2.0,1,158.20378177886744,1025.209324994259,1
C05743,0.0,0.0,9.0,1,26.952117738523967,1105.8925427498668,1
C05744,0.0,0.0,31.0,1,18.565054451816447,1232.859469754906,1
C05745,0.0,0.0,35.0,1,11.69344527975867,1393.515923202505,1
C05746,0.0,0.0,22.0,1,26.91821866860887,1204.0325665860462,1
C05747,0.0,0.0,8.0,1,110.88247864549176,985.9261420889443,1
C05748,0.0,0.0,14.0,1,48.63299902822009,787.0236933593528,1
C05749,0.0,0.0,2.0,1,154.5348370267552,625.9091229272858,1
C05750,0.0,0.0,10.0,1,47.075702878735825,537.6970954154501,1
C05751,0.0,0.0,5.0,1,102.17141247837823,558.0986495887794,1
C05752,0.0,0.0,13.0,1,106.98266297807486,677.3699424446191,1
C05753,0.0,0.0,11.0,1,90.93247552588959,725.109228422172,1
C05754,0.0,0.0,0.0,1,146.80944818906022,592.8071552212496,1
C05755,0.0,0.0,12.0,1,80.22836420489527,549.5973557251014,1
C05756,0.0,0.0,59.0,1,35.88907823509014,614.568290394596,1
C05757,0.0,0.0,25.0,1,78.30866338170567,737.4477911598677,1
C05758,0.0,0.0,31.0,1,20.70097007399054,592.5154528162849,1
C05759,0.0,0.0,49.0,1,13.177799272609734,442.67671512890206,1
C05760,0.0,0.0,16.0,1,76.80545321465412,407.2478194030548,1
C05761,0.0,0.0,17.0,1,33.24067046148905,510.62598709796504,1
C05762,0.0,0.0,8.0,1,36.01728466032701,658.9317904005457,1
C05763,0.0,0.0,15.0,1,41.18425147992409,688.1256344132254,1
C05764,0.0,0.0,19.0,1,79.71977766948137,798.6505325063893,1
C05765,0.0,0.0,26.0,1,34.71846575078306,962.8958704911317,1
C05766,0.0,0.0,16.0,1,25.721544850064696,1064.2281165163806,1
C05767,0.0,0.0,15.0,1,21.669177304574198,1055.3049308779553,1
C05768,0.0,0.0,31.0,1,24.48312608972625,820.4559183677513,1
C05769,0.0,0.0,13.0,1,21.14654197058017,582.8304424829181,1
C05770,0.0,0.0,17.0,1,24.28777419707466,362.2633508719836,1
C05771,0.0,0.0,8.0,1,100.38662326231565,218.58212663701883,1
C05772,0.0,1.0,42.0,1,15.46713139137414,36.968593311352414,1
C05773,0.0,0.0,4.0,1,100.87762057864718,140.75798473974868,1
C05774,0.0,2.0,31.0,1,36.303264991126866,114.01968758438174,1
C05775,0.0,0.0,31.0,1,32.51542548424272,212.69684377674426,1
C05776,0.0,0.0,17.0,1,14.810494314369503,332.85241976601947,1
C05777,0.0,0.0,20.0,1,53.54930753590189,398.6761455107014,1
C05778,0.0,0.0,20.0,1,10.205393229693126,381.6105005652121,1
C05779,0.0,0.0,26.0,1,8.318015142601583,445.0036894614463,1
C05780,0.0,0.0,38.0,1,20.549295102252294,535.9092077152391,1
C05781,0.0,0.0,16.0,1,5.753539539445084,488.86586459899917,1
C05782,0.0,0.0,2.0,1,127.2344935445509,561.943936906769,1
C05783,0.0,0.0,7.0,1,66.71788572767589,698.8286284236327,1
C05784,0.0,0.0,26.0,1,19.78945870762349,675.1301588694117,1
C05785,0.0,0.0,38.0,1,24.464040625195477,740.4323135342072,1
C05786,0.0,0.0,6.0,1,88.42971385614878,815.7764437310052,1
C05787,0.0,0.0,12.0,1,44.52762078000827,759.1415336179729,1
C05788,0.0,0.0,24.0,1,34.185730249380946,782.3685384659137,1
C05789,0.0,0.0,21.0,1,12.367882821557595,746.7972926850183,1
C05790,0.0,0.0,3.0,1,114.7477413242125,671.6837390846255,1
C05791,0.0,0.0,0.0,1,249.3210322060902,424.03268906383204,1
C05792,0.0,0.0,12.0,1,67.93442728671374,182.88903039467874,1
C05793,0.0,1.0,4.0,1,106.30744237892847,109.968511323501,1
C05794,0.0,0.0,42.0,1,53.393037066148885,340.20251252262705,1
C05795,0.0,0.0,4.0,1,148.19877969799697,202.02388456480261,1
C05796,0.0,1.0,50.0,1,56.28212927179661,146.91562459085523,1
C05797,0.0,0.0,49.0,1,16.13391670589903,203.74148062195317,1
C05798,0.0,0.0,31.0,1,38.342942173524555,431.78348868747906,1
C05799,0.0,0.0,8.0,1,34.28286830915976,300.64038254269525,1
C05800,0.0,0.0,16.0,1,14.844287785633844,250.56298699933117,1
C05801,0.0,0.0,18.0,1,44.520815217299145,400.2236640837669,1
C05810,0.0,0.0,2.0,1,130.3757773243833,542.5152769954054,1
C05811,0.0,0.0,22.0,1,23.474705432689984,355.2311211111446,1
C05812,0.0,0.0,6.0,1,117.99065861387814,288.1934646003616,1
C05813,0.0,0.0,2.0,1,104.93186393360688,406.10564717920266,1
C05814,0.0,0.0,6.0,1,91.98840249267549,609.7443073152207,1
C05815,0.0,0.0,6.0,1,72.14925827390724,456.7444897708273,1
C05816,0.0,0.0,1.0,1,157.24723186252757,280.4684762752559,1
C05817,0.0,0.0,13.0,1,61.73081173339666,259.9436089748051,1
C05818,0.0,0.0,18.0,1,41.22789955973006,308.6052177429064,1
C05819,0.0,0.0,20.0,1,97.83860534314758,497.8992679141504,1
C05820,0.0,0.0,36.0,1,33.6003422280676,458.16573538982607,1
C05821,0.0,0.0,28.0,1,63.124106230252075,389.9896667143223,1
C05822,0.0,0.0,36.0,1,41.42615562259733,413.70981249574817,1
C05823,0.0,0.0,8.0,1,115.81483065337518,491.928711101013,1
C05824,0.0,0.0,1.0,1,159.25682486985244,588.1088786330278,1
C05825,0.0,0.0,0.0,1,319.97938914736454,552.4558999743762,1
C05826,0.0,0.0,0.0,1,393.2435344531642,624.1337915110818,1
C05827,0.0,0.0,0.0,1,204.77320256424437,773.8723783644814,1
C05828,0.0,0.0,0.0,1,183.53064750966615,961.3376917757021,1
C05829,0.0,0.0,2.0,1,146.49052400550588,721.7568973592468,1
C05830,0.0,0.0,22.0,1,73.83115410239799,492.6417360949616,1
C05831,0.0,0.0,13.0,1,70.62762770839545,299.0965419386679,1
C05832,0.0,0.0,5.0,1,21.450925392838638,247.42999546675995,1
C05833,0.0,0.0,0.0,1,135.0701323627675,397.4725951731671,1
C05834,0.0,0.0,0.0,1,249.7819898277937,380.3815069087333,1
C05835,0.0,0.0,0.0,1,256.6993076085212,132.97427442378591,1
C05836,0.0,2.0,0.0,1,154.7095538103376,70.40661812299824,1
C05837,0.0,0.0,2.0,1,94.99244079030642,294.0474188743093,1
C05838,0.0,0.0,0.0,1,205.2310217473667,379.2842807431104,1
C05839,0.0,0.0,13.0,1,98.8353538820141,195.1501510032548,1
C05840,0.0,0.0,5.0,1,131.81185742109315,215.06619357985014,1
C05841,0.0,0.0,14.0,1,26.72931626782605,423.5839395034448,1
C05842,0.0,0.0,14.0,1,57.07158529213014,661.5083068182821,1
C05843,0.0,0.0,4.0,1,114.08020165530763,615.5554794223068,1
C05844,0.0,0.0,4.0,1,102.64859906951635,482.6382688054354,1
C05845,0.0,0.0,0.0,1,155.23233699992792,460.4029200430744,1
C05846,0.0,0.0,0.0,1,394.71206125329365,293.90828509103716,1
C05847,0.0,1.0,0.0,1,367.3952212404234,44.02367872227764,1
C05848,0.0,0.0,0.0,1,178.40160077316085,206.14094336480144,1
C05849,0.0,1.0,8.0,1,81.62327545562404,114.57783224973234,1
C05850,0.0,0.0,5.0,1,27.47231631360159,210.17175954668178,1
C05851,0.0,0.0,21.0,1,22.322149209429497,443.98455641099986,1
C05852,0.0,0.0,22.0,1,10.423623150208684,568.9661714987077,1
C05853,0.0,0.0,18.0,1,95.15373073758832,326.4337274927836,1
C05854,0.0,1.0,26.0,1,64.8388972823227,119.98105091958847,1
C05855,0.0,0.0,22.0,1,12.119633552241266,217.32907471092054,1
C05856,0.0,2.0,4.0,1,116.60995101425924,107.76652015206687,1
C05857,0.0,1.0,40.0,1,47.18711573913135,94.59600810639596,1
C05858,0.0,0.0,30.0,1,19.99819274787439,338.05051838697034,1
C05859,0.0,0.0,14.0,1,48.50467123714076,586.6752102914286,1
C05860,0.0,0.0,25.0,1,77.63871731531633,760.4385698712836,1
C05861,0.0,0.0,20.0,1,43.38053725816163,728.3917425726983,1
C05862,0.0,0.0,19.0,1,25.73463510416747,645.9101939993598,1
C05863,0.0,0.0,30.0,1,16.383522353403396,654.8629068564575,1
C05864,0.0,0.0,20.0,1,96.10158842024603,751.9912731147137,1
C05865,0.0,0.0,30.0,1,48.556501715381344,909.4703529554367,1
C05866,0.0,0.0,36.0,1,12.293264359917792,970.1323489832621,1
C05867,0.0,0.0,22.0,1,43.92951382329244,885.5296360034151,1
C05868,0.0,0.0,18.0,1,103.93795183461533,867.2765982873631,1
C05869,0.0,0.0,0.0,1,149.39855125417625,919.3338129501487,1
C05870,0.0,0.0,1.0,1,102.0775512249289,1031.1065033884804,1
C05871,0.0,0.0,10.0,1,37.80665401844349,1185.8273833178998,1
C05872,0.0,0.0,9.0,1,9.282732658628094,1336.5190671142825,1
C05873,0.0,0.0,22.0,1,14.892722589770006,1443.338966706925,1
C05874,0.0,0.0,37.0,1,11.720452256610434,1350.4790909051912,1
C05875,0.0,0.0,19.0,1,54.23459700668561,1111.2508641955878,1
C05876,0.0,0.0,16.0,1,79.90247042665966,876.7644100010698,1
C05877,0.0,0.0,2.0,1,104.17809868688883,645.0362523913918,1
C05878,0.0,0.0,18.0,1,22.836852375708787,434.08259945975595,1
C05879,0.0,0.0,8.0,1,106.77887078132142,292.88844191662196,1
C05880,0.0,0.0,10.0,1,83.16372708944037,328.84582354494626,1
C05881,0.0,0.0,19.0,1,79.50574588537286,505.4656387110418,1
C05882,0.0,0.0,13.0,1,62.20964887343599,726.5338589303109,1
C05883,0.0,0.0,36.0,1,23.190753855331426,829.7016402125366,1
C05884,0.0,0.0,43.0,1,23.646783166990524,799.4008643414683,1
C05885,0.0,0.0,43.0,1,16.411612495640995,845.3866997110846,1
C05886,0.0,0.0,49.0,1,14.503414793715349,701.8937548543691,1
C05887,0.0,0.0,55.0,1,16.284120303909567,461.02381217762854,1
C05888,0.0,0.0,53.0,1,18.325750979718094,239.64779925136256,1
C05889,0.0,0.0,24.0,1,68.70475624112589,165.2851474792862,1
C05890,0.0,0.0,42.0,1,46.80938435836142,349.58159600939723,1
C05891,0.0,0.0,15.0,1,31.75912092230285,584.8892241781391,1
C05892,0.0,0.0,6.0,1,30.277986775546623,828.8446880151513,1
C05893,0.0,0.0,21.0,1,13.593581939645587,1014.3926927611909,1
C05894,0.0,0.0,28.0,1,68.49908038737271,1148.180438547633,1
C05895,0.0,0.0,11.0,1,49.22355352303897,1255.5499318881855,1
C05896,0.0,0.0,18.0,1,11.134266440714402,1006.1476223325888,1
C05897,0.0,0.0,33.0,1,13.523423419080345,757.1396465557832,1
C05898,0.0,0.0,22.0,1,23.01296159581069,509.1049507200955,1
C05899,0.0,0.0,10.0,1,13.19778061538476,264.7928573598716,1
C05900,0.0,2.0,28.0,1,47.439610751433264,54.910060765807664,1
C05901,0.0,0.0,16.0,1,36.997218673883076,211.0889041931586,1
C05902,0.0,0.0,28.0,1,1.8611592699133261,251.1772139934579,1
C05903,0.0,0.0,28.0,1,46.81519294182392,164.87763217734195,1
C05904,0.0,1.0,29.0,1,18.238441358197818,61.184443075108376,1
C05905,0.0,0.0,11.0,1,71.21725234021648,193.8698355442674,1
C05906,0.0,0.0,0.0,1,151.654823119164,172.08917671223304,1
C05907,0.0,0.0,10.0,1,1.8302313782288686,382.5116491384647,1
C05908,0.0,0.0,14.0,1,71.6140351337124,622.9090131887334,1
C05909,0.0,0.0,26.0,1,38.0691869323017,770.5280502311414,1
C05910,0.0,0.0,5.0,1,88.13831079820656,738.5828530700913,1
C05911,0.0,0.0,21.0,1,30.49522023308686,788.8572656097602,1
C05912,0.0,0.0,8.0,1,52.881683937344604,907.7923441853096,1
C05913,0.0,0.0,12.0,1,74.04452758581218,924.4108957330725,1
C05914,0.0,0.0,22.0,1,51.01854843643942,973.1262937875036,1
C05915,0.0,0.0,19.0,1,15.935985844325554,933.9820308134923,1
C05916,0.0,0.0,15.0,1,79.05936443234066,734.173647998999,1
C05917,0.0,0.0,28.0,1,19.932533497005924,575.0647415290044,1
C05918,0.0,0.0,0.0,1,205.49129587471737,497.3811098981176,1
C05919,0.0,0.0,0.0,1,330.6798921117735,537.6583301848359,1
C05920,0.0,0.0,0.0,1,157.45419547886954,527.9944610008276,1
C05921,0.0,0.0,13.0,1,71.15270266129694,288.1415460467089,1
C05922,0.0,1.0,38.0,1,19.897661720817474,49.08170903688391,1
C05923,0.0,0.0,44.0,1,32.974276122585515,216.31569005917018,1
C05924,0.0,1.0,19.0,1,40.484506884674154,110.38119998043153,1
C05925,0.0,1.0,19.0,1,83.32040811572212,98.57339429328245,1
C05926,0.0,0.0,27.0,1,6.869753555611449,210.11409281259398,1
C05927,0.0,0.0,23.0,1,54.591425453214065,430.30733588891644,1
C05928,0.0,0.0,10.0,1,96.41238224142187,180.4482589509404,1
C05929,0.0,1.0,7.0,1,85.65516270448008,70.41835696062869,1
C05930,0.0,0.0,14.0,1,29.77438782572409,319.9311110780622,1
C05937,0.0,0.0,0.0,1,617.7732030864435,1100.3997373985521,1
C05938,0.0,0.0,0.0,1,414.73370693293947,890.3627944266774,1
C05939,0.0,0.0,0.0,1,241.08774667131513,706.8325327344243,1
C05940,0.0,0.0,0.0,1,153.78551580055066,575.7417415510536,1
C05941,0.0,0.0,2.0,1,78.57525505212018,536.9775382608842,1
C05942,0.0,0.0,0.0,1,209.86998984926566,608.4498337818809,1
C05943,0.0,0.0,0.0,1,251.26662628490206,759.6561879308808,1
C05944,0.0,0.0,9.0,1,106.408672833517,569.6671641796771,1
C05945,0.0,0.0,35.0,1,67.36172234739324,319.66729347215914,1
C05946,0.0,1.0,27.0,1,10.89924586619149,69.66835068462429,1
C05947,0.0,0.0,14.0,1,45.71737481039422,180.33352339045578,1
C05948,0.0,0.0,32.0,1,9.181152682178261,272.48980902947034,1
C05949,0.0,0.0,52.0,1,7.380454320449489,337.12193746363863,1
C05950,0.0,0.0,40.0,1,41.19575770727782,527.3060832320804,1
C05951,0.0,0.0,12.0,1,41.9704145780734,663.5831515667242,1
C05952,0.0,0.0,2.0,1,137.75467374330577,714.9689831688244,1
C05955,0.0,0.0,0.0,1,553.508133136445,852.8813248339939,1
C05956,0.0,0.0,0.0,1,440.07140391917386,967.8543395264027,1
C05957,0.0,0.0,0.0,1,396.1302419766448,1051.449457929022,1
C05958,0.0,0.0,0.0,1,217.39325199659132,838.0386768140512,1
C05959,0.0,0.0,11.0,1,25.07809786517272,651.207866271022,1
C05960,0.0,0.0,6.0,1,91.53446519444805,520.4176652942028,1
C05961,0.0,0.0,0.0,1,128.93950345496074,492.54178260050224,1
C05962,0.0,0.0,0.0,1,165.35459401453107,582.5463662785066,1
C05963,0.0,0.0,17.0,1,71.07521432209457,437.13653757788995,1
C05964,0.0,0.0,0.0,1,192.42105851251645,253.1411056030996,1
C05965,0.0,0.0,4.0,1,87.31900281988503,249.14350524613965,1
C05966,0.0,1.0,0.0,1,284.69549159014815,45.04343539159655,1
C05967,0.0,0.0,0.0,1,191.24696091489636,243.76544493437123,1
C05968,0.0,1.0,26.0,1,51.49282791875019,139.76189232136508,1
C05969,0.0,0.0,14.0,1,17.280374208803533,166.44300144368125,1
C05970,0.0,0.0,1.0,1,75.29605498750325,401.08996361653544,1
C05971,0.0,0.0,0.0,1,208.47197131648704,557.5298142242342,1
C05972,0.0,0.0,0.0,1,176.6676736738915,463.6641481729093,1
C05973,0.0,0.0,0.0,1,164.59955364115382,262.70818900367647,1
C05974,0.0,0.0,0.0,1,193.0147303614307,219.19567248983998,1
C05975,0.0,0.0,0.0,1,194.91514578292768,388.0837052597796,1
C05976,0.0,0.0,0.0,1,297.697873729796,257.2255168742934,1
C05977,0.0,0.0,12.0,1,56.153738430555286,326.68175763935056,1
C05978,0.0,0.0,29.0,1,45.7078693914362,248.10063817262238,1
C05979,0.0,1.0,12.0,1,89.22895649989542,117.75305432667741,1
C05980,0.0,0.0,14.0,1,61.86424307021876,277.7578007821931,1
C05981,0.0,0.0,18.0,1,79.89134473591827,515.201911863164,1
C05982,0.0,0.0,19.0,1,57.73491493679839,416.55205152770355,1
C05983,0.0,0.0,54.0,1,9.011865783171986,215.78628769632078,1
C05984,0.0,0.0,12.0,1,123.77996846563357,211.21513270497468,1
C05985,0.0,0.0,22.0,1,33.60630339212742,266.5537935617076,1
C05986,0.0,0.0,28.0,1,50.864422804188436,226.67305330402968,1
C05987,0.0,0.0,18.0,1,40.51953387859947,395.8666711485137,1
C05988,0.0,0.0,14.0,1,55.221220926989,622.125525563965,1
C05989,0.0,0.0,66.0,1,1.9265368514495076,715.8792201848427,1
C05990,0.0,0.0,33.0,1,50.963277444934064,523.5728277485924,1
C05991,0.0,0.0,38.0,1,15.930885117562708,400.9662754158459,1
C05992,0.0,0.0,18.0,1,46.329735205120215,415.2341533220199,1
C05993,0.0,0.0,30.0,1,26.20372870750229,555.9360126392726,1
C05994,0.0,0.0,32.0,1,13.310163390087725,755.4537035539981,1
C05995,0.0,0.0,34.0,1,43.50073458700827,755.706845387587,1
C05996,0.0,0.0,13.0,1,62.818432604322155,643.5050876739184,1
C05997,0.0,0.0,16.0,1,67.36204150168464,618.1462282977843,1
C05998,0.0,0.0,21.0,1,35.20682363937466,689.2827585652608,1
C05999,0.0,0.0,0.0,1,154.27900538905314,832.5362952760046,1
C06000,0.0,0.0,0.0,1,127.97149372037242,1017.9010976752377,1
C06001,0.0,0.0,16.0,1,42.01944791285707,1226.4292096753945,1
C06002,0.0,0.0,22.0,1,10.110062366387796,1448.148669177848,1
C06003,0.0,0.0,14.0,1,38.8962464021816,1307.1003910666977,1
C06004,0.0,0.0,37.0,1,7.347696590423878,1058.1097015574721,1
C06005,0.0,0.0,13.0,1,42.866986301084886,809.7412233135791,1
C06006,0.0,0.0,2.0,1,31.490437466154603,562.8192933230881,1
C06007,0.0,0.0,6.0,1,106.28472672752851,320.70276759022386,1
C06008,0.0,2.0,14.0,1,25.563817980004472,86.30824061745872,1
C06009,0.0,0.0,4.0,1,81.91928481971006,172.64138742806912,1
C06010,0.0,0.0,25.0,1,41.03418426521043,420.90495947148946,1
C06011,0.0,0.0,46.0,1,2.9091619899663432,670.4602308581052,1
C06012,0.0,0.0,78.0,1,17.72631080015264,920.2569518438377,1
C06013,0.0,0.0,56.0,1,45.751532054617186,1049.2979702638092,1
C06014,0.0,0.0,60.0,1,32.05495244082218,933.5116078111989,1
C06015,0.0,0.0,72.0,1,31.43620966849559,683.5320420545221,1
C06016,0.0,0.0,27.0,1,10.78616985395392,433.576040749717,1
C06017,0.0,0.0,25.0,1,11.095257019461917,183.73979892547936,1
C06018,0.0,2.0,33.0,1,26.339652634921837,67.32343058810147,1
C06019,0.0,0.0,16.0,1,44.918678339208725,316.70897509089673,1
C06020,0.0,0.0,29.0,1,50.474175978360584,566.636307961378,1
C06021,0.0,0.0,2.0,1,65.07799666569827,816.6081288458234,1
C06022,0.0,0.0,22.0,1,42.195381114096826,1066.593158938333,1
C06023,0.0,0.0,34.0,1,26.656383366781757,1176.8962740791258,1
C06024,0.0,0.0,30.0,1,29.71891313946677,1086.2039541634656,1
C06025,0.0,0.0,26.0,1,49.06448658404249,1017.8396625774208,1
C06026,0.0,0.0,12.0,1,48.112580693178096,772.6092059876146,1
C06027,0.0,0.0,26.0,1,7.509650204558692,531.8386894894982,1
C06028,0.0,0.0,19.0,1,23.263489661486535,306.2348740738085,1
C06029,0.0,0.0,22.0,1,42.81900679287153,172.35778067756576,1
C06030,0.0,0.0,38.0,1,21.164814913966918,301.055827083932,1
C06031,0.0,0.0,39.0,1,12.086138291473928,481.0064192825657,1
C06032,0.0,0.0,34.0,1,30.08585069548217,383.00958056519676,1
C06033,0.0,0.0,18.0,1,63.15211736509227,235.66568665013168,1
C06034,0.0,0.0,16.0,1,64.19416893753079,183.26544545708728,1
C06035,0.0,1.0,10.0,1,42.10143746081333,159.0179250390293,1
C06036,0.0,0.0,6.0,1,85.8735121030572,376.81185951194806,1
C06037,0.0,0.0,19.0,1,22.97495345011799,619.4252613947754,1
C06038,0.0,0.0,70.0,1,17.6301919818854,611.0714992749658,1
C06039,0.0,0.0,36.0,1,33.67127335904695,539.1358399157374,1
C06040,0.0,0.0,39.0,1,12.12902930856403,576.9978600802093,1
C06041,0.0,0.0,12.0,1,90.78370176357376,707.2380131134312,1
C06042,0.0,0.0,11.0,1,12.253216716502576,890.1936215499003,1
C06043,0.0,0.0,6.0,1,101.54641749242367,1070.1942321236097,1
C06044,0.0,0.0,10.0,1,47.554814970579145,828.8571686390277,1
C06045,0.0,0.0,8.0,1,20.618704056528884,594.7207054895334,1
C06046,0.0,0.0,3.0,1,110.74154162195903,381.28890499414086,1
C06047,0.0,0.0,0.0,1,315.2903182786839,249.13799510571172,1
C06048,0.0,0.0,0.0,1,395.0554650783699,322.1152777173978,1
C06049,0.0,0.0,0.0,1,191.96473323337216,474.2403127983496,1
C06050,0.0,0.0,6.0,1,50.15598586061898,359.1256835265361,1
C06051,0.0,0.0,8.0,1,133.41429167217143,219.89706722054157,1
C06052,0.0,0.0,49.0,1,14.408378668188817,304.5294464842259,1
C06053,0.0,0.0,17.0,1,48.60235935945762,160.00656076089163,1
C06054,0.0,0.0,12.0,1,16.877468025450913,250.72667486002524,1
C06055,0.0,0.0,41.0,1,29.99300299973132,414.46986991926565,1
C06056,0.0,0.0,51.0,1,26.323417014395904,502.3358815203472,1
C06057,0.0,0.0,21.0,1,86.21031056649679,315.81404133038984,1
C06058,0.0,0.0,20.0,1,55.86931817254903,268.5808621999007,1
C06059,0.0,0.0,0.0,1,166.09170465755543,411.743670720815,1
C06066,0.0,0.0,0.0,1,483.507615558742,1241.4382729822541,1
C06067,0.0,0.0,0.0,1,335.2587092821559,1059.7336029671048,1
C06068,0.0,0.0,4.0,1,107.6018283275134,910.9893703496876,1
C06069,0.0,0.0,2.0,0,106.48829867881639,813.4912147789917,1
C06070,0.0,0.0,4.0,1,138.19617151164928,786.5330763261509,1
C06071,0.0,0.0,2.0,1,130.167312561893,836.9591410502414,1
C06072,0.0,0.0,2.0,1,121.55889020461903,856.8180533890987,1
C06073,0.0,0.0,15.0,1,28.341089192673397,621.9354284688923,1
C06074,0.0,0.0,34.0,1,27.03193361991497,405.5492297564932,1
C06075,0.0,0.0,25.0,1,14.075693471774338,259.1074648237391,1
C06076,0.0,0.0,22.0,1,38.80875888259389,296.778965539511,1
C06077,0.0,1.0,46.0,1,41.02837429176653,49.782116076182376,1
C06078,0.0,0.0,12.0,1,17.03707500500726,204.64301545702153,1
C06079,0.0,0.0,24.0,1,18.468310000989938,454.1797754960727,1
C06080,0.0,0.0,0.0,1,164.81924641468106,704.0452919833946,1
C06084,0.0,0.0,0.0,1,763.6111769134657,1090.9950131852936,1
C06086,0.0,0.0,0.0,1,552.3969977322024,1188.2431432707003,1
C06087,0.0,0.0,0.0,1,326.82588412026143,1004.3329272640848,1
C06088,0.0,0.0,4.0,1,114.06906056082217,854.6622081523535,1
C06089,0.0,0.0,34.0,1,55.92806075658412,759.7436089240031,1
C06090,0.0,0.0,0.0,1,146.19940454706702,740.927265362721,1
C06091,0.0,0.0,1.0,1,137.3697781146866,783.8970259623643,1
C06092,0.0,0.0,26.0,1,32.01609161533502,602.0686125127379,1
C06093,0.0,0.0,0.0,1,274.0682723575271,485.26145636490327,1
C06094,0.0,0.0,0.0,1,314.2767802461484,331.96574601144516,1
C06095,0.0,0.0,4.0,1,88.34613454669645,175.77260909284652,1
C06096,0.0,1.0,38.0,1,82.37020533264955,74.31510680375857,1
C06097,0.0,1.0,33.0,1,42.68081669149011,95.08472061962117,1
C06098,0.0,1.0,4.0,1,13.240077576584632,141.27014698195308,1
C06099,0.0,0.0,0.0,1,186.14379408921093,206.20005835772946,1
C06100,0.0,0.0,0.0,1,282.85926624550393,435.98127678279883,1
C06101,0.0,0.0,8.0,1,97.13097312448865,419.5954436775895,1
C06102,0.0,0.0,1.0,1,128.7091653406566,173.46897885119117,1
C06103,0.0,1.0,1.0,1,82.68727989352035,95.5124960010826,1
C06104,0.0,0.0,2.0,1,100.47962614400846,336.38339311125134,1
C06105,0.0,0.0,0.0,1,226.82904281815115,505.3630860819303,1
C06106,0.0,0.0,21.0,1,82.03035416488922,476.204142768835,1
C06107,0.0,0.0,46.0,1,3.3145506403466216,242.44843835069068,1
C06108,0.0,1.0,24.0,1,63.79471826923217,125.6666420621493,1
C06109,0.0,0.0,32.0,1,22.19675769948203,284.21485481689115,1
C06110,0.0,0.0,43.0,1,27.944604492195037,518.7115747606617,1
C06111,0.0,0.0,20.0,1,67.03875605551923,386.63785031959884,1
C06112,0.0,0.0,60.0,1,37.26298630729026,150.1230749271452,1
C06113,0.0,1.0,22.0,1,51.28452181929085,143.47490355947969,1
C06114,0.0,0.0,4.0,1,140.5802971381946,378.9896545780937,1
C06115,0.0,0.0,24.0,1,42.35896359798863,467.7744557355368,1
C06116,0.0,0.0,18.0,1,37.53288486759447,569.3353051328467,1
C06117,0.0,0.0,22.0,1,80.65297044723874,744.6290606085325,1
C06118,0.0,0.0,16.0,1,74.75417754239805,617.2981720376499,1
C06119,0.0,0.0,13.0,1,79.5440534453747,377.7598195483775,1
C06120,0.0,0.0,26.0,1,9.881155055929593,171.31237354441575,1
C06121,0.0,0.0,36.0,1,62.66356096672638,202.46821329191442,1
C06122,0.0,0.0,30.0,1,45.025129136115076,421.4722119639904,1
C06123,0.0,0.0,50.0,1,31.009406389619258,662.7852393664313,1
C06124,0.0,0.0,48.0,1,11.985472445819108,570.9894025177128,1
C06125,0.0,0.0,28.0,1,63.623123784406964,411.1384918541364,1
C06126,0.0,0.0,19.0,1,68.48225437524825,370.1902499805376,1
C06127,0.0,0.0,16.0,1,59.362595818744495,479.63192437244214,1
C06128,0.0,0.0,39.0,1,11.107852875138555,669.3674212073449,1
C06129,0.0,0.0,6.0,1,101.4592145582889,889.4148111372614,1
C06130,0.0,0.0,14.0,1,41.070145513753296,1122.0805086832625,1
C06131,0.0,0.0,17.0,1,36.65259723520688,1360.908016606357,1
C06132,0.0,0.0,6.0,1,93.49022179829174,1310.812377757136,1
C06133,0.0,0.0,2.0,1,155.979936304365,1062.6917699336177,1
C06134,0.0,0.0,4.0,1,44.971139700204375,815.7196246799348,1
C06135,0.0,0.0,10.0,1,103.25744925288804,571.3870967140424,1
C06136,0.0,0.0,2.0,1,155.15149258535857,335.51143422338265,1
C06137,0.0,0.0,30.0,1,39.00065017972788,153.79411789129003,1
C06138,0.0,0.0,38.0,1,34.146154173471174,244.41223148870597,1
C06139,0.0,0.0,41.0,1,40.65001598422466,469.9170640704778,1
C06140,0.0,0.0,60.0,1,32.70066114070126,704.4021537108176,1
C06141,0.0,0.0,63.0,1,37.52880472408761,945.2715643702851,1
C06142,0.0,0.0,57.0,1,46.45982818828154,1189.9135542810047,1
C06143,0.0,0.0,52.0,1,16.951963803701553,969.0461432646179,1
C06144,0.0,0.0,48.0,1,45.271446429408996,731.3156352581323,1
C06145,0.0,0.0,30.0,1,40.55273363908473,505.56373383578534,1
C06146,0.0,0.0,25.0,1,34.985904060579784,318.38156285651365,1
C06147,0.0,0.0,10.0,1,110.39878083482309,268.5869508444733,1
C06148,0.0,0.0,21.0,1,32.16596281071741,409.7695459168566,1
C06149,0.0,0.0,33.0,1,40.267404885698646,623.4446337549808,1
C06150,0.0,0.0,26.0,1,30.964413399820508,857.0037000823611,1
C06151,0.0,0.0,21.0,1,30.864174740343405,1097.8285260239109,1
C06152,0.0,0.0,20.0,1,55.13539246605101,958.7489585466967,1
C06153,0.0,0.0,33.0,1,79.50858273209948,848.4392529720142,1
C06154,0.0,0.0,35.0,1,26.97026774946125,796.3330122015043,1
C06155,0.0,0.0,10.0,1,71.7970180024324,820.6359525758867,1
C06156,0.0,0.0,36.0,1,20.24239314218678,656.8994842653653,1
C06157,0.0,0.0,22.0,1,34.51169836110503,492.38637155103856,1
C06158,0.0,0.0,29.0,1,23.03146593929307,422.3407929034229,1
C06159,0.0,0.0,18.0,1,22.761657260565265,489.18212540053673,1
C06160,0.0,0.0,21.0,1,54.021659110037845,652.0939796321394,1
C06161,0.0,0.0,36.0,1,48.63715053154606,568.7627964227221,1
C06162,0.0,0.0,14.0,1,52.122371968319044,408.79383755795055,1
C06163,0.0,0.0,20.0,1,38.027987738090005,163.52850211032612,1
C06164,0.0,1.0,31.0,1,40.26736860915664,106.63367375992354,1
C06165,0.0,0.0,36.0,1,20.178319978169863,347.8504129027716,1
C06166,0.0,0.0,21.0,1,76.3943031180946,596.3464422076479,1
C06167,0.0,0.0,32.0,1,36.1355235162863,408.7804323540565,1
C06168,0.0,0.0,12.0,1,52.09901868053818,290.4488225678707,1
C06169,0.0,0.0,33.0,1,30.36140873139633,355.83647253556734,1
C06170,0.0,0.0,22.0,1,31.773639991094736,542.105775510692,1
C06171,0.0,0.0,8.0,1,104.99327652170194,765.596335216896,1
C06172,0.0,0.0,3.0,1,39.997023556408315,917.0938950206852,1
C06173,0.0,0.0,8.0,1,10.932332180802742,791.6350030955655,1
C06174,0.0,0.0,1.0,1,99.60460817521223,541.6405539283212,1
C06175,0.0,0.0,0.0,1,311.59503022442254,291.6556208843596,1
C06176,0.0,1.0,0.0,1,252.92157109872835,41.85107796824356,1
C06177,0.0,0.0,0.0,1,145.28815568903048,208.42270572268913,1
C06178,0.0,0.0,0.0,1,220.3298836293707,271.6205408236343,1
C06179,0.0,0.0,0.0,1,248.58326461831737,182.6767611322518,1
C06180,0.0,0.0,6.0,1,98.75094587289347,343.45870191074795,1
C06181,0.0,0.0,31.0,1,29.329837931352333,287.86798445432805,1
C06182,0.0,0.0,53.0,1,36.48085672509687,147.8390078546731,1
C06183,0.0,0.0,39.0,1,41.13043715190545,245.04391148261277,1
C06184,0.0,0.0,63.0,1,27.630104722533385,472.47927453587107,1
C06185,0.0,0.0,28.0,1,25.688033387884865,666.7220353384398,1
C06186,0.0,0.0,34.0,1,44.6927528794568,540.2919981310483,1
C06187,0.0,0.0,37.0,1,29.194467178810825,514.1134253090942,1
C06195,0.0,0.0,0.0,1,337.2725233519041,1412.9608590415805,1
C06196,0.0,0.0,4.0,1,133.9799586917239,1256.3139387971466,1
C06197,0.0,0.0,0.0,1,146.86530283655497,1133.662664309132,1
C06199,0.0,0.0,0.0,1,210.18931930455756,1036.3028918773884,1
C06200,0.0,0.0,4.0,1,79.25476120529167,1075.0767448633226,1
C06201,0.0,0.0,18.0,1,37.448664312095346,959.9063370213543,1
C06202,0.0,0.0,8.0,1,6.5776939419172935,757.6850773408792,1
C06203,0.0,0.0,25.0,1,54.43774889212024,593.0878324467249,1
C06204,0.0,0.0,20.0,1,46.41802085489841,504.400314797339,1
C06205,0.0,0.0,19.0,1,50.0806069755454,375.9059954866476,1
C06206,0.0,0.0,27.0,1,35.40037617223227,236.02080869518215,1
C06207,0.0,0.0,2.0,1,52.300467509357475,308.3931368098973,1
C06208,0.0,0.0,2.0,1,112.8377136472191,509.4181303465438,1
C06209,0.0,0.0,0.0,1,296.1156581822842,740.8828086952002,1
C06210,0.0,0.0,0.0,1,474.4301936775594,981.4824710173937,1
C06211,0.0,0.0,0.0,1,618.6004040623017,1225.8500502136176,1
C06214,0.0,0.0,0.0,1,765.1439566961377,1409.7762771550915,1
C06215,0.0,0.0,0.0,1,515.8070426072713,1357.6809538622958,1
C06216,0.0,0.0,0.0,1,267.7097979863602,1200.0251804597456,1
C06217,0.0,0.0,4.0,1,47.7510907994369,1077.8790725282945,1
C06219,0.0,0.0,0.0,1,289.0693493097363,990.1257584309578,1
C06220,0.0,0.0,0.0,1,305.3966413928063,923.5715770320476,1
C06221,0.0,0.0,0.0,1,184.09639287845818,680.760114401595,1
C06222,0.0,0.0,0.0,1,215.54348427930665,445.96435823805695,1
C06223,0.0,0.0,0.0,1,196.83267302013317,243.58588685983293,1
C06224,0.0,0.0,43.0,1,25.714476140867713,211.62220993057568,1
C06225,0.0,0.0,46.0,1,16.173516012257334,257.8942392453932,1
C06226,0.0,0.0,16.0,1,43.80259752278611,196.75584007171258,1
C06227,0.0,0.0,33.0,1,13.952407455480047,155.55524544210326,1
C06228,0.0,0.0,4.0,1,78.53553395120504,216.23747136650806,1
C06229,0.0,0.0,4.0,1,114.35208538932355,440.8172565376834,1
C06230,0.0,0.0,6.0,1,94.60299392202359,511.99241245264255,1
C06231,0.0,0.0,28.0,1,26.73262635962937,340.8333620374605,1
C06232,0.0,0.0,12.0,1,19.479332470365225,308.5425917866777,1
C06233,0.0,0.0,12.0,1,89.13082301308646,446.351522026219,1
C06234,0.0,0.0,23.0,1,50.56023322146463,622.6475999112977,1
C06235,0.0,0.0,70.0,1,14.89380318220484,503.44685295217,1
C06236,0.0,0.0,12.0,1,19.67694656546171,254.6432956098349,1
C06237,0.0,2.0,26.0,1,27.79031282908277,19.422481319011943,1
C06238,0.0,0.0,4.0,1,114.7991263609645,240.99783067760362,1
C06239,0.0,0.0,29.0,1,3.2230130104340406,360.9883548833824,1
C06240,0.0,0.0,28.0,1,39.16040722685176,481.99306139027226,1
C06241,0.0,0.0,12.0,1,59.62364250291247,351.44011338121777,1
C06242,0.0,0.0,18.0,1,14.264045083621035,348.65206670723165,1
C06243,0.0,0.0,40.0,1,2.0861018143771815,494.57696463244696,1
C06244,0.0,0.0,61.0,1,3.0952423867144168,475.0617371720375,1
C06245,0.0,0.0,45.0,1,34.233680204955185,487.4511142216158,1
C06246,0.0,0.0,11.0,1,44.0058654345314,611.9914406156964,1
C06247,0.0,0.0,22.0,1,83.7149607643747,612.0710812557553,1
C06248,0.0,0.0,0.0,1,180.80086106977797,369.15641207188605,1
C06249,0.0,1.0,2.0,1,159.5527932934609,151.3998171662927,1
C06250,0.0,0.0,36.0,1,20.786993068084225,185.92297518646149,1
C06251,0.0,0.0,40.0,1,21.438357167398248,413.77868573234207,1
C06252,0.0,0.0,12.0,1,75.39542674636989,657.9196370610798,1
C06253,0.0,0.0,57.0,1,14.666666521304073,453.8336252520423,1
C06254,0.0,0.0,70.0,1,22.6938679646977,221.29374393771337,1
C06255,0.0,1.0,29.0,1,50.10324164476905,130.29536754055897,1
C06256,0.0,0.0,39.0,1,34.856083215197785,331.63661513633934,1
C06257,0.0,0.0,33.0,1,32.13495778667108,572.7030698325683,1
C06258,0.0,0.0,14.0,1,74.16749386727348,819.1427030085824,1
C06259,0.0,0.0,32.0,1,13.831402618955254,1067.2397713675994,1
C06260,0.0,0.0,18.0,1,12.906003303929456,1316.0572522824853,1
C06261,0.0,0.0,8.0,1,59.97199856006335,1361.2298656126814,1
C06262,0.0,0.0,2.0,1,74.41394108071853,1124.2915348072522,1
C06264,0.0,0.0,8.0,1,88.89369550899863,679.1177156030496,1
C06265,0.0,0.0,36.0,1,19.49848174628691,497.2781714988437,1
C06266,0.0,0.0,37.0,1,24.216854494449564,397.95764605364997,1
C06267,0.0,0.0,40.0,1,9.726364118517044,440.97051631134127,1
C06268,0.0,0.0,39.0,1,28.980062196566703,596.2715023034555,1
C06269,0.0,0.0,27.0,1,59.00133860069447,801.0146145124622,1
C06270,0.0,0.0,53.0,1,8.89263503489345,1026.0161406458853,1
C06271,0.0,0.0,48.0,1,9.870717649796253,1259.9840235700563,1
C06272,0.0,0.0,32.0,1,6.743929800624099,1063.793651811201,1
C06273,0.0,0.0,28.0,1,39.93355627092493,852.8945211635411,1
C06274,0.0,0.0,0.0,1,157.82834390667398,669.4783004905845,1
C06275,0.0,0.0,8.0,1,58.349926569903445,542.1930702478008,1
C06276,0.0,0.0,4.0,1,51.103120759988094,514.5342126833862,1
C06277,0.0,0.0,20.0,1,45.36671760649195,600.4311672612336,1
C06278,0.0,0.0,36.0,1,17.024789555730514,762.4235812300553,1
C06279,0.0,0.0,22.0,1,37.59439090444129,907.6161325701273,1
C06280,0.0,0.0,14.0,1,77.6796243042089,932.9187633800923,1
C06281,0.0,0.0,23.0,1,66.29207920354435,760.4697831521132,1
C06282,0.0,0.0,22.0,1,45.86472492351853,617.912463705137,1
C06283,0.0,0.0,19.0,1,65.50237452437092,546.9519195187839,1
C06284,0.0,0.0,0.0,1,162.10451114613554,581.7675675074145,1
C06285,0.0,0.0,18.0,1,88.74945506209905,709.0490835913306,1
C06286,0.0,0.0,34.0,1,4.392955643227349,718.4071823690193,1
C06287,0.0,0.0,27.0,1,41.156786771429076,672.336438206712,1
C06288,0.0,0.0,19.0,1,31.308794160621485,716.214836904111,1
C06289,0.0,0.0,67.0,1,31.252338244032764,835.9970688122519,1
C06290,0.0,0.0,7.0,1,97.23700157817399,685.603966780724,1
C06291,0.0,0.0,47.0,1,30.98101863929238,452.41791370651435,1
C06292,0.0,0.0,32.0,1,10.200416956331996,253.59640774199846,1
C06293,0.0,0.0,29.0,1,32.05698008602779,221.22456327618056,1
C06294,0.0,0.0,25.0,1,32.60597687865885,398.20783113071457,1
C06295,0.0,0.0,14.0,1,65.9538346518451,467.6090500792026,1
C06296,0.0,0.0,8.0,1,80.08014324214065,292.90699296019557,1
C06297,0.0,1.0,8.0,1,104.67075168552334,55.259236155390255,1
C06298,0.0,0.0,8.0,1,86.26917330104571,212.8677050094032,1
C06299,0.0,0.0,11.0,1,49.47086863275867,453.27490066531067,1
C06300,0.0,0.0,0.0,1,199.5670341927823,564.9031305114847,1
C06301,0.0,0.0,3.0,1,114.66461790825363,746.841990082376,1
C06302,0.0,0.0,3.0,1,59.646057836026884,728.603582000255,1
C06303,0.0,0.0,0.0,1,264.00654944157094,507.1245982097684,1
C06304,0.0,0.0,0.0,1,232.4540882017718,329.3744624515321,1
C06305,0.0,0.0,0.0,1,136.68879328694172,257.7465515752138,1
C06306,0.0,0.0,64.0,1,16.07628089706908,328.8187895826165,1
C06307,0.0,0.0,19.0,1,35.94033243110386,218.29237758467588,1
C06308,0.0,1.0,4.0,1,104.63579329687892,85.11546846500292,1
C06309,0.0,0.0,6.0,1,31.860654862911147,303.0473953566721,1
C06310,0.0,1.0,8.0,1,78.4625716162589,78.16432302906523,1
C06311,0.0,1.0,43.0,1,22.144342217959043,120.6176069186167,1
C06312,0.0,0.0,17.0,1,44.854148068039805,229.64919640621082,1
C06313,0.0,0.0,12.0,1,31.30782053480433,464.68150352823693,1
C06314,0.0,0.0,8.0,1,106.02342260257568,710.0134125722607,1
C06315,0.0,0.0,25.0,1,38.70003904492021,780.4437057132616,1
C06316,0.0,0.0,12.0,1,3.3704294631461096,762.5546200935753,1
C06317,0.0,0.0,11.0,1,28.989900524327332,823.9458231368528,1
C06318,0.0,0.0,4.0,1,152.0345359706631,949.3597265016432,1
C06324,0.0,0.0,0.0,1,256.3242030600604,1605.2251532859434,1
C06325,0.0,0.0,10.0,1,66.28166530128767,1469.2222828334588,1
C06326,0.0,0.0,12.0,1,60.50092018699896,1365.8259186319608,1
C06327,0.0,0.0,15.0,1,42.21775908670789,1302.8226140343584,1
C06328,0.0,0.0,12.0,1,53.819504762547496,1286.1621543459432,1
C06329,0.0,0.0,26.0,1,42.48529254246176,1306.153388589075,1
C06330,0.0,0.0,19.0,1,67.9612087120473,1110.7219161851554,1
C06331,0.0,0.0,1.0,1,121.29737124238169,941.4720790683723,1
C06332,0.0,0.0,2.0,1,114.54261945907355,814.884148966357,1
C06333,0.0,0.0,11.0,1,11.322817169460002,728.101899327692,1
C06334,0.0,0.0,11.0,1,8.512363890469313,565.2723949556645,1
C06335,0.0,0.0,9.0,1,104.68997087036732,483.666605414549,1
C06336,0.0,0.0,8.0,1,111.39663481534636,522.8134369806818,1
C06337,0.0,0.0,0.0,1,215.9453660768981,661.6149896895275,1
C06338,0.0,0.0,0.0,1,395.8157481951498,852.7220527676025,1
C06339,0.0,0.0,0.0,1,619.8607112146321,1068.4266020511257,1
C06340,0.0,0.0,0.0,1,813.936029582465,1296.5091240191232,1
C06343,0.0,0.0,0.0,1,790.6231734808376,1565.9184316008127,1
C06344,0.0,0.0,0.0,1,552.8983931786645,1436.888017835156,1
C06345,0.0,0.0,0.0,1,333.62893147055956,1306.1673453584694,1
C06346,0.0,0.0,0.0,1,204.7434849972659,1213.4657359659307,1
C06347,0.0,0.0,0.0,1,312.30037685450196,1167.8720180935431,1
C06348,0.0,0.0,0.0,1,509.7845316687052,1155.7299580408398,1
C06349,0.0,0.0,0.0,1,313.0660401763412,906.1796794078374,1
C06350,0.0,0.0,8.0,1,78.588632693535,656.9714505443142,1
C06351,0.0,0.0,34.0,1,7.022932559433853,408.7314060466965,1
C06352,0.0,0.0,2.0,1,128.64639949439967,165.86511914058008,1
C06353,0.0,1.0,2.0,1,140.2433104200628,113.84688492061667,1
C06355,0.0,0.0,0.0,1,222.50374648860787,439.75517860434485,1
C06356,0.0,0.0,0.0,1,158.2526209263538,391.711136350249,1
C06358,0.0,0.0,0.0,1,221.91653003389638,568.8233764690584,1
C06359,0.0,0.0,0.0,1,230.42983722678386,687.9041535440533,1
C06360,0.0,0.0,16.0,1,14.84621544842809,572.0518112302785,1
C06361,0.0,0.0,37.0,1,64.3439381559141,553.4206582704734,1
C06362,0.0,0.0,44.0,1,35.53083890986827,640.550993496385,1
C06363,0.0,0.0,39.0,1,32.415103103628496,448.7777008509039,1
C06364,0.0,0.0,79.0,1,10.950610999205946,277.0326926064652,1
C06365,0.0,0.0,14.0,1,42.41309532598654,277.655903529086,1
C06366,0.0,0.0,10.0,1,127.10035639146808,215.044379663302,1
C06367,0.0,0.0,12.0,1,62.649309537244065,183.18070798025323,1
C06368,0.0,1.0,19.0,1,31.960503220040916,129.2078261279355,1
C06369,0.0,0.0,25.0,1,48.65530560448989,344.5277654988967,1
C06370,0.0,0.0,18.0,1,32.23407854250146,587.9660705062995,1
C06371,0.0,0.0,55.0,1,25.358987093026844,515.0024771756721,1
C06372,0.0,0.0,26.0,1,40.58688211290593,411.30830118351037,1
C06373,0.0,0.0,50.0,1,35.24634462500372,236.85323146084787,1
C06374,0.0,0.0,30.0,1,15.316995124922283,260.8148536499152,1
C06375,0.0,0.0,14.0,1,35.76042257098407,452.71328952815975,1
C06376,0.0,0.0,39.0,1,18.013054585689908,683.2819748437596,1
C06377,0.0,0.0,18.0,1,15.316125551842553,504.8271306916394,1
C06378,0.0,0.0,20.0,1,16.550720945585244,376.1593810428663,1
C06379,0.0,0.0,40.0,1,10.277785662733027,391.3327586731668,1
C06380,0.0,0.0,14.0,1,41.43258177725608,538.318470865481,1
C06381,0.0,0.0,24.0,1,51.7698436544768,702.0648540802541,1
C06382,0.0,0.0,34.0,1,35.05216579123467,459.239611783748,1
C06383,0.0,0.0,30.0,1,20.92337856910827,232.17877320686895,1
C06384,0.0,0.0,25.0,1,59.87523893993927,148.0302145658304,1
C06385,0.0,0.0,10.0,1,102.70728079281353,338.99691166877153,1
C06386,0.0,0.0,12.0,1,8.197143577524276,576.9964192415097,1
C06387,0.0,0.0,0.0,1,141.53938810685227,822.1501258979914,1
C06388,0.0,0.0,0.0,1,166.74102064613817,1069.5498077278319,1
C06389,0.0,0.0,10.0,1,21.27355302507864,1317.9312398252048,1
C06390,0.0,0.0,0.0,1,151.19949507703015,1453.5007411042213,1
C06391,0.0,0.0,0.0,1,240.47333808360136,1234.4023301152056,1
C06392,0.0,0.0,2.0,1,138.7948953631189,1029.4823071802537,1
C06393,0.0,0.0,16.0,1,44.54876622662352,849.0692133156795,1
C06394,0.0,0.0,41.0,1,18.14122038258721,712.041597944836,1
C06395,0.0,0.0,35.0,1,28.476152503029738,646.5972049175316,1
C06396,0.0,0.0,33.0,1,35.95326125130515,673.9233291780995,1
C06397,0.0,0.0,24.0,1,42.63421222567236,784.3834278041714,1
C06398,0.0,0.0,12.0,1,13.175805971702609,949.3903675607577,1
C06399,0.0,0.0,30.0,1,21.108177420295235,1145.611966688756,1
C06400,0.0,0.0,27.0,1,24.545182096993145,1359.5997522888154,1
C06401,0.0,0.0,3.0,1,109.20259447524761,1203.8535789254404,1
C06402,0.0,0.0,24.0,1,17.613777585945485,1022.2698127640114,1
C06403,0.0,0.0,0.0,1,173.16231027108276,875.1043941642289,1
C06404,0.0,0.0,0.0,1,218.29028428583834,782.0356969362188,1
C06405,0.0,0.0,10.0,1,43.22424846768167,763.1198869637017,1
C06406,0.0,0.0,13.0,1,37.09608934473804,823.4829035726656,1
C06407,0.0,0.0,0.0,1,130.71630183642574,714.9603281502215,1
C06408,0.0,0.0,9.0,1,48.27563163696422,657.8287359136556,1
C06409,0.0,0.0,31.0,1,22.233013118724475,692.3214721203176,1
C06410,0.0,0.0,33.0,1,19.369601580465314,602.020777598638,1
C06411,0.0,0.0,15.0,1,11.328321924169098,407.34572340359597,1
C06412,0.0,0.0,4.0,1,153.19641502976117,298.6076660245737,1
C06413,0.0,0.0,22.0,1,9.981036690325114,358.4182452761788,1
C06414,0.0,0.0,4.0,1,115.61356562047646,541.0736908084396,1
C06415,0.0,0.0,22.0,1,21.33826352927083,693.5553793404002,1
C06416,0.0,0.0,15.0,1,27.559421324522724,813.8614961395826,1
C06417,0.0,0.0,19.0,1,30.256236851615146,954.7922461937876,1
C06418,0.0,0.0,19.0,1,82.21143964715293,1011.4312615821069,1
C06419,0.0,0.0,33.0,1,13.156474134211676,795.3756133316278,1
C06420,0.0,0.0,15.0,1,0.5103812259040014,606.0128180655538,1
C06421,0.0,0.0,14.0,1,16.682170348942105,476.3199607793536,1
C06422,0.0,0.0,22.0,1,20.532754487890227,459.90202697306717,1
C06423,0.0,0.0,39.0,1,27.195534609136665,480.60454347279835,1
C06424,0.0,0.0,19.0,1,65.82735312301271,263.4204180534102,1
C06425,0.0,0.0,23.0,1,19.48712644374538,181.10744349189468,1
C06426,0.0,0.0,23.0,1,69.49324136514454,216.2097311174775,1
C06427,0.0,0.0,16.0,1,39.03998947297194,241.8935099390046,1
C06428,0.0,0.0,4.0,1,150.80450379048656,217.1862828061191,1
C06429,0.0,0.0,2.0,1,114.55556473242636,401.03278260968614,1
C06430,0.0,0.0,0.0,1,232.06695913088072,632.0480235046986,1
C06431,0.0,0.0,0.0,1,265.5500460604783,605.9429724255492,1
C06432,0.0,0.0,2.0,1,69.86134067274998,423.4875106928456,1
C06433,0.0,0.0,10.0,1,55.76712795312293,175.0824095066084,1
C06434,0.0,1.0,3.0,1,92.5305609758923,83.46273734102172,1
C06435,0.0,1.0,5.0,1,93.5185694046344,170.48678285058685,1
C06436,0.0,0.0,4.0,1,109.08611818100688,260.3711462766626,1
C06437,0.0,0.0,6.0,1,69.02926467753436,325.7583258893992,1
C06438,0.0,0.0,18.0,1,73.37026613390022,391.45848861711045,1
C06439,0.0,0.0,28.0,1,10.181140038638002,233.13375198668007,1
C06440,0.0,0.0,31.0,1,7.954044299233611,283.6599096107543,1
C06441,0.0,0.0,55.0,1,4.4586633474487245,412.83288176372076,1
C06442,0.0,0.0,26.0,1,21.072114267567457,577.5994586013587,1
C06443,0.0,0.0,12.0,1,57.46868673335349,788.5501131112893,1
C06444,0.0,0.0,12.0,1,77.50514651518105,731.1469944943324,1
C06445,0.0,0.0,10.0,1,58.0184279926937,660.4524815625294,1
C06446,0.0,0.0,45.0,1,16.122053432264828,680.3080429085866,1
C06447,0.0,0.0,11.0,1,112.59829877486189,783.8626066410613,1
C06453,0.0,0.0,0.0,1,227.0108813608088,1811.6393670651564,1
C06454,0.0,0.0,8.0,1,37.08566697136376,1692.3071588611565,1
C06455,0.0,0.0,10.0,1,42.879708940324996,1603.3620438207956,1
C06456,0.0,0.0,14.0,1,70.23985941993726,1550.0439242801083,1
C06457,0.0,0.0,10.0,1,41.698513865007634,1536.0672155964262,1
C06458,0.0,0.0,2.0,1,77.41789544962515,1464.008085279242,1
C06459,0.0,0.0,20.0,1,43.34514948563243,1292.6663043238548,1
C06460,0.0,0.0,7.0,1,51.13946722077911,1150.5010538481017,1
C06461,0.0,0.0,12.0,1,81.48869761821514,1049.4375519662392,1
C06462,0.0,0.0,17.0,1,37.901553892279445,912.8855015064584,1
C06463,0.0,0.0,12.0,1,65.06027182108325,789.1517240398186,1
C06464,0.0,0.0,9.0,1,99.46122457225171,732.9126470796765,1
C06465,0.0,0.0,22.0,1,74.13715735416024,759.3164379517006,1
C06466,0.0,0.0,8.0,1,71.80384614344803,860.791471634088,1
C06467,0.0,0.0,0.0,1,321.3936114663762,1015.0677131759729,1
C06468,0.0,0.0,0.0,1,571.3422045165297,1201.9829312542752,1
C06469,0.0,0.0,0.0,1,821.3220901888711,1408.6033762989991,1
C06473,0.0,0.0,0.0,1,685.8107327505444,1242.9930347297652,1
C06476,0.0,0.0,0.0,1,512.0266139174345,918.8631885293659,1
C06477,0.0,0.0,0.0,1,621.9825220229701,927.7583292630145,1
C06479,0.0,0.0,0.0,1,228.91282693353367,724.4229705776369,1
C06480,0.0,0.0,0.0,1,164.0762889735838,510.1357816886961,1
C06481,0.0,0.0,36.0,1,14.518853877991987,347.4023477435728,1
C06482,0.0,0.0,4.0,1,130.91090873438418,321.86594612899285,1
C06483,0.0,0.0,0.0,1,185.89641098988693,320.9957117590352,1
C06484,0.0,0.0,0.0,1,147.98686396134966,299.6866591760429,1
C06485,0.0,0.0,0.0,1,304.90826619190375,299.90301398549633,1
C06486,0.0,0.0,0.0,1,151.28753720925846,461.5581784362293,1
C06487,0.0,0.0,5.0,1,52.91004276864207,567.1807117809536,1
C06488,0.0,0.0,6.0,1,90.7374542310962,695.5258233854183,1
C06489,0.0,0.0,5.0,1,32.19111154335481,814.4440857332846,1
C06490,0.0,0.0,27.0,1,33.42806031548542,738.7463459037335,1
C06491,0.0,0.0,33.0,1,27.6803001658108,508.40759770838554,1
C06492,0.0,0.0,23.0,1,29.75851788450648,310.1780250583598,1
C06493,0.0,1.0,37.0,1,29.249106773144376,124.33223185687724,1
C06494,0.0,0.0,16.0,1,24.891142491687607,125.71472415861693,1
C06495,0.0,0.0,12.0,1,42.46766234218385,323.9670904795837,1
C06496,0.0,2.0,22.0,1,30.485744737688936,100.30599669200944,1
C06497,0.0,0.0,61.0,1,10.392654217197245,167.5611300511035,1
C06498,0.0,0.0,82.0,1,17.894333997585353,360.66806231070524,1
C06499,0.0,0.0,68.0,1,13.541189286074339,404.7853434275382,1
C06500,0.0,0.0,30.0,1,54.155801129015956,269.2649793876512,1
C06501,0.0,0.0,14.0,1,38.07303295680401,317.54199812068265,1
C06502,0.0,1.0,21.0,1,21.322233862841667,107.30914398120002,1
C06503,0.0,0.0,32.0,1,16.66102908114451,153.10188442001174,1
C06504,0.0,0.0,32.0,1,41.255081976377575,400.45614197304974,1
C06505,0.0,0.0,23.0,1,33.88403904972676,649.8384847598056,1
C06506,0.0,0.0,38.0,1,34.19173498265845,551.0790469682341,1
C06507,0.0,0.0,40.0,1,13.017736609307788,409.2802707737268,1
C06508,0.0,0.0,36.0,1,71.34451170582481,395.389129948982,1
C06509,0.0,0.0,20.0,1,60.70354413816651,519.7641658666081,1
C06510,0.0,0.0,27.0,1,7.367787384029,713.4262485752881,1
C06511,0.0,0.0,22.0,1,33.859540435981096,583.812540678225,1
C06512,0.0,0.0,24.0,1,52.87847079071434,428.7692203851894,1
C06513,0.0,0.0,14.0,1,59.20188641351901,389.6780800177016,1
C06514,0.0,0.0,3.0,1,126.0015872634999,494.82822043901393,1
C06515,0.0,0.0,10.0,1,95.09080995526845,680.3388342872987,1
C06516,0.0,0.0,31.0,1,21.969625032106073,897.7008917985764,1
C06517,0.0,0.0,0.0,1,133.6630514850879,1128.6597595522392,1
C06518,0.0,0.0,0.0,1,201.9437386396557,1366.3377380900658,1
C06519,0.0,0.0,5.0,1,86.55622673667347,1535.3968560104433,1
C06520,0.0,0.0,10.0,1,106.43568245127942,1381.4726815787749,1
C06521,0.0,0.0,23.0,1,23.73066844346419,1201.8949530436428,1
C06522,0.0,0.0,21.0,1,33.260721818755194,1051.4923615296066,1
C06523,0.0,0.0,35.0,1,20.471117714037113,944.3097450299015,1
C06524,0.0,0.0,25.0,1,17.08749808967565,895.9941979509501,1
C06525,0.0,0.0,31.0,1,32.790138887333086,915.909553921726,1
C06526,0.0,0.0,12.0,1,40.7197025050511,999.9875095062058,1
C06527,0.0,0.0,10.0,1,30.26272345692808,1134.0457342504988,1
C06528,0.0,0.0,12.0,1,55.093240064497785,1302.7449618306268,1
C06529,0.0,0.0,16.0,1,17.566447511274784,1494.3992584909865,1
C06530,0.0,0.0,0.0,1,168.98635045085345,1375.452632899211,1
C06531,0.0,0.0,0.0,1,145.57496329404933,1219.689335833657,1
C06532,0.0,0.0,9.0,1,6.5902215882855,1099.2789484672771,1
C06533,0.0,0.0,0.0,1,176.12955912106563,1026.7357679268302,1
C06534,0.0,0.0,0.0,1,200.8707058595269,881.4755371481979,1
C06535,0.0,0.0,12.0,1,27.29253423460075,669.7533109703824,1
C06536,0.0,0.0,6.0,1,104.41603550736237,495.11601925293763,1
C06537,0.0,0.0,2.0,1,130.14964715108292,408.3016623600264,1
C06538,0.0,0.0,12.0,1,61.26263605580739,461.8231506226671,1
C06539,0.0,0.0,22.0,1,41.4044456690418,521.098591663339,1
C06540,0.0,0.0,22.0,1,54.523275200744955,273.9439065725783,1
C06541,0.0,2.0,26.0,1,14.152992244304786,59.5548962132897,1
C06542,0.0,0.0,0.0,1,186.32884434128056,208.50365581978699,1
C06543,0.0,0.0,28.0,1,43.22322755103274,401.73746084013925,1
C06544,0.0,0.0,26.0,1,8.94417481831472,466.6309656771997,1
C06545,0.0,0.0,26.0,1,23.30715526771702,631.2800522236561,1
C06546,0.0,0.0,18.0,1,53.334519753711476,780.9981857042188,1
C06547,0.0,0.0,25.0,1,35.51710815395306,972.8318599897216,1
C06548,0.0,0.0,32.0,1,30.717702821565023,959.2663515936865,1
C06549,0.0,0.0,26.0,1,34.322980823101716,809.2101721289426,1
C06550,0.0,0.0,29.0,1,9.561631476840112,717.2518888466199,1
C06551,0.0,0.0,12.0,1,20.659507508782966,702.3554874117661,1
C06552,0.0,0.0,5.0,1,99.35555430337969,454.65681578324114,1
C06553,0.0,0.0,24.0,1,26.58109091249617,212.42036055635666,1
C06554,0.0,1.0,25.0,1,66.63787547961363,92.36882060321554,1
C06555,0.0,0.0,16.0,1,75.07367638264304,311.35444185102847,1
C06556,0.0,0.0,49.0,1,41.62111605522986,158.82133363186313,1
C06557,0.0,1.0,9.0,1,32.86290009270656,117.82031787909847,1
C06558,0.0,0.0,36.0,1,10.91099266517785,357.1260822085949,1
C06559,0.0,0.0,0.0,1,172.14206058787187,605.1416775286497,1
C06560,0.0,0.0,0.0,1,254.0736205351034,475.7919240974431,1
C06561,0.0,0.0,20.0,1,28.827466964805673,253.44240540931133,1
C06562,0.0,0.0,17.0,1,48.074585275210545,164.5847826591765,1
C06563,0.0,0.0,1.0,1,55.346342737736876,183.25372013614893,1
C06564,0.0,0.0,23.0,1,53.167530537161845,182.6366840258124,1
C06565,0.0,1.0,5.0,1,115.11923196006958,23.628826491177875,1
C06566,0.0,0.0,0.0,1,163.64878946356328,271.81327611331034,1
C06567,0.0,0.0,15.0,1,49.506994795036604,521.7342165332375,1
C06568,0.0,0.0,23.0,1,83.04485673492538,395.29100250710576,1
C06569,0.0,0.0,21.0,1,1.3171276720753924,316.8020569632545,1
C06570,0.0,0.0,12.0,1,98.45616453922639,411.66990408484503,1
C06571,0.0,0.0,26.0,1,24.241001907855786,602.9765141050702,1
C06572,0.0,0.0,18.0,1,87.43164246070792,701.5575402058662,1
C06573,0.0,0.0,38.0,1,39.46164002217992,518.4636294512021,1
C06574,0.0,0.0,15.0,1,24.123844629298187,412.8269466831367,1
C06575,0.0,0.0,5.0,1,99.660119831871,443.90048518978824,1
C06582,0.0,0.0,0.0,1,292.7589196278491,2027.887225626366,1
C06583,0.0,0.0,2.0,1,149.6369919114003,1922.028335766952,1
C06584,0.0,0.0,6.0,1,10.593990642358678,1844.1960977953397,1
C06585,0.0,0.0,2.0,1,118.88261467576407,1798.0338069002034,1
C06586,0.0,0.0,0.0,1,213.31453607234377,1785.9988506123168,1
C06587,0.0,0.0,0.0,1,179.7977911532945,1644.871628122773,1
C06588,0.0,0.0,14.0,1,95.71741375429225,1494.412651704529,1
C06589,0.0,0.0,18.0,1,53.665365424182895,1373.2937319254984,1
C06590,0.0,0.0,16.0,1,21.674904872083925,1263.798637925553,1
C06591,0.0,0.0,10.0,1,95.24704891136271,1123.2041229967076,1
C06592,0.0,0.0,4.0,1,85.43418808498099,1025.1770611026777,1
C06593,0.0,0.0,10.0,1,24.173730839554366,982.5418623679317,1
C06594,0.0,0.0,22.0,1,5.485072400231349,1002.3916480097806,1
C06595,0.0,0.0,4.0,1,78.51204731630216,1081.2906735443917,1
C06596,0.0,0.0,0.0,1,290.30896796651115,1207.721004780659,1
C06602,0.0,0.0,0.0,1,809.8289310132526,1033.0416199394003,1
C06607,0.0,0.0,0.0,1,570.9749076611898,779.4523618463895,1
C06609,0.0,0.0,2.0,1,131.98119643016096,627.8157636073674,1
C06610,0.0,0.0,3.0,1,118.65351222050788,378.93692446643394,1
C06611,0.0,0.0,20.0,1,46.32511279082454,134.2898075590912,1
C06612,0.0,1.0,5.0,1,125.80421019998766,132.19043877843683,1
C06613,0.0,1.0,3.0,1,62.352880622410815,126.75210131479878,1
C06614,0.0,0.0,0.0,1,286.3100838322786,127.26279620220576,1
C06615,0.0,0.0,1.0,1,104.88708509257236,222.30608256786675,1
C06616,0.0,0.0,2.0,1,134.05980008279928,363.7311666480914,1
C06617,0.0,0.0,1.0,1,134.39520019452056,497.0524824260916,1
C06618,0.0,0.0,10.0,1,44.9829065970418,697.7262923100279,1
C06619,0.0,0.0,53.0,1,15.957351681539114,620.4915948167924,1
C06620,0.0,0.0,18.0,1,21.915712023362893,442.4352993295412,1
C06621,0.0,0.0,36.0,1,36.307697982180414,199.92827182011794,1
C06622,0.0,2.0,24.0,1,22.63188348016772,51.994573702184354,1
C06623,0.0,0.0,10.0,1,5.719618570557474,248.59024329026582,1
C06624,0.0,0.0,30.0,1,35.651693553093324,223.07417166420024,1
C06625,0.0,0.0,18.0,1,29.627450505591675,332.9407873924613,1
C06626,0.0,0.0,39.0,1,3.1167897982212733,375.44132053901944,1
C06627,0.0,0.0,58.0,1,29.969397587221597,488.8537424659537,1
C06628,0.0,0.0,62.0,1,27.273463446536518,291.85406934629935,1
C06629,0.0,2.0,46.0,1,50.27186346669277,51.48479730351532,1
C06630,0.0,0.0,18.0,1,66.52394934144655,181.9587815908571,1
C06631,0.0,0.0,30.0,1,35.12368929615452,303.2013382399719,1
C06632,0.0,0.0,44.0,1,43.936489944479334,322.2669485713522,1
C06633,0.0,0.0,68.0,1,21.829971635030848,490.6943251887791,1
C06634,0.0,0.0,12.0,1,29.231724670854874,619.7983007094583,1
C06635,0.0,0.0,28.0,1,19.536397899261434,418.6543417985118,1
C06636,0.0,0.0,8.0,1,106.74059678681039,197.7212227959938,1
C06637,0.0,0.0,34.0,1,27.983896735734856,167.08053740978008,1
C06638,0.0,0.0,6.0,1,76.43149449010163,376.48124789734055,1
C06639,0.0,0.0,18.0,1,56.730766147337796,616.895740020578,1
C06640,0.0,0.0,24.0,1,37.27530183518203,771.8634233302162,1
C06641,0.0,0.0,32.0,1,37.52287602518318,662.4040352923581,1
C06642,0.0,0.0,34.0,1,32.188078153256505,637.7970426931741,1
C06643,0.0,0.0,23.0,1,8.661656107621178,706.9590011908172,1
C06644,0.0,0.0,28.0,1,32.57933360763813,847.2290074479727,1
C06645,0.0,0.0,27.0,1,51.63055990146033,1013.3132895741671,1
C06646,0.0,0.0,0.0,1,166.4890839493838,1075.7103147993168,1
C06647,0.0,0.0,0.0,1,272.7652154941646,1188.487080242638,1
C06648,0.0,0.0,2.0,1,124.4036449798077,1338.6596167917462,1
C06649,0.0,0.0,24.0,1,41.649765077606396,1356.6575469804159,1
C06650,0.0,0.0,22.0,1,82.92807454557907,1397.9517643704244,1
C06651,0.0,0.0,31.0,1,60.3961610944153,1270.9657130346636,1
C06652,0.0,0.0,48.0,1,10.50155456285258,1183.8236996753528,1
C06653,0.0,0.0,64.0,1,30.318349821121746,1145.654075241025,1
C06654,0.0,0.0,20.0,1,14.236430143678037,1161.2958143038738,1
C06655,0.0,0.0,6.0,1,35.6779575869886,1228.6955182318466,1
C06656,0.0,0.0,19.0,1,48.641313357408315,1340.0661866961477,1
C06657,0.0,0.0,22.0,1,42.963918226349264,1485.5511074781923,1
C06658,0.0,0.0,39.0,1,49.49371021555611,1656.1844103640792,1
C06659,0.0,0.0,19.0,1,20.34308515662919,1568.271803995453,1
C06660,0.0,0.0,2.0,1,128.89359249708443,1433.6138189220023,1
C06661,0.0,0.0,9.0,1,68.72120352304114,1291.4449172739562,1
C06662,0.0,0.0,14.0,1,56.178874227188324,1043.7434307902597,1
C06663,0.0,0.0,0.0,1,197.04255131561266,797.4777265120995,1
C06664,0.0,0.0,10.0,1,69.0338803516196,554.5638820262213,1
C06665,0.0,0.0,11.0,1,42.35484214279524,322.6630970735239,1
C06666,0.0,0.0,10.0,1,51.47927967489148,160.25557456189773,1
C06667,0.0,0.0,11.0,1,23.64119084652167,268.7977383521848,1
C06668,0.0,0.0,6.0,1,100.6528935299719,290.24519025226374,1
C06669,0.0,0.0,9.0,1,18.519340969614166,277.4365582959091,1
C06670,0.0,1.0,24.0,1,57.29329624497438,145.57475902269,1
C06671,0.0,0.0,8.0,1,27.825489197875353,146.25378735010966,1
C06672,0.0,0.0,6.0,1,103.02223954299282,152.04729974291516,1
C06673,0.0,0.0,18.0,1,89.77799350763351,281.90397664038977,1
C06674,0.0,0.0,27.0,1,60.25852524163797,427.46478640453495,1
C06675,0.0,0.0,13.0,1,59.9638378097986,627.829439699712,1
C06676,0.0,0.0,16.0,1,90.45670846493367,854.759303600396,1
C06677,0.0,0.0,18.0,1,56.128197710960094,1091.813687782496,1
C06678,0.0,0.0,7.0,1,89.16115189694258,1033.1460059905146,1
C06679,0.0,0.0,38.0,1,46.37963111705794,962.8186948077208,1
C06680,0.0,0.0,38.0,1,11.406611474982654,770.7368705523817,1
C06681,0.0,0.0,9.0,1,19.97178380123153,554.4771528833404,1
C06682,0.0,0.0,17.0,1,56.77851908637991,381.9090238660927,1
C06683,0.0,0.0,16.0,1,59.257909003684105,330.5511941456092,1
C06684,0.0,0.0,34.0,1,48.92954192578302,187.2312140660114,1
C06685,0.0,0.0,27.0,1,21.68676348245887,203.86067988368032,1
C06686,0.0,0.0,6.0,1,136.15863876770092,258.6296692844693,1
C06687,0.0,0.0,4.0,1,128.09829910002773,466.0680581908092,1
C06688,0.0,0.0,0.0,1,152.94159826856486,676.6891426261992,1
C06689,0.0,0.0,9.0,1,73.19564124834156,458.8997976037733,1
C06690,0.0,0.0,14.0,1,6.952451012064482,220.10025457526123,1
C06691,0.0,2.0,26.0,1,38.71013631464878,106.29778872302776,1
C06692,0.0,0.0,20.0,1,30.366233026480757,193.8232746420241,1
C06693,0.0,0.0,38.0,1,6.137815171742688,331.66153445821334,1
C06694,0.0,0.0,45.0,1,13.324266416056998,241.502606754621,1
C06695,0.0,0.0,37.0,1,45.90541367937959,362.8328054343731,1
C06696,0.0,0.0,27.0,1,59.97391811969291,445.3817666738546,1
C06697,0.0,0.0,0.0,1,158.33511252451692,245.9509392163708,1
C06698,0.0,1.0,50.0,1,17.228933391202204,67.82647812242166,1
C06699,0.0,0.0,45.0,1,20.51533695794579,271.49401055560645,1
C06700,0.0,0.0,27.0,1,9.426768989902593,517.5109316726016,1
C06701,0.0,0.0,30.0,1,60.20450300642772,592.7997889045877,1
C06702,0.0,0.0,38.0,1,42.674119172976006,357.8171915508415,1
C06703,0.0,0.0,43.0,1,33.577931900138644,172.2053872947637,1
C06704,0.0,0.0,6.0,1,84.9018053530796,237.22615424389346,1
C06711,0.0,0.0,0.0,1,472.25186603489226,2251.136602567014,1
C06712,0.0,0.0,0.0,1,347.0657660278623,2156.2658294026364,1
C06713,0.0,0.0,0.0,1,239.47833866776026,2087.186779059775,1
C06714,0.0,0.0,0.0,1,345.3188431488124,2046.512881541281,1
C06717,0.0,0.0,0.0,1,263.5129837629295,1708.9623087753664,1
C06718,0.0,0.0,11.0,1,88.65696179455199,1604.1255167181062,1
C06719,0.0,0.0,0.0,1,158.7785231521787,1466.4291869294568,1
C06720,0.0,0.0,0.0,1,185.4993721040647,1347.1507209562367,1
C06721,0.0,0.0,2.0,1,134.51505627856034,1266.5763181376906,1
C06722,0.0,0.0,0.0,1,189.5088918884322,1232.3214168233662,1
C06723,0.0,0.0,8.0,1,31.004602820497915,1248.2053433052868,1
C06735,0.0,0.0,0.0,1,418.5896171414937,443.2883200512229,1
C06736,0.0,0.0,0.0,1,360.6098993570344,581.317893218833,1
C06737,0.0,0.0,0.0,1,255.3847827141167,734.7921766102038,1
C06738,0.0,0.0,0.0,1,136.32539629072863,551.012868439834,1
C06739,0.0,0.0,0.0,1,302.5354968978892,427.81918828031297,1
C06740,0.0,0.0,0.0,1,157.46713533042941,239.72863314799045,1
C06741,0.0,2.0,18.0,1,36.777562842449825,76.80093694017457,1
C06742,0.0,3.0,0.0,1,196.5242672861777,89.71829547035422,1
C06743,0.0,0.0,0.0,1,269.1760695183817,143.98132217785232,1
C06744,0.0,1.0,13.0,1,23.86756083191378,103.94246779816369,1
C06745,0.0,1.0,10.0,1,60.931765047716375,143.54567524365763,1
C06746,0.0,0.0,13.0,1,54.418515153680474,367.9214176640388,1
C06747,0.0,0.0,20.0,1,14.731293162047795,612.4761042446264,1
C06748,0.0,0.0,16.0,1,21.9339494713715,515.9572490713934,1
C06749,0.0,0.0,15.0,1,34.336053003534104,277.40053663223904,1
C06750,0.0,1.0,41.0,1,17.854485302674803,112.65093243461597,1
C06751,0.0,0.0,62.0,1,18.347184146036728,267.3281547804989,1
C06752,0.0,1.0,22.0,1,38.8275859955655,156.74562525460132,1
C06753,0.0,1.0,24.0,1,21.04025646718147,70.43753689975433,1
C06754,0.0,0.0,16.0,1,39.91104243748141,312.9052087541701,1
C06755,0.0,0.0,28.0,1,58.03549286430289,322.146180579455,1
C06756,0.0,0.0,47.0,1,26.554187923179903,239.9925700479768,1
C06757,0.0,0.0,36.0,1,56.19241292385261,362.63814103626646,1
C06758,0.0,0.0,48.0,1,14.243723417070672,221.31043331399582,1
C06759,0.0,3.0,28.0,1,15.945941687659213,82.6964119453986,1
C06760,0.0,0.0,30.0,1,21.865705558945482,156.90610689561984,1
C06761,0.0,0.0,62.0,1,15.39314169670414,388.4567987463696,1
C06762,0.0,0.0,24.0,1,49.00419514470216,414.1890378701917,1
C06763,0.0,0.0,30.0,1,19.652570365766586,371.64054518705694,1
C06764,0.0,0.0,46.0,1,25.36166157874229,414.5537357280393,1
C06765,0.0,0.0,27.0,1,20.18423497927726,188.88362513270164,1
C06766,0.0,2.0,12.0,1,61.974770051798224,94.93787459534917,1
C06767,0.0,0.0,14.0,1,41.99566013582635,317.76669296025256,1
C06768,0.0,0.0,4.0,1,108.79197699294751,563.8600378437087,1
C06769,0.0,0.0,8.0,1,95.90196801976003,812.3426699363525,1
C06770,0.0,0.0,44.0,1,37.83057284787963,904.8288056828628,1
C06771,0.0,0.0,10.0,1,58.98720047108216,886.9730149728542,1
C06772,0.0,0.0,36.0,1,13.920914284524603,837.5637281702876,1
C06773,0.0,0.0,62.0,1,10.608168168301193,762.7987003689356,1
C06774,0.0,0.0,11.0,1,45.20766299379908,766.2967544121288,1
C06775,0.0,0.0,0.0,1,148.30587957139133,847.0888822081117,1
C06776,0.0,0.0,2.0,1,147.61771374242556,986.3612081274352,1
C06777,0.0,0.0,42.0,1,16.16651642449315,1088.7267703643772,1
C06778,0.0,0.0,17.0,1,68.7012725877152,1110.7817565381335,1
C06779,0.0,0.0,25.0,1,31.70831035127646,1186.31624822719,1
C06780,0.0,0.0,39.0,1,15.275222136994387,1306.0843659418522,1
C06781,0.0,0.0,27.0,1,15.213613823709148,1426.9394553615937,1
C06782,0.0,0.0,10.0,1,53.5025901886625,1395.4357446586248,1
C06783,0.0,0.0,0.0,1,188.08485829204105,1408.3059417876143,1
C06784,0.0,0.0,0.0,1,196.27049473291055,1464.3805290557602,1
C06786,0.0,0.0,2.0,1,116.68731485247909,1685.6985941396183,1
C06787,0.0,0.0,20.0,1,62.49181487715772,1837.842337766658,1
C06788,0.0,0.0,38.0,0,18.960741597381773,1775.410644629837,1
C06789,0.0,0.0,43.0,1,28.674839051946673,1534.6762528559088,1
C06790,0.0,0.0,73.0,1,10.130202313866304,1285.2243290744766,1
C06791,0.0,0.0,72.0,1,2.979917034069054,1036.03665524441,1
C06792,0.0,0.0,40.0,1,17.485491863863142,787.3641635070204,1
C06793,0.0,0.0,34.0,1,34.66562367866308,539.919161486417,1
C06794,0.0,0.0,2.0,1,106.2372646587561,296.7879308618888,1
C06795,0.0,1.0,12.0,1,102.86946224256259,98.25197641964728,1
C06796,0.0,0.0,9.0,1,48.96503957790987,237.11563810818674,1
C06797,0.0,0.0,7.0,1,28.30597696132868,139.6149880822676,1
C06798,0.0,1.0,5.0,1,94.35741566512685,110.54916694266987,1
C06799,0.0,0.0,16.0,1,50.887530573408185,348.32198830422885,1
C06800,0.0,0.0,4.0,1,89.23387589539654,280.1647811367229,1
C06801,0.0,1.0,23.0,1,46.33133464241051,99.21580154361189,1
C06802,0.0,1.0,19.0,1,30.43670550802212,74.12233913246293,1
C06803,0.0,0.0,16.0,1,17.23963922403557,303.21243855793165,1
C06804,0.0,0.0,12.0,1,48.59625590772838,550.8007304225613,1
C06805,0.0,0.0,13.0,1,2.223529147220595,799.8906840136386,1
C06806,0.0,0.0,16.0,1,33.38424621704,1049.4135353184588,1
C06807,0.0,0.0,16.0,1,14.844199174224466,1188.9451744168157,1
C06808,0.0,0.0,16.0,1,70.21281486006373,1109.6656375321359,1
C06809,0.0,0.0,30.0,1,66.16169839469312,905.4100819851401,1
C06810,0.0,0.0,11.0,1,63.2170818719574,730.1897054882892,1
C06811,0.0,0.0,16.0,1,47.24382308750213,564.5830707208813,1
C06812,0.0,0.0,23.0,1,60.13375270891459,318.28702963831034,1
C06813,0.0,1.0,19.0,1,83.32103310383572,94.1234440898632,1
C06814,0.0,1.0,8.0,1,112.31916749632302,95.64343128134539,1
C06816,0.0,0.0,6.0,1,86.42207463624807,429.8929215634803,1
C06817,0.0,0.0,11.0,1,48.49437592655322,621.9784137466247,1
C06818,0.0,0.0,2.0,1,146.27295993509304,377.85025517909924,1
C06819,0.0,1.0,6.0,1,149.58229973275817,153.8976397189162,1
C06820,0.0,0.0,29.0,1,67.8555496588041,172.0411336953935,1
C06821,0.0,0.0,2.0,1,129.22999624877446,246.88959678947143,1
C06822,0.0,0.0,28.0,1,15.26797266592126,460.56771038692045,1
C06823,0.0,0.0,17.0,1,67.70504481460956,491.0078377146378,1
C06824,0.0,0.0,44.0,1,12.0583608113255,382.86207837533846,1
C06825,0.0,0.0,51.0,1,19.045785688454128,205.3205051970586,1
C06826,0.0,0.0,22.0,1,20.178542605873893,250.45887616706042,1
C06827,0.0,0.0,45.0,1,37.21105208587559,183.94922933470957,1
C06828,0.0,0.0,13.0,1,53.63117975945305,320.8518125333095,1
C06829,0.0,0.0,40.0,1,18.35225611935544,545.0270197329545,1
C06830,0.0,0.0,62.0,1,49.65703443072161,579.3446273427776,1
C06831,0.0,0.0,20.0,1,34.93852654562532,335.0548463683964,1
C06832,0.0,1.0,27.0,1,47.77486861046299,117.82742855107081,1
C06833,0.0,0.0,0.0,1,163.47025360542438,201.25818185347313,1
C06841,0.0,0.0,0.0,1,550.1747795036109,2393.694159788965,1
C06842,0.0,0.0,0.0,1,489.4767785548264,2331.6599353765714,1
C06843,0.0,0.0,0.0,1,549.0744443943591,2295.3222819187627,1
C06847,0.0,0.0,0.0,1,190.2494342746072,1813.6266480839913,1
C06848,0.0,0.0,0.0,1,265.4248132739203,1681.856748755581,1
C06850,0.0,0.0,2.0,1,87.69193671333812,1510.7756725349182,1
C06851,0.0,0.0,2.0,1,135.73140283408023,1482.1753058992902,1
C06852,0.0,0.0,0.0,1,158.97753831167392,1314.6566090485003,1
C06853,0.0,0.0,0.0,1,145.9250380244936,1106.8099547290249,1
C06854,0.0,0.0,0.0,1,317.1846368543402,920.1818038081553,1
C06855,0.0,0.0,0.0,1,379.6743231697491,770.351107114149,1
C06858,0.0,0.0,0.0,1,559.8748268247502,763.9107649124268,1
C06859,0.0,0.0,0.0,1,460.02632219627003,627.0383569975077,1
C06860,0.0,0.0,0.0,1,318.7363292889855,536.3891049289805,1
C06861,0.0,0.0,0.0,1,325.05067904366024,554.3008593055687,1
C06863,0.0,0.0,0.0,1,350.6900348046466,188.3164490950169,1
C06864,0.0,0.0,0.0,1,241.3427776854409,227.79166640222633,1
C06865,0.0,0.0,2.0,1,114.31783883783129,439.67601886485716,1
C06866,0.0,0.0,0.0,1,162.49322143285866,623.4209585159578,1
C06867,0.0,0.0,21.0,1,6.66487148955785,390.3195228216088,1
C06868,0.0,0.0,2.0,1,118.3280060691038,202.59557812158985,1
C06869,0.0,0.0,4.0,1,35.65463528968279,233.9671059212257,1
C06870,0.0,0.0,18.0,1,43.18055755388968,262.5522919256829,1
C06871,0.0,1.0,4.0,1,107.28728872294614,118.70256094043954,1
C06872,0.0,0.0,0.0,1,137.66518142929078,215.2156208744518,1
C06873,0.0,0.0,0.0,1,167.0852434475316,210.11794658328247,1
C06874,0.0,0.0,0.0,1,199.17087951816887,184.14765860888267,1
C06875,0.0,0.0,7.0,1,66.87988057814071,385.5790047005828,1
C06876,0.0,0.0,18.0,1,52.86060971628761,623.2431127262062,1
C06877,0.0,0.0,21.0,1,42.477296814709774,521.9328946333557,1
C06878,0.0,0.0,58.0,1,15.484666166675872,288.3628293571967,1
C06879,0.0,0.0,75.0,1,24.911840069532246,137.44924957751473,1
C06880,0.0,0.0,51.0,1,24.980712645062845,282.19048719607144,1
C06881,0.0,0.0,23.0,1,6.580525219178772,188.6563443178404,1
C06882,0.0,0.0,12.0,1,36.919419970221,197.47252175034566,1
C06883,0.0,0.0,4.0,1,97.23496474042237,409.1449345177207,1
C06884,0.0,0.0,32.0,1,67.18926027780158,217.70763380551205,1
C06885,0.0,1.0,37.0,1,9.495811788363383,34.855212429379215,1
C06886,0.0,0.0,16.0,1,10.27448911062453,282.9013217533622,1
C06887,0.0,0.0,36.0,1,12.331108288388183,360.505007379912,1
C06888,0.0,0.0,33.0,1,35.81382777467501,190.10818967604294,1
C06889,0.0,0.0,38.0,1,12.157638227281819,203.55522684820414,1
C06890,0.0,0.0,48.0,1,38.4682969916841,409.52886160606755,1
C06891,0.0,0.0,34.0,1,44.350953424229004,224.7650336605672,1
C06892,0.0,1.0,28.0,1,48.88243063187336,130.7036957837601,1
C06893,0.0,0.0,32.0,1,7.377642549289855,329.6173415138098,1
C06894,0.0,0.0,18.0,1,28.363257846620737,259.4833522982595,1
C06895,0.0,0.0,5.0,1,134.14394717715885,185.18661194091715,1
C06896,0.0,0.0,4.0,1,46.08331612085805,355.32598042412974,1
C06897,0.0,0.0,22.0,1,39.9915199566507,585.8489766881753,1
C06898,0.0,0.0,26.0,1,51.334000965640975,816.457764828954,1
C06899,0.0,0.0,30.0,1,27.416266944338282,1000.6109007328488,1
C06900,0.0,0.0,18.0,1,55.52775129056401,794.7144350038124,1
C06901,0.0,0.0,68.0,1,21.499495700499978,622.0288512130721,1
C06902,0.0,0.0,14.0,1,42.134670787308735,516.980415760094,1
C06903,0.0,0.0,18.0,1,38.089369931855764,522.1279621103483,1
C06904,0.0,0.0,12.0,1,8.68734409960681,634.7963983479513,1
C06905,0.0,0.0,14.0,1,31.3808478142206,811.366332733591,1
C06906,0.0,0.0,43.0,1,15.952341237912288,838.8339474455416,1
C06907,0.0,0.0,37.0,1,23.63440543949449,867.2672722621119,1
C06908,0.0,0.0,0.0,1,159.155039667485,962.1136376160866,1
C06909,0.0,0.0,28.0,1,10.080540204889088,1106.4234188757723,1
C06910,0.0,0.0,3.0,1,25.98822695635362,1283.6210157155606,1
C06911,0.0,0.0,0.0,1,160.55895746457134,1481.955816526438,1
C06912,0.0,0.0,0.0,1,166.2026915424806,1656.2135378715213,1
C06913,0.0,0.0,15.0,1,40.32110084720913,1704.1502255470996,1
C06914,0.0,0.0,3.0,1,113.58902071735821,1786.1166533671756,1
C06915,0.0,0.0,14.0,1,83.29252295298183,1897.7084622351474,1
C06916,0.0,0.0,22.0,1,53.93069144085021,2034.0555832725458,1
C06917,0.0,0.0,32.0,0,55.55071928637153,1814.5612218404126,1
C06918,0.0,0.0,34.0,0,22.41025276011717,1569.7779469632183,1
C06919,0.0,0.0,24.0,1,47.244357381019455,1326.9412864694284,1
C06920,0.0,0.0,46.0,1,19.10878897904232,1087.3562216229911,1
C06921,0.0,0.0,56.0,1,19.752207186849954,853.764562199271,1
C06922,0.0,0.0,15.0,1,13.998874876633286,632.8382910605194,1
C06923,0.0,0.0,24.0,1,15.834323784838483,443.90841127138407,1
C06924,0.0,0.0,8.0,1,72.68513035301588,344.4198782918458,1
C06925,0.0,0.0,6.0,1,139.66386899025838,277.6722053950783,1
C06926,0.0,0.0,17.0,1,17.664786157440833,282.38700276367297,1
C06927,0.0,0.0,0.0,1,143.13367876593438,269.20474131106465,1
C06928,0.0,0.0,12.0,1,46.53233686127879,436.119210949098,1
C06929,0.0,0.0,12.0,1,75.33644831913986,382.5079974731498,1
C06930,0.0,0.0,18.0,1,21.48406834536581,132.51952089439368,1
C06931,0.0,1.0,9.0,1,35.608481300621584,117.5179931127148,1
C06932,0.0,0.0,14.0,1,37.096408133531774,355.17519927019146,1
C06933,0.0,0.0,12.0,1,52.13572231968221,581.0276102857762,1
C06934,0.0,0.0,6.0,1,102.77307256850213,755.3732583399087,1
C06935,0.0,0.0,20.0,1,28.949131495875093,844.9058881701901,1
C06936,0.0,0.0,25.0,1,9.88103685897789,991.0313619226514,1
C06937,0.0,0.0,16.0,1,61.67465657287851,1172.7831686905608,1
C06938,0.0,0.0,36.0,1,55.2922877559152,1078.5353780721505,1
C06939,0.0,0.0,13.0,1,6.356886555220437,828.539646803318,1
C06940,0.0,0.0,15.0,1,63.42359365622144,578.5476046935961,1
C06941,0.0,0.0,12.0,1,95.04876111777125,328.56767258576764,1
C06942,0.0,1.0,13.0,1,14.939645249029631,78.7153100747168,1
C06943,0.0,0.0,4.0,1,113.64024100174096,171.56772602062847,1
C06944,0.0,0.0,6.0,1,112.70992281283495,356.4635803605469,1
C06945,0.0,0.0,20.0,1,37.666377513333025,526.6843581833598,1
C06946,0.0,0.0,0.0,1,236.86488190384298,630.2476346453684,1
C06947,0.0,0.0,0.0,1,372.77176540504104,391.3128532877815,1
C06948,0.0,0.0,3.0,1,143.77006874149976,184.49774340183058,1
C06949,0.0,0.0,25.0,1,3.6276563842275538,199.88267932092228,1
C06950,0.0,0.0,14.0,1,58.56628244209974,413.36031941231806,1
C06951,0.0,0.0,36.0,1,15.322907615426308,600.4245390229821,1
C06952,0.0,0.0,8.0,1,38.878339646355556,587.19828340199,1
C06953,0.0,0.0,25.0,1,28.74718496984759,339.6689017657273,1
C06954,0.0,1.0,53.0,1,67.55763268049898,104.63317649401107,1
C06955,0.0,0.0,6.0,1,113.73022847068415,177.54222151285146,1
C06956,0.0,0.0,44.0,1,31.227904948089925,420.82583002497597,1
C06957,0.0,0.0,24.0,1,10.374068424502482,507.13190931379205,1
C06958,0.0,0.0,30.0,1,82.33513793340406,671.782211789899,1
C06959,0.0,0.0,54.0,1,41.19640066287687,666.9848609500518,1
C06960,0.0,0.0,31.0,1,22.52555267754318,470.62762092823226,1
C06961,0.0,0.0,24.0,1,23.90592873763103,350.8730688220112,1
C06962,0.0,0.0,0.0,1,183.7690374001528,386.95408418646235,1
C06976,0.0,0.0,0.0,1,435.3500173526763,2022.98521539246,1
C06977,0.0,0.0,0.0,1,473.0593217226175,1905.746490588609,1
C06978,0.0,0.0,0.0,1,438.2540077264594,1815.563326101604,1
C06980,0.0,0.0,2.0,1,51.3306295898854,1443.784791819694,1
C06981,0.0,0.0,11.0,1,14.811254677343477,1206.739740483507,1
C06982,0.0,0.0,3.0,1,113.11461125797963,976.1798386744968,1
C06983,0.0,0.0,0.0,1,267.49966068528386,758.0457463813982,1
C06984,0.0,0.0,0.0,1,239.04242476755576,566.8682649251903,1
C06985,0.0,0.0,1.0,1,27.486295905877903,439.3698965014106,1
C06986,0.0,0.0,0.0,1,239.1469000604116,435.6055350015939,1
C06987,0.0,0.0,0.0,1,380.3793833509771,558.0846336322023,1
C06988,0.0,0.0,0.0,1,349.2981422291005,436.9739612675793,1
C06989,0.0,0.0,2.0,1,109.44323944351743,292.37375663054803,1
C06990,0.0,0.0,2.0,1,120.32318321376482,324.06570985934,1
C06991,0.0,0.0,0.0,1,331.7911217872737,352.73451107834165,1
C06992,0.0,1.0,0.0,1,168.81763999737584,125.88722567529963,1
C06993,0.0,0.0,2.0,1,94.25047152337211,179.64841182368102,1
C06994,0.0,0.0,0.0,1,145.25025658777423,416.77273201748454,1
C06995,0.0,0.0,0.0,1,309.7054116786677,552.6985147704493,1
C06996,0.0,0.0,0.0,1,244.77541133509237,355.0823546799853,1
C06997,0.0,1.0,0.0,1,235.74335913417477,121.56939164039493,1
C06998,0.0,0.0,14.0,1,70.89672652324144,168.74464543371016,1
C06999,0.0,0.0,7.0,1,69.2912936533672,408.8647621662711,1
C07000,0.0,0.0,7.0,1,76.03980390215204,321.9204994067172,1
C07001,0.0,0.0,2.0,1,8.424799087408273,253.41820278897427,1
C07002,0.0,0.0,3.0,1,116.61229790132403,387.0513700677433,1
C07003,0.0,0.0,2.0,1,154.14003087412289,414.9883847303555,1
C07004,0.0,0.0,0.0,1,204.95048337046438,535.7015663182889,1
C07005,0.0,0.0,0.0,1,172.89788600624536,725.7664754248618,1
C07006,0.0,0.0,18.0,1,65.99833245322553,635.3078073905491,1
C07007,0.0,0.0,22.0,1,57.94812922494453,462.98508073794477,1
C07008,0.0,0.0,52.0,1,17.343718692864375,387.42013349909354,1
C07009,0.0,0.0,42.0,1,8.435146437327345,459.16612973409707,1
C07010,0.0,0.0,48.0,1,14.396943982224752,414.2622858362648,1
C07011,0.0,0.0,19.0,1,63.77430478044333,418.35083609496513,1
C07012,0.0,0.0,20.0,1,18.51458620891071,451.89804675128016,1
C07013,0.0,0.0,30.0,1,53.090329404827926,340.60984420955754,1
C07014,0.0,0.0,60.0,1,25.251934708329678,264.25998181480537,1
C07015,0.0,0.0,22.0,1,60.09003929303277,385.55364089198207,1
C07016,0.0,0.0,44.0,1,17.692969414510657,339.3612316241695,1
C07017,0.0,0.0,18.0,1,97.59034557758393,201.75126625352584,1
C07018,0.0,0.0,39.0,1,24.877463917625057,302.06141981446245,1
C07019,0.0,0.0,64.0,1,27.55523966768597,380.480381859054,1
C07020,0.0,0.0,64.0,1,14.52156050404723,233.4225388025687,1
C07021,0.0,0.0,54.0,1,17.011950723800062,145.08693034224174,1
C07022,0.0,0.0,50.0,1,19.036597634016694,335.58062085172963,1
C07023,0.0,0.0,36.0,1,49.0216611554989,274.95751087533716,1
C07024,0.0,1.0,14.0,1,50.6507912709874,93.02044905163233,1
C07025,0.0,0.0,13.0,1,15.529022560838278,258.2711271063289,1
C07026,0.0,0.0,6.0,1,82.08709063607954,499.755086269044,1
C07027,0.0,0.0,24.0,1,48.59380894059413,746.8643232922468,1
C07028,0.0,0.0,42.0,1,18.175625797176615,836.1820551044692,1
C07029,0.0,0.0,61.0,1,11.628279291340322,664.8142042694119,1
C07030,0.0,0.0,27.0,1,55.24425228708926,444.2147957198148,1
C07031,0.0,0.0,32.0,1,57.81735795975815,278.70350423778734,1
C07032,0.0,0.0,24.0,1,16.141021929762232,288.13972619624644,1
C07033,0.0,0.0,6.0,1,122.77273340364171,461.92354383650263,1
C07034,0.0,0.0,59.0,1,22.95380463817535,650.729338601079,1
C07035,0.0,0.0,50.0,1,29.498699719996793,589.0320893347765,1
C07036,0.0,0.0,10.0,1,57.525930331260874,628.863206441581,1
C07037,0.0,0.0,10.0,1,57.15849596414306,754.3070081643687,1
C07038,0.0,0.0,11.0,1,14.922851660299159,931.3909988376392,1
C07039,0.0,0.0,2.0,1,150.0785379874618,1136.2215113549248,1
C07040,0.0,0.0,0.0,1,161.90003920753432,1356.285166554425,1
C07041,0.0,0.0,13.0,1,30.913437199997897,1585.2506373332449,1
C07042,0.0,0.0,29.0,1,31.224481133938102,1819.760894545037,1
C07043,0.0,0.0,15.0,1,41.64819504241758,2018.6456739086632,1
C07044,0.0,0.0,24.0,1,29.521454924483372,2042.7345982749405,1
C07045,0.0,0.0,54.0,0,19.419109197572556,2048.738431443724,1
C07046,0.0,0.0,54.0,0,44.25886629479549,1877.9254589837087,1
C07047,0.0,0.0,20.0,0,22.26904769445074,1642.6120675510267,1
C07048,0.0,0.0,40.0,0,37.91145553511571,1412.354339190185,1
C07049,0.0,0.0,50.0,1,15.598196461405305,1190.0903975725669,1
C07050,0.0,0.0,12.0,1,36.51323897720305,959.5753210576818,1
C07051,0.0,0.0,0.0,1,154.4868238429318,709.687033797546,1
C07052,0.0,0.0,0.0,1,159.99275410835403,459.92018339899505,1
C07053,0.0,0.0,21.0,1,5.619627274942421,210.70705791494333,1
C07054,0.0,1.0,24.0,1,33.62925464542258,47.627233937919875,1
C07055,0.0,0.0,8.0,1,71.09318535204875,291.78629606268936,1
C07056,0.0,0.0,26.0,1,53.054940558285935,507.66255246669135,1
C07057,0.0,0.0,14.0,1,35.14580350642014,405.0261446948443,1
C07058,0.0,0.0,6.0,1,29.71405478530377,375.2384190356248,1
C07059,0.0,0.0,24.0,1,26.681538316953894,284.85478194492663,1
C07060,0.0,0.0,21.0,1,42.89753463754024,278.19292241905106,1
C07061,0.0,0.0,3.0,1,98.47173384330429,381.97408125860443,1
C07062,0.0,0.0,15.0,1,31.175549201548034,495.84684279591403,1
C07063,0.0,0.0,16.0,1,92.29134485944284,513.9467793072383,1
C07064,0.0,0.0,30.0,1,15.213418320254341,638.2934218757784,1
C07065,0.0,0.0,18.0,1,58.124527042894044,822.0071124141797,1
C07066,0.0,0.0,16.0,1,99.09251301196107,1033.911453321369,1
C07067,0.0,0.0,33.0,1,4.246919661846087,1108.3774816409712,1
C07068,0.0,0.0,16.0,1,66.4991316509261,867.0294264790049,1
C07069,0.0,0.0,28.0,1,25.397640406880786,632.4392547527727,1
C07070,0.0,0.0,13.0,1,80.85883755517763,416.19562170207087,1
C07071,0.0,0.0,16.0,1,19.444150762294164,267.31662891728956,1
C07072,0.0,0.0,38.0,1,12.227354884062297,307.72969415939457,1
C07073,0.0,0.0,18.0,1,53.238824997366414,367.9545506497464,1
C07074,0.0,0.0,4.0,1,48.51496925538645,355.7131070667935,1
C07075,0.0,0.0,0.0,1,150.0911387022562,492.6185925585507,1
C07076,0.0,0.0,0.0,1,262.210302781808,537.1039777897192,1
C07077,0.0,0.0,0.0,1,213.4664808156537,411.5754501056667,1
C07078,0.0,0.0,16.0,1,45.929261982714955,418.6980048935331,1
C07079,0.0,0.0,7.0,1,110.52997412979342,553.3730093471925,1
C07080,0.0,0.0,18.0,1,65.80748329362942,549.0710509653456,1
C07081,0.0,0.0,14.0,1,66.31675408573479,383.6426252650368,1
C07082,0.0,0.0,63.0,1,40.16876223550377,343.34284444605777,1
C07083,0.0,0.0,7.0,1,66.26580868682935,323.6351238541305,1
C07084,0.0,0.0,26.0,1,27.124503441832523,353.9955256617941,1
C07085,0.0,0.0,20.0,1,26.840606416386006,520.4670700294703,1
C07086,0.0,0.0,40.0,1,2.7117806873455015,732.4067594462755,1
C07087,0.0,0.0,39.0,1,8.195689368704864,731.1877491113003,1
C07088,0.0,0.0,22.0,1,16.711434136490055,600.3357916082101,1
C07089,0.0,0.0,16.0,1,29.17801783131262,415.4708019492313,1
C07090,0.0,0.0,10.0,1,17.73940527626821,304.7530658950462,1
C07091,0.0,0.0,0.0,1,205.0102096481967,371.6623132260296,1
C07092,0.0,0.0,0.0,1,439.0068422335427,555.329919032476,1
C07104,0.0,0.0,0.0,1,747.4014608739105,2367.7618630382285,1
C07105,0.0,0.0,0.0,1,684.0061607735291,2240.6911310469777,1
C07106,0.0,0.0,0.0,1,708.6041999846108,2135.4384208978972,1
C07107,0.0,0.0,0.0,1,609.912624080066,1889.179921101325,1
C07109,0.0,0.0,0.0,1,282.17286714524806,1391.9099563682767,1
C07110,0.0,0.0,0.0,1,262.5991187763813,1144.1676462868115,1
C07111,0.0,0.0,0.0,1,338.1435239496068,897.6780486242643,1
C07112,0.0,0.0,0.0,1,156.95304458848034,653.8594307297491,1
C07113,0.0,0.0,10.0,1,83.37014475198187,417.418772130095,1
C07114,0.0,0.0,0.0,1,225.54565476611808,214.3471658290839,1
C07115,0.0,0.0,2.0,1,28.206772782924542,206.5211458212582,1
C07116,0.0,0.0,0.0,1,263.7148512020264,405.4099898173329,1
C07117,0.0,0.0,0.0,1,364.70967124586474,337.21711775297825,1
C07118,0.0,1.0,0.0,1,174.3510681909682,90.83807156696486,1
C07119,0.0,0.0,1.0,1,21.623604643575202,166.6965086208588,1
C07120,0.0,0.0,0.0,1,257.9196024206615,415.11913558250126,1
C07121,0.0,0.0,2.0,1,62.24744199483037,348.1840062046095,1
C07122,0.0,0.0,0.0,1,186.25834251754688,371.02299182023563,1
C07123,0.0,0.0,4.0,1,18.406327573952414,483.0938434230277,1
C07124,0.0,0.0,0.0,1,237.94172075428665,317.31522878231175,1
C07125,0.0,0.0,1.0,1,96.21987483094416,304.9561399301691,1
C07126,0.0,0.0,2.0,1,132.01155608722675,329.7855129623471,1
C07127,0.0,0.0,24.0,1,83.96480716577294,356.66357267310474,1
C07128,0.0,0.0,4.0,1,48.17905672636314,427.963037201924,1
C07129,0.0,0.0,0.0,1,227.83759142093874,203.82571136476759,1
C07130,0.0,1.0,4.0,1,69.75763934367728,46.18331062058049,1
C07131,0.0,0.0,15.0,1,72.3536952015164,296.1771019954117,1
C07132,0.0,0.0,6.0,1,147.15991099062234,546.1765770453031,1
C07133,0.0,0.0,0.0,1,354.9998658466855,741.8093875422743,1
C07134,0.0,0.0,0.0,1,178.03281108017794,888.843054841856,1
C07135,0.0,0.0,6.0,1,14.522445211278432,751.4956087566839,1
C07136,0.0,0.0,1.0,1,152.50453296261185,637.0987550606762,1
C07137,0.0,0.0,34.0,1,14.331034177783259,609.9540945178975,1
C07138,0.0,0.0,8.0,1,71.4960158147389,594.5899410406234,1
C07139,0.0,0.0,39.0,1,5.273626140860922,361.1415914503114,1
C07140,0.0,0.0,34.0,1,39.07580744543652,179.74787944183151,1
C07141,0.0,0.0,35.0,1,32.796208299558785,243.30094790692195,1
C07142,0.0,0.0,48.0,1,18.454752018435922,459.43596108813495,1
C07143,0.0,0.0,32.0,1,46.73826479350169,513.2755499183896,1
C07144,0.0,0.0,34.0,1,36.0789243901789,489.95521748246045,1
C07145,0.0,0.0,36.0,1,69.91099089193648,278.2521069098893,1
C07146,0.0,2.0,16.0,1,28.048789988974573,54.42215150282133,1
C07147,0.0,0.0,38.0,1,28.89239926573626,231.2991702289475,1
C07148,0.0,0.0,38.0,1,15.446340008518957,233.40763472030235,1
C07149,0.0,1.0,63.0,1,25.405024478324368,60.26103571383663,1
C07150,0.0,0.0,48.0,1,21.73460120814654,278.8972228346537,1
C07151,0.0,0.0,56.0,1,4.567256097175882,482.9745332340668,1
C07152,0.0,0.0,28.0,1,19.914681181096793,250.0876180819978,1
C07153,0.0,0.0,15.0,1,11.159392465847032,129.7044088810773,1
C07154,0.0,0.0,14.0,1,13.003093993783265,287.9357753980348,1
C07155,0.0,0.0,16.0,1,46.87713320213279,515.7113358353428,1
C07156,0.0,0.0,26.0,1,44.793586264656916,757.6340495675204,1
C07157,0.0,0.0,46.0,1,44.17243373739492,622.4766302235729,1
C07158,0.0,0.0,35.0,1,39.557452180674396,513.3660798356103,1
C07159,0.0,0.0,44.0,1,19.527941877926448,364.32633411728483,1
C07160,0.0,1.0,20.0,1,40.358373347911424,114.37891531818683,1
C07161,0.0,0.0,28.0,1,20.372128982778772,135.7622731372397,1
C07162,0.0,0.0,26.0,1,43.258890618044134,385.72043418182557,1
C07163,0.0,0.0,7.0,1,103.70934929486016,437.90990282844734,1
C07164,0.0,0.0,42.0,1,53.490664533642544,339.52203631740105,1
C07165,0.0,0.0,10.0,1,67.02537965403278,404.7040193709583,1
C07166,0.0,0.0,18.0,1,60.57565206786862,580.7714468230195,1
C07167,0.0,0.0,6.0,1,113.02193816567177,797.3741929576087,1
C07168,0.0,0.0,26.0,1,16.247527936208687,1029.2306513822314,1
C07169,0.0,0.0,11.0,1,55.605270454001165,1268.000734973993,1
C07170,0.0,0.0,17.0,1,25.08364203070586,1510.409214102086,1
C07171,0.0,0.0,28.0,1,20.068714842923175,1754.9490374920792,1
C07172,0.0,0.0,17.0,1,52.22238481630372,1820.7244598144982,1
C07173,0.0,0.0,31.0,1,31.47474236038703,1792.9311420274355,1
C07174,0.0,0.0,39.0,1,35.96988039965214,1799.7684855382963,1
C07175,0.0,0.0,30.0,1,70.18683298490345,1758.4753573787132,1
C07176,0.0,0.0,18.0,1,85.09915145680097,1668.6318415976746,1
C07177,0.0,0.0,34.0,1,9.517100972483574,1476.5532561447799,1
C07178,0.0,0.0,8.0,1,109.60609967582947,1230.0733341509188,1
C07179,0.0,0.0,0.0,1,153.19565073483278,985.3686094789928,1
C07180,0.0,0.0,19.0,1,42.436825807036875,744.1923042493586,1
C07181,0.0,0.0,6.0,1,114.29333139766372,511.55945388720556,1
C07182,0.0,0.0,14.0,1,15.529350845190478,276.5671377787704,1
C07183,0.0,1.0,16.0,1,75.09011950578753,105.03825419697573,1
C07184,0.0,0.0,23.0,1,41.696554970801664,265.6627335370085,1
C07185,0.0,0.0,2.0,1,157.44064875326293,357.8176283779572,1
C07186,0.0,0.0,8.0,1,79.22019052935016,166.17684285266688,1
C07187,0.0,1.0,17.0,1,3.0484947466806527,159.1174176115721,1
C07188,0.0,0.0,18.0,1,48.585860232237195,168.73315038607385,1
C07189,0.0,1.0,34.0,1,14.88259442859982,153.41735012196628,1
C07190,0.0,0.0,28.0,1,33.586259476104004,174.62901182611574,1
C07191,0.0,0.0,18.0,1,24.171239439950444,253.80430267414414,1
C07192,0.0,0.0,24.0,1,22.847159886170004,287.56533954132215,1
C07193,0.0,0.0,20.0,1,89.16604240789952,475.36409725085804,1
C07194,0.0,0.0,21.0,1,30.95791514135105,703.0278980273333,1
C07195,0.0,0.0,16.0,1,81.69262982449105,942.0856786165141,1
C07196,0.0,0.0,6.0,1,110.33497494531231,1185.6654782458438,1
C07197,0.0,0.0,7.0,1,111.02508543597067,970.5679298411096,1
C07198,0.0,0.0,7.0,1,7.614358773985292,768.2717559612533,1
C07200,0.0,0.0,0.0,1,202.00656775568385,511.58602419461084,1
C07201,0.0,0.0,2.0,1,122.11929034409411,402.70909935457064,1
C07202,0.0,0.0,0.0,1,153.12806757137986,168.27323583453415,1
C07203,0.0,1.0,4.0,1,118.31867917441194,139.4888708588612,1
C07204,0.0,0.0,10.0,1,49.20331179967984,368.23689153686837,1
C07205,0.0,0.0,11.0,1,13.029817732522835,394.08563972460604,1
C07206,0.0,0.0,2.0,1,114.91087219367145,423.95570212153063,1
C07207,0.0,0.0,4.0,1,104.10812286845749,549.767200854106,1
C07208,0.0,0.0,23.0,1,33.89974332711217,689.0909838004401,1
C07209,0.0,0.0,7.0,1,109.94750363357738,442.2092591377059,1
C07210,0.0,0.0,8.0,1,80.4028555832481,203.10508063359475,1
C07211,0.0,1.0,19.0,1,28.819328324009092,109.33580699496105,1
C07212,0.0,0.0,20.0,1,57.88721175516,328.1112061531878,1
C07213,0.0,0.0,36.0,1,20.363282925015934,573.0267083787282,1
C07214,0.0,0.0,46.0,1,35.73132765252863,699.7696497804924,1
C07215,0.0,0.0,78.0,1,8.66131036915104,725.6792473212655,1
C07216,0.0,0.0,41.0,1,36.62756348718747,559.5276701232957,1
C07217,0.0,0.0,47.0,1,20.65971347425116,379.8755885876261,1
C07218,0.0,0.0,33.0,1,25.050704012841695,289.340709685281,1
C07219,0.0,1.0,26.0,1,25.54889205004118,63.05941786343291,1
C07220,0.0,0.0,0.0,1,159.30471182212756,221.8894636555959,1
C07221,0.0,0.0,0.0,1,389.2119202999693,468.50120382071697,1
C07222,0.0,0.0,0.0,1,634.5028341926048,717.4620699950304,1
C07233,0.0,0.0,0.0,1,980.7873031823073,2580.605317190982,1
C07234,0.0,0.0,0.0,1,933.3805324428565,2382.957621002728,1
C07235,0.0,0.0,0.0,1,951.5538358931657,2133.1182104298264,1
C07236,0.0,0.0,0.0,1,757.6147453891772,1883.3214212767052,1
C07237,0.0,0.0,0.0,1,604.3956993571982,1633.586805778032,1
C07238,0.0,0.0,0.0,1,530.6677118233647,1383.9480222119753,1
C07239,0.0,0.0,0.0,1,511.3371464570377,1134.4683355461284,1
C07240,0.0,0.0,0.0,1,428.533285583762,885.2822603718927,1
C07241,0.0,0.0,0.0,1,188.58801230389665,636.7346046050365,1
C07242,0.0,0.0,11.0,1,40.52166445418901,390.04773153281735,1
C07243,0.0,0.0,0.0,1,256.4413810277395,154.413435446082,1
C07244,0.0,1.0,0.0,1,225.0614793714483,143.35196273028814,1
C07245,0.0,0.0,0.0,1,345.546769932153,377.1684787876507,1
C07246,0.0,0.0,0.0,1,186.62740164507358,401.85137325306243,1
C07247,0.0,0.0,2.0,1,86.68972512330996,236.68691752133478,1
C07248,0.0,0.0,0.0,1,163.57659667716405,253.97411559894226,1
C07249,0.0,0.0,6.0,1,120.97857435486745,242.57512158907602,1
C07250,0.0,0.0,9.0,1,42.461054227546036,422.1167229969042,1
C07251,0.0,0.0,0.0,1,187.8300584482206,606.6651210080454,1
C07252,0.0,0.0,0.0,1,160.87856127202943,391.90938715593825,1
C07253,0.0,0.0,0.0,1,131.23798588165542,144.5761412020708,1
C07254,0.0,1.0,10.0,1,84.55990595699275,114.94152195277013,1
C07255,0.0,1.0,0.0,1,187.60225076136865,107.83663660842089,1
C07256,0.0,0.0,8.0,1,101.85382949095515,326.7673811213502,1
C07257,0.0,0.0,4.0,1,124.29882794492107,178.9470681012354,1
C07258,0.0,0.0,0.0,1,371.10248147683325,286.8225671022952,1
C07259,0.0,0.0,0.0,1,155.27180699721166,255.0392339522693,1
C07260,0.0,0.0,5.0,1,86.33231988233258,388.11465885931676,1
C07261,0.0,0.0,2.0,1,139.4950046916653,601.0166104094023,1
C07262,0.0,0.0,1.0,1,142.2899768531364,834.7508272260237,1
C07263,0.0,0.0,0.0,1,229.2028238173238,779.4023640685282,1
C07264,0.0,0.0,1.0,1,121.57626647517118,568.8736404816935,1
C07265,0.0,0.0,8.0,1,83.37088712790563,405.9142674927548,1
C07266,0.0,0.0,12.0,1,23.92461386637334,361.82256186349724,1
C07267,0.0,0.0,22.0,1,20.358990951426282,471.23745605877815,1
C07268,0.0,0.0,49.0,1,29.002322837926354,332.2751204499792,1
C07269,0.0,1.0,61.0,1,20.788318881336103,110.87293068472464,1
C07270,0.0,0.0,53.0,1,15.305163305363628,197.93649953253015,1
C07271,0.0,0.0,44.0,1,31.512160988187304,437.10972184997536,1
C07272,0.0,0.0,24.0,1,39.96142788295359,324.98292032855164,1
C07273,0.0,0.0,2.0,0,98.46041299869546,285.5188155564202,1
C07274,0.0,1.0,16.0,1,95.45218145232666,136.76239397202846,1
C07275,0.0,0.0,30.0,1,9.239513504972363,169.9929068750489,1
C07276,0.0,0.0,24.0,1,4.454927803198122,374.75310401010034,1
C07277,0.0,0.0,24.0,1,44.824350814585074,298.6518490012086,1
C07278,0.0,0.0,26.0,1,60.112120119330996,195.81929269461395,1
C07279,0.0,0.0,54.0,1,21.135443027573853,188.63739910854864,1
C07280,0.0,0.0,38.0,1,54.04972102602352,323.234665243872,1
C07281,0.0,0.0,38.0,1,35.56240325526583,158.10929915258234,1
C07282,0.0,1.0,20.0,1,16.815277917775735,129.14845205964545,1
C07283,0.0,0.0,18.0,1,61.17699211767696,309.7720769124697,1
C07284,0.0,0.0,28.0,1,14.071784530481198,547.9399206116739,1
C07285,0.0,0.0,32.0,1,8.685305982060843,573.6547495732401,1
C07286,0.0,0.0,25.0,1,27.623960509232756,448.0556673787932,1
C07287,0.0,0.0,22.0,1,58.88433739017986,277.16684112920746,1
C07288,0.0,0.0,22.0,1,44.62971415834225,279.08607018773057,1
C07289,0.0,0.0,38.0,1,11.318929370622891,271.0893381605178,1
C07290,0.0,0.0,8.0,1,38.953246008928694,252.56739635271362,1
C07291,0.0,0.0,16.0,1,89.14790595477609,406.09818742465075,1
C07292,0.0,0.0,18.0,1,16.962630632814637,291.68732210064024,1
C07293,0.0,1.0,43.0,1,2.206371200467237,92.69101371835913,1
C07294,0.0,0.0,2.0,1,125.05557113497645,238.95973337370344,1
C07296,0.0,0.0,20.0,1,66.69371912040222,727.4077360557972,1
C07297,0.0,0.0,17.0,1,39.34816292928002,976.0287621908049,1
C07298,0.0,0.0,38.0,1,22.60754510448264,1225.2111143691152,1
C07299,0.0,0.0,21.0,1,27.10308634026429,1474.6702698988354,1
C07300,0.0,0.0,40.0,1,8.11263843293688,1645.390676448639,1
C07301,0.0,0.0,10.0,1,37.304690911093275,1575.3967753011043,1
C07302,0.0,0.0,18.0,1,76.62424416830736,1543.1913430012903,1
C07303,0.0,0.0,57.0,1,38.81665725522459,1551.1299244741347,1
C07304,0.0,0.0,43.0,1,34.36630173771453,1522.8315418346706,1
C07305,0.0,0.0,25.0,1,44.1253316437677,1431.5808625928926,1
C07306,0.0,0.0,1.0,1,117.93685271191664,1366.2065753127029,1
C07307,0.0,0.0,6.0,1,98.86788771150782,1264.2701118397063,1
C07308,0.0,0.0,0.0,1,147.35791841180568,1016.3279829055139,1
C07309,0.0,0.0,10.0,1,38.30195650048887,769.7182744240891,1
C07310,0.0,0.0,18.0,1,50.08487521339397,526.3172761063469,1
C07311,0.0,0.0,14.0,1,35.44840048318995,279.80011194511354,1
C07312,0.0,1.0,15.0,1,39.18978629168991,50.90426450137363,1
C07313,0.0,0.0,21.0,1,41.75045364258606,166.44892320799386,1
C07314,0.0,0.0,18.0,1,26.165051097659774,341.4703799630897,1
C07315,0.0,1.0,5.0,1,58.98678641388653,127.21363258153957,1
C07316,0.0,1.0,6.0,1,64.88381168055612,96.75314885849313,1
C07317,0.0,0.0,8.0,1,74.33880068078076,194.8983260734418,1
C07318,0.0,0.0,27.0,1,23.515860741099978,182.01092367343426,1
C07319,0.0,0.0,6.0,1,71.94833250292747,200.21584550024104,1
C07320,0.0,1.0,15.0,1,83.02903810641872,89.27013274965621,1
C07321,0.0,0.0,32.0,1,28.789200170857153,162.00727468465288,1
C07322,0.0,0.0,35.0,1,22.056229679786068,411.73238578032203,1
C07323,0.0,0.0,28.0,1,7.8100655491273026,661.6651403466584,1
C07324,0.0,0.0,22.0,1,19.038238792581485,911.6347724826925,1
C07325,0.0,0.0,21.0,1,62.778010672716064,1161.617475268506,1
C07326,0.0,0.0,1.0,1,91.25143245170308,1121.277925623974,1
C07327,0.0,0.0,0.0,1,211.33123365477152,951.5795137892223,1
C07329,0.0,0.0,10.0,1,35.731175045008925,662.5395732045612,1
C07330,0.0,0.0,39.0,1,46.38907760562218,424.3818436942578,1
C07331,0.0,0.0,6.0,1,137.63436879915113,215.03770007278428,1
C07332,0.0,0.0,27.0,1,3.503878593756644,193.3454826155709,1
C07333,0.0,1.0,31.0,1,36.639015069795974,171.80878612490983,1
C07334,0.0,0.0,30.0,1,36.8677177172476,177.9566385283758,1
C07335,0.0,0.0,24.0,1,6.63102225050393,197.3092104343076,1
C07336,0.0,0.0,18.0,1,89.81031457438844,401.79156573503235,1
C07337,0.0,0.0,12.0,1,59.846218097617616,639.4857309349504,1
C07338,0.0,0.0,25.0,1,19.955309475943825,463.2699415309051,1
C07339,0.0,0.0,36.0,1,10.607897245211381,245.6047304880518,1
C07340,0.0,0.0,14.0,1,77.12837151571432,176.13724350678626,1
C07341,0.0,0.0,18.0,1,9.182398431514333,355.987322052667,1
C07342,0.0,0.0,45.0,1,22.550785922541422,589.4316061887839,1
C07343,0.0,0.0,20.0,1,79.45069088797618,831.9619718954948,1
C07344,0.0,0.0,40.0,1,24.56093882445299,594.6608834630755,1
C07345,0.0,0.0,32.0,1,27.507061319788843,374.275847419962,1
C07346,0.0,0.0,26.0,1,39.34459528730645,227.0313934300188,1
C07347,0.0,1.0,26.0,1,74.62695967186433,63.05078238325752,1
C07348,0.0,0.0,9.0,1,77.46068783590192,200.19627666397722,1
C07349,0.0,0.0,0.0,1,189.62353871943517,292.12496142954416,1
C07350,0.0,0.0,0.0,1,407.48366697163345,505.56447362359796,1
C07351,0.0,0.0,0.0,1,645.8721750807257,742.1953118218942,1
C07352,0.0,0.0,0.0,1,890.6507700767828,985.4503157392013,1
C07362,0.0,0.0,0.0,1,1220.7696443026384,2652.2970325493175,1
C07363,0.0,0.0,0.0,1,1183.0190229706698,2404.4512523738717,1
C07364,0.0,0.0,0.0,1,1111.14928649557,2157.102709936327,1
C07365,0.0,0.0,0.0,1,949.1927074361579,1910.444549676072,1
C07366,0.0,0.0,0.0,1,832.034166858761,1664.783665693346,1
C07367,0.0,0.0,0.0,1,780.1249347320731,1420.6375082095146,1
C07370,0.0,0.0,0.0,1,370.14782080727315,712.9724807093418,1
C07371,0.0,0.0,0.0,1,290.34320063833655,505.01092505132726,1
C07372,0.0,0.0,0.0,1,385.8057676186713,356.00886308287585,1
C07374,0.0,0.0,0.0,1,405.72714459540003,495.13115730914274,1
C07375,0.0,0.0,0.0,1,155.77850616895773,578.1467528795074,1
C07376,0.0,0.0,9.0,1,45.47457838500388,387.96738742421,1
C07377,0.0,0.0,0.0,1,243.21217672857662,140.92030345006077,1
C07378,0.0,1.0,54.0,1,6.771128516130044,119.15691395864256,1
C07379,0.0,0.0,4.0,1,111.01108459703515,365.4288006764621,1
C07380,0.0,0.0,4.0,1,111.06160962175778,614.7178593334731,1
C07381,0.0,0.0,2.0,1,60.38321051590884,445.8769717406959,1
C07382,0.0,0.0,0.0,1,182.61046102519504,257.1294747643517,1
C07383,0.0,0.0,2.0,1,149.0142549426864,176.44749424379117,1
C07384,0.0,1.0,12.0,1,32.77062137066726,130.24137483663745,1
C07385,0.0,0.0,19.0,1,54.7706605526027,247.47733412884142,1
C07386,0.0,2.0,0.0,1,162.57564030917226,28.826750283210327,1
C07387,0.0,0.0,0.0,1,350.8186393635133,236.93222020249462,1
C07388,0.0,0.0,1.0,1,140.40571870678656,481.02183816039565,1
C07389,0.0,0.0,13.0,1,19.142673681738255,581.8462864851568,1
C07390,0.0,0.0,8.0,1,101.35585586488098,741.0351399650968,1
C07391,0.0,0.0,2.0,1,128.08410720689582,940.5961174859347,1
C07392,0.0,0.0,0.0,1,207.83704447183175,700.956214017628,1
C07393,0.0,0.0,1.0,1,145.26978384253528,455.509371680991,1
C07394,0.0,0.0,17.0,1,54.34671188358869,220.5401582671415,1
C07395,0.0,1.0,7.0,1,94.22495270360923,121.60236481162859,1
C07396,0.0,0.0,3.0,1,48.466066011754094,325.4785843140298,1
C07397,0.0,0.0,47.0,1,41.86673254778344,464.1015646007162,1
C07398,0.0,0.0,38.0,1,18.120459336961286,342.4562940776594,1
C07399,0.0,0.0,48.0,1,33.08312028172105,379.68719288642836,1
C07400,0.0,0.0,48.0,1,11.656401967496574,423.92313759567406,1
C07401,0.0,0.0,38.0,1,22.507317057112278,174.9797763183739,1
C07402,0.0,1.0,22.0,1,42.99579539130171,80.77758136943386,1
C07403,0.0,0.0,12.0,1,7.908303526936193,192.76450318657425,1
C07404,0.0,0.0,22.0,1,46.09393365292402,217.60466371756723,1
C07405,0.0,0.0,24.0,1,39.396853127991534,427.2533506650407,1
C07406,0.0,0.0,28.0,1,24.741014004371106,325.9579885755857,1
C07407,0.0,0.0,30.0,1,40.793323440308185,176.20833702770594,1
C07408,0.0,1.0,46.0,1,7.076435347654217,131.9260325741983,1
C07409,0.0,0.0,42.0,1,48.668736764957046,299.61899709719154,1
C07410,0.0,1.0,34.0,1,23.65979335526514,101.43690198704644,1
C07411,0.0,0.0,10.0,1,81.52191011157853,236.2357863405383,1
C07412,0.0,0.0,30.0,1,17.219533980448762,469.90938341437476,1
C07413,0.0,0.0,22.0,1,13.200892072098327,377.7544638517444,1
C07414,0.0,0.0,16.0,1,12.110470941364772,325.4333202225198,1
C07415,0.0,0.0,21.0,1,31.387289833519418,372.8680825251966,1
C07416,0.0,1.0,23.0,1,25.19264968765172,122.87466670271932,1
C07417,0.0,0.0,8.0,1,124.78647410124499,127.1446438847973,1
C07418,0.0,0.0,52.0,1,34.33559534080365,173.01214374664957,1
C07419,0.0,1.0,24.0,1,33.04363377847968,77.8373304591658,1
C07420,0.0,0.0,18.0,1,16.47634060003956,327.3898259601349,1
C07421,0.0,0.0,45.0,1,23.399014390481987,321.55544584607037,1
C07422,0.0,0.0,26.0,1,22.86801203549168,164.03668767431108,1
C07426,0.0,0.0,14.0,1,57.52505836638276,985.3672186057019,1
C07427,0.0,0.0,24.0,1,21.447492003727575,1232.6632490881811,1
C07428,0.0,0.0,26.0,1,19.68967833177016,1480.8675888824519,1
C07429,0.0,0.0,22.0,1,70.46091644095004,1413.9122742258205,1
C07430,0.0,0.0,32.0,1,24.549549929164627,1331.80795938883,1
C07431,0.0,0.0,19.0,1,63.6335182944035,1293.552071691143,1
C07432,0.0,0.0,26.0,1,47.35529727097597,1303.0124648910526,1
C07433,0.0,0.0,16.0,1,86.40176239265315,1277.373235797133,1
C07434,0.0,0.0,0.0,1,160.25138012365144,1199.7980286243076,1
C07435,0.0,0.0,12.0,1,63.75917457415078,1120.9870426442174,1
C07436,0.0,0.0,17.0,1,5.626844404711772,1094.8555110432071,1
C07437,0.0,0.0,6.0,1,122.63263693656778,1046.9551497405337,1
C07438,0.0,0.0,30.0,1,51.034469335449494,803.3792548156512,1
C07439,0.0,0.0,13.0,1,47.66585157481538,565.4390935972491,1
C07440,0.0,0.0,3.0,1,77.68917645956401,344.99928995290185,1
C07441,0.0,0.0,12.0,1,65.21767446929977,202.27811726470472,1
C07442,0.0,2.0,21.0,1,17.254311947839767,61.496103139215414,1
C07443,0.0,0.0,16.0,1,41.22936078999722,302.7327281257585,1
C07444,0.0,0.0,0.0,1,192.38720328697923,291.45812515573607,1
C07445,0.0,1.0,20.0,1,33.18936434339998,125.32590616992611,1
C07446,0.0,0.0,6.0,1,102.69737474290497,170.4322748871334,1
C07447,0.0,0.0,12.0,1,35.844407644524274,409.13046560858027,1
C07448,0.0,0.0,14.0,1,68.07073667969888,417.9443477394893,1
C07449,0.0,0.0,35.0,1,28.753639119360287,276.6255395771944,1
C07450,0.0,0.0,35.0,1,36.3139179514588,307.8942831492349,1
C07451,0.0,0.0,42.0,1,33.70411192208232,487.9304151675612,1
C07452,0.0,0.0,10.0,1,6.680837188987883,711.5850549970789,1
C07457,0.0,0.0,0.0,1,210.0940146636055,982.722114038956,1
C07458,0.0,0.0,4.0,1,83.68686798413972,762.8132252500936,1
C07459,0.0,0.0,10.0,1,101.3124176680927,568.3531294993504,1
C07460,0.0,0.0,2.0,1,138.9069557606334,434.9328028637995,1
C07461,0.0,0.0,13.0,1,75.01773605565928,392.08803417380386,1
C07462,0.0,0.0,2.0,1,132.1338624594894,175.7365435783975,1
C07463,0.0,0.0,6.0,1,60.3972789872551,160.0558462208139,1
C07464,0.0,1.0,0.0,1,174.51619470347592,152.06384081384942,1
C07465,0.0,0.0,26.0,1,70.8357314634103,381.61361277692737,1
C07466,0.0,0.0,2.0,1,30.8268928231027,627.0043757664356,1
C07467,0.0,0.0,7.0,1,106.05828480802748,598.9065441160063,1
C07468,0.0,0.0,20.0,1,86.57828535426262,452.09699567353704,1
C07469,0.0,0.0,23.0,1,54.52033461223907,418.44275404061966,1
C07470,0.0,0.0,6.0,1,45.61338293596518,520.3815747325791,1
C07471,0.0,0.0,41.0,1,1.428820890001896,701.0703447110135,1
C07472,0.0,0.0,14.0,1,1.9065405866085963,802.6032139286307,1
C07473,0.0,0.0,67.0,1,15.532782499499481,552.840630425634,1
C07474,0.0,0.0,49.0,1,3.8112561140576324,303.46928393209384,1
C07475,0.0,1.0,34.0,1,34.012590779977955,59.619207736291195,1
C07476,0.0,0.0,0.0,1,143.13411573684604,194.6222014007652,1
C07477,0.0,0.0,3.0,1,117.78133258547689,192.96502691077214,1
C07478,0.0,0.0,0.0,1,322.7746921206364,263.47892352152724,1
C07480,0.0,0.0,0.0,1,743.9107601653682,713.2968710143333,1
C07481,0.0,0.0,0.0,1,965.8239043342351,957.0674311291897,1
C07491,0.0,0.0,0.0,1,1464.1083685362769,2694.917132384077,1
C07492,0.0,0.0,0.0,1,1432.783584173704,2451.3842266339198,1
C07493,0.0,0.0,0.0,1,1298.706830003789,2209.296472355384,1
C07495,0.0,0.0,0.0,1,1069.704420968348,1731.8785913298527,1
C07496,0.0,0.0,0.0,1,1027.061034215279,1498.7026827489965,1
C07500,0.0,0.0,0.0,1,540.3298465046039,694.9351307629352,1
C07501,0.0,0.0,0.0,1,597.0789388302084,595.5175162334542,1
C07504,0.0,0.0,0.0,1,245.01969000536695,627.0429233543434,1
C07505,0.0,0.0,4.0,1,66.7056647803361,383.738681850786,1
C07506,0.0,1.0,0.0,1,232.75730849006558,162.25881846111307,1
C07507,0.0,0.0,3.0,1,124.53020137464449,174.35731240247466,1
C07508,0.0,0.0,4.0,1,78.29661104256067,399.3407324679413,1
C07509,0.0,0.0,0.0,1,189.08236404347542,643.0750880168268,1
C07510,0.0,0.0,0.0,1,170.00052091131633,607.4698182760717,1
C07511,0.0,0.0,5.0,1,88.12378778214284,443.11430309813204,1
C07512,0.0,0.0,4.0,1,37.90112091207556,202.4333951438922,1
C07513,0.0,1.0,3.0,1,75.1047410833124,102.99647240960812,1
C07514,0.0,1.0,0.0,1,216.48175523067738,102.28592235775777,1
C07515,0.0,0.0,0.0,1,195.8437137232606,179.21564997300686,1
C07516,0.0,0.0,2.0,1,119.00335779486912,337.1280150853647,1
C07517,0.0,0.0,1.0,1,161.00315676035424,550.6734505855264,1
C07518,0.0,0.0,4.0,1,36.45777875774394,786.0198469530795,1
C07519,0.0,0.0,4.0,1,100.69234962592586,928.4638880097459,1
C07520,0.0,0.0,0.0,1,297.8855619784546,953.4474338446552,1
C07521,0.0,0.0,0.0,1,398.57062067309624,707.2560942291292,1
C07522,0.0,0.0,0.0,1,237.9395091350554,465.1455218998968,1
C07523,0.0,0.0,5.0,1,33.6714009579218,239.8114473139511,1
C07524,0.0,0.0,17.0,1,43.6611017116843,153.81386147579985,1
C07525,0.0,0.0,8.0,1,100.97368107166322,338.83311187276416,1
C07526,0.0,0.0,65.0,1,23.432332086925346,575.2886679056573,1
C07527,0.0,0.0,68.0,1,25.290745269503837,589.2875528536038,1
C07528,0.0,0.0,36.0,1,33.46999953825185,446.384397092906,1
C07529,0.0,0.0,14.0,1,59.0931905793944,278.6338080619024,1
C07530,0.0,0.0,24.0,1,24.363828305478602,283.9400389793285,1
C07531,1.0,0.0,26.0,1,45.193670775115194,237.75836739650182,1
C07532,0.0,0.0,8.0,1,87.45905314570658,396.78222843080727,1
C07533,0.0,0.0,6.0,1,124.89801399028836,323.13523996943746,1
C07534,0.0,0.0,9.0,1,117.85931188428245,184.29295433035952,1
C07535,0.0,0.0,2.0,1,118.83548915895867,145.2581012038008,1
C07536,0.0,1.0,28.0,1,66.07211167990297,120.79965513203506,1
C07537,0.0,0.0,38.0,1,35.79979548093492,352.4555118012754,1
C07538,0.0,0.0,39.0,1,37.017312448006216,421.3772816785114,1
C07539,0.0,0.0,16.0,1,90.62897586255393,336.88699466688445,1
C07540,0.0,0.0,18.0,1,39.95281605212537,320.5818174752505,1
C07541,0.0,0.0,20.0,1,16.540801874751846,424.41191501345844,1
C07542,0.0,0.0,34.0,1,46.03071683592433,211.01068494992188,1
C07543,0.0,1.0,8.0,1,61.4175845315259,87.94270927239775,1
C07544,0.0,0.0,25.0,1,46.94088051014722,291.97397465388053,1
C07545,0.0,0.0,13.0,1,87.38094708065512,279.95519215236106,1
C07546,0.0,0.0,13.0,1,7.5610341795956035,281.8554352223014,1
C07547,0.0,0.0,9.0,1,79.17991882919934,311.7716507260273,1
C07548,0.0,0.0,14.0,1,2.029844191240689,270.7896052761812,1
C07549,0.0,0.0,2.0,1,97.92290435854511,417.67506324274143,1
C07550,0.0,0.0,22.0,1,10.555100780995662,496.70344837970225,1
C07551,0.0,0.0,8.0,1,83.20552813912458,412.58265327347675,1
C07556,0.0,0.0,24.0,1,57.63292465266422,1274.7793893712203,1
C07557,0.0,0.0,35.0,1,62.443690783677674,1329.0676577148904,1
C07558,0.0,0.0,27.0,1,80.35936733572781,1189.9518310708015,1
C07559,0.0,0.0,30.0,1,15.18892137306797,1091.1232202431408,1
C07560,0.0,0.0,38.0,1,31.537234987139943,1044.0854386681053,1
C07561,0.0,0.0,38.0,1,18.634163131634267,1055.7835596010095,1
C07562,0.0,0.0,0.0,1,229.7029280266053,1034.0932560727367,1
C07563,0.0,0.0,0.0,1,298.91778370959463,977.0398419917886,1
C07564,0.0,0.0,0.0,1,142.5866291510812,878.4665577725729,1
C07565,0.0,0.0,11.0,1,37.69708571720753,844.8669323687884,1
C07566,0.0,0.0,15.0,1,34.63535173065651,883.6836389204569,1
C07567,0.0,0.0,28.0,1,48.74744648928056,856.556694686471,1
C07568,0.0,0.0,14.0,1,52.95619524828607,696.748000349902,1
C07569,0.0,0.0,16.0,1,42.73448390841298,498.1683777354762,1
C07570,0.0,0.0,24.0,1,60.853718040421285,261.10040441843034,1
C07571,0.0,1.0,38.0,1,51.66513945413963,105.80833824912801,1
C07572,0.0,0.0,26.0,1,59.11687481251401,281.4558361423971,1
C07573,0.0,0.0,8.0,1,69.02548173025035,388.5966121085544,1
C07574,0.0,0.0,6.0,1,29.576599181072893,198.36306235823375,1
C07575,0.0,0.0,4.0,1,121.58087149197573,229.539717857339,1
C07576,0.0,0.0,14.0,1,61.29881553694111,437.06871272137187,1
C07577,0.0,0.0,17.0,1,46.01668312807266,613.8379437946136,1
C07578,0.0,0.0,31.0,1,7.965023260011347,519.6866572191426,1
C07579,0.0,0.0,28.0,1,35.91189931470717,536.9836330291771,1
C07580,0.0,0.0,3.0,1,98.14272925741035,656.9844918952207,1
C07583,0.0,0.0,1.0,1,169.14715164148362,1269.4330324753817,1
C07584,0.0,0.0,15.0,1,35.982153903293984,1501.5783111077658,1
C07585,0.0,0.0,0.0,1,164.3470449503677,1320.0480373002747,1
C07586,0.0,0.0,0.0,1,172.9351155395548,1110.70611953638,1
C07589,0.0,0.0,2.0,1,114.86415779179416,676.0856998645428,1
C07590,0.0,0.0,0.0,1,160.11503393375037,529.2429501669767,1
C07591,0.0,0.0,0.0,1,346.0868778289384,396.5455919664837,1
C07592,0.0,0.0,0.0,1,198.60614851807128,367.1653048291882,1
C07593,0.0,0.0,0.0,1,261.2978386787683,363.75252417531016,1
C07594,0.0,0.0,0.0,1,155.58211147501638,504.7984118611196,1
C07595,0.0,0.0,3.0,1,69.44998286178486,708.7502905756776,1
C07596,0.0,0.0,1.0,1,140.2679888056193,792.3124752544967,1
C07597,0.0,0.0,35.0,1,31.7903084426855,688.0855349126064,1
C07598,0.0,0.0,20.0,1,50.597396509300374,666.4565614261953,1
C07599,0.0,0.0,35.0,1,27.230658561026882,734.7564175834658,1
C07600,0.0,0.0,17.0,1,45.100847670741736,872.106437364241,1
C07601,0.0,0.0,24.0,1,45.949770577261475,849.2250086619531,1
C07602,0.0,0.0,29.0,1,66.00144151522787,618.5822168295332,1
C07603,0.0,0.0,19.0,1,28.143204642706614,411.22354336611716,1
C07604,0.0,0.0,10.0,1,45.71960097392074,283.8408819381558,1
C07605,0.0,0.0,0.0,1,128.1063408931121,317.7316170792866,1
C07606,0.0,1.0,8.0,1,66.81510032125257,90.21652853666123,1
C07607,0.0,0.0,0.0,1,289.2193138688094,200.8100185513512,1
C07620,0.0,0.0,0.0,1,1709.3706751857903,2759.6153992838417,1
C07621,0.0,0.0,0.0,1,1649.943048940477,2522.336898222932,1
C07622,0.0,0.0,0.0,1,1504.5351852706424,2287.769591613029,1
C07623,0.0,0.0,0.0,1,1389.2228700563978,2056.841262830365,1
C07625,0.0,0.0,0.0,1,1239.3924987556586,1612.1440794253906,1
C07633,0.0,0.0,0.0,1,255.47846386113991,715.520591701392,1
C07634,0.0,0.0,0.0,1,130.35720112333365,515.7928512189054,1
C07635,0.0,0.0,0.0,1,255.70866472525228,380.9393830891545,1
C07636,0.0,0.0,0.0,1,286.02367885067287,386.2477984508951,1
C07637,0.0,0.0,0.0,1,284.01188005510613,527.5034692094271,1
C07638,0.0,0.0,0.0,1,406.7902836327054,729.6111692180971,1
C07639,0.0,0.0,0.0,1,166.38797946327483,698.3664338486453,1
C07640,0.0,0.0,10.0,1,86.89151584981543,452.45361456400605,1
C07641,0.0,0.0,9.0,1,102.43653431922557,216.13160513352494,1
C07642,0.0,1.0,0.0,1,136.41342162232834,117.09597833894125,1
C07643,0.0,0.0,0.0,1,316.90558713908484,205.38559994147005,1
C07644,0.0,0.0,0.0,1,217.64303481965516,252.66397437305469,1
C07645,0.0,0.0,0.0,1,166.8671885300373,458.7972572157093,1
C07646,0.0,0.0,0.0,1,357.6539472070887,690.2750289405703,1
C07647,0.0,0.0,0.0,1,281.31156444998663,889.4186675594782,1
C07648,0.0,0.0,0.0,1,346.90416097410224,1109.3473382253414,1
C07649,0.0,0.0,0.0,1,446.0261827103605,1021.2411948013429,1
C07650,0.0,0.0,0.0,1,384.09865760787426,796.2931317539785,1
C07651,0.0,0.0,0.0,1,234.07576017399626,591.8039585858171,1
C07652,0.0,0.0,4.0,1,79.05749396472697,437.4712551895588,1
C07653,0.0,0.0,24.0,1,40.361085727010796,396.90083501601845,1
C07654,0.0,0.0,82.0,1,63.443502590215864,498.67769807331194,1
C07655,0.0,0.0,38.0,1,29.006880436248732,641.9462826053335,1
C07656,0.0,0.0,14.0,1,74.70194005424257,491.72507262579313,1
C07657,0.0,0.0,12.0,1,23.962012810734187,368.251641587148,1
C07658,0.0,1.0,12.0,1,34.82115098856877,118.2668193480709,1
C07659,0.0,1.0,0.0,1,205.53185465289897,107.93728385838942,1
C07660,7.0,0.0,2.0,1,134.51831808789402,221.64175594825917,1
C07661,0.0,0.0,22.0,1,17.074846508119702,314.9831252056286,1
C07662,7.0,1.0,8.0,1,75.24009878135902,112.1168401319723,1
C07663,0.0,3.0,0.0,1,215.67716319385644,68.27311282320173,1
C07664,0.0,0.0,6.0,1,71.01637127527636,195.1401529457736,1
C07665,0.0,0.0,12.0,1,34.549794041880226,233.33208593999788,1
C07666,0.0,0.0,37.0,1,11.995677825910624,364.95931203874,1
C07667,0.0,0.0,10.0,1,88.21273247957036,181.1221516015788,1
C07668,0.0,0.0,12.0,1,64.79208118241802,155.87080488762186,1
C07669,0.0,1.0,14.0,1,14.335713944185954,116.5142151686415,1
C07670,0.0,0.0,0.0,1,137.27448473608143,229.70509166215604,1
C07671,0.0,0.0,22.0,1,13.869583064248777,143.10716754495078,1
C07672,0.0,2.0,8.0,1,90.39343603988938,84.47765645260004,1
C07673,0.0,0.0,18.0,1,69.1258702985307,166.39514956055086,1
C07674,0.0,0.0,16.0,1,37.92465597171571,226.5553268090595,1
C07675,0.0,1.0,35.0,1,5.609564076783975,100.2099302295973,1
C07676,0.0,0.0,27.0,1,11.35655780627192,306.1972307642278,1
C07677,0.0,0.0,12.0,1,45.836693949991876,515.3594576974897,1
C07678,0.0,0.0,17.0,1,10.620360001768626,605.5747837942467,1
C07679,0.0,0.0,28.0,1,31.913620692755305,717.6564125758997,1
C07680,0.0,0.0,9.0,1,111.9392742779512,662.2241740235737,1
C07684,0.0,0.0,4.0,1,102.79040611154565,929.0153330798818,1
C07685,0.0,0.0,29.0,1,26.225270915191782,1078.7926348425701,1
C07686,0.0,0.0,36.0,1,25.651157653023894,1143.7911871692609,1
C07687,0.0,0.0,44.0,1,21.865707427120892,978.6842194145543,1
C07688,0.0,0.0,23.0,1,32.85203515848182,855.7963091858271,1
C07689,0.0,0.0,27.0,1,76.54453896100233,794.953988795007,1
C07690,0.0,0.0,12.0,1,11.020818432295691,810.256975154241,1
C07691,0.0,0.0,2.0,1,132.4249630870156,794.9939251210615,1
C07692,0.0,0.0,5.0,1,90.94812725181495,749.8092542834338,1
C07693,0.0,0.0,38.0,1,13.135292539063336,641.7125808906642,1
C07694,0.0,0.0,21.0,1,67.51375834587375,594.8879531128623,1
C07695,0.0,0.0,16.0,1,22.080711725408843,648.8361249531848,1
C07696,0.0,0.0,19.0,1,94.5351871648551,618.31380641073,1
C07697,0.0,0.0,17.0,1,28.152154493152192,578.5201102554257,1
C07698,0.0,0.0,19.0,1,58.595372269443054,509.93748861710395,1
C07699,0.0,0.0,32.0,1,26.06215538643614,279.38902189007536,1
C07700,0.0,0.0,35.0,1,26.64718413788573,145.19025038984893,1
C07701,0.0,0.0,30.0,1,63.71269353111612,298.4999029544918,1
C07702,0.0,0.0,26.0,1,69.16761709292919,531.1536268533004,1
C07703,0.0,0.0,18.0,1,49.2670237419278,433.57724370515564,1
C07704,0.0,0.0,45.0,1,14.583765471917566,448.69789817298033,1
C07705,0.0,0.0,21.0,1,57.476542046050305,582.8124753218144,1
C07706,0.0,0.0,32.0,1,36.185304178670236,776.537802657817,1
C07707,0.0,0.0,47.0,1,23.812150812967527,767.2201471786565,1
C07708,0.0,0.0,50.0,1,22.687835646274824,779.0404063246312,1
C07709,0.0,0.0,26.0,1,35.71466294325943,866.1299874360972,1
C07710,0.0,0.0,32.0,1,22.87819237645148,1009.186977514901,1
C07711,0.0,0.0,17.0,1,73.74171508925947,1188.1647848826647,1
C07712,0.0,0.0,31.0,1,39.36433597195053,1389.248990096763,1
C07713,0.0,0.0,68.0,1,12.01736278028941,1604.1477353830237,1
C07714,0.0,0.0,20.0,1,45.266770228206774,1461.3186344307921,1
C07715,0.0,0.0,12.0,1,34.10150376870688,1275.3797138616917,1
C07716,0.0,0.0,3.0,1,127.61347224518752,1114.7801028566962,1
C07717,0.0,0.0,3.0,0,128.54363314373234,991.9052076284514,1
C07718,0.0,0.0,0.0,1,203.44720791764902,882.7869889469418,1
C07719,0.0,0.0,6.0,1,106.4736242222715,729.0152083877346,1
C07720,0.0,0.0,0.0,1,160.10748477280336,639.2288168310437,1
C07723,0.0,0.0,0.0,1,326.2557654571428,699.2953051310715,1
C07724,0.0,0.0,10.0,1,87.36857730144125,858.2071204272063,1
C07725,0.0,0.0,24.0,1,96.07324811514636,1010.8556119955198,1
C07726,0.0,0.0,14.0,1,42.141275676656456,931.4138249000265,1
C07727,0.0,0.0,9.0,1,12.91317622247674,915.5513956774669,1
C07728,0.0,0.0,7.0,1,51.82656757563861,966.4041613315921,1
C07729,0.0,0.0,0.0,1,198.23543904692207,1074.541598985855,1
C07730,0.0,0.0,0.0,1,267.60923228370297,960.8300118466436,1
C07731,0.0,0.0,0.0,1,142.1394303195224,764.6274617786538,1
C07732,0.0,0.0,34.0,1,23.613137693654178,609.192907827161,1
C07733,0.0,0.0,10.0,1,76.56495454481428,531.5795731475741,1
C07734,0.0,0.0,13.0,1,15.366087388004047,443.68558789118856,1
C07735,0.0,0.0,0.0,1,151.37458385214651,322.55626242833574,1
C07736,0.0,0.0,0.0,1,327.5874207567318,369.09102395090184,1
C07749,0.0,0.0,0.0,1,1955.8330438849562,2844.8859297890695,1
C07750,0.0,0.0,0.0,1,1850.4860869960285,2615.355086729942,1
C07751,0.0,0.0,0.0,1,1722.0954727123121,2389.9348329727627,1
C07752,0.0,0.0,0.0,1,1622.3214466025563,2169.906629795142,1
C07763,0.0,0.0,0.0,1,378.3211107630584,714.0232172615097,1
C07766,0.0,0.0,0.0,1,520.7984041291716,722.5280613567407,1
C07767,0.0,0.0,0.0,1,444.77994709387207,880.976360447741,1
C07768,0.0,0.0,0.0,1,241.72892838088873,706.8535700191154,1
C07769,0.0,0.0,10.0,1,97.26182968071589,465.44663158554306,1
C07770,0.0,0.0,0.0,1,159.45178754585982,242.1552482600534,1
C07771,0.0,0.0,0.0,1,356.35798082295383,160.11796172025154,1
C07774,0.0,0.0,0.0,1,402.31627982037986,605.9832984327192,1
C07776,0.0,0.0,0.0,1,530.9832605220709,1017.6086853721022,1
C07777,0.0,0.0,0.0,1,578.3981045309878,1236.4828681493266,1
C07778,0.0,0.0,0.0,1,442.74024246136565,1140.96675973211,1
C07779,0.0,0.0,0.0,1,203.6565991533516,944.9626027165706,1
C07780,0.0,0.0,1.0,1,109.23872235919391,780.4508275683738,1
C07781,0.0,0.0,0.0,1,148.42029508392048,671.0086944082351,1
C07782,0.0,0.0,8.0,1,114.27237180103685,645.2920592187145,1
C07783,0.0,0.0,25.0,1,57.59140506410058,712.4261473374019,1
C07784,0.0,0.0,16.0,1,36.04176835615896,503.61313761552526,1
C07785,0.0,0.0,3.0,1,64.12175107724484,288.66019759743256,1
C07786,0.0,0.0,8.0,1,115.03390507910409,194.99545372911564,1
C07787,0.0,0.0,0.0,1,132.53062277285716,274.47637807713323,1
C07788,0.0,0.0,0.0,1,345.81802226777177,162.27977534788909,1
C07789,0.0,1.0,2.0,1,166.41591167902254,38.57045193493722,1
C07790,1.0,1.0,6.0,1,77.19366159358228,90.16787034772751,1
C07791,0.0,0.0,4.0,1,142.68093152558203,170.8783987396788,1
C07792,0.0,0.0,2.0,1,88.40342353844983,173.15837493900173,1
C07793,0.0,0.0,2.0,1,90.00971221964537,228.54826660637244,1
C07794,0.0,0.0,7.0,1,85.91041291616575,393.15353779622944,1
C07795,0.0,0.0,5.0,1,75.38490609966816,216.2382665196839,1
C07796,0.0,1.0,8.0,1,78.59703451052748,114.24383609980472,1
C07797,0.0,0.0,16.0,1,45.708035760875646,194.0659383915528,1
C07798,0.0,0.0,22.0,1,33.0109280852521,222.21256259940424,1
C07799,0.0,0.0,32.0,1,35.226970036757756,224.5069813294187,1
C07800,0.0,1.0,56.0,1,15.40815542638906,134.60541197465673,1
C07801,0.0,0.0,34.0,1,50.66425437035955,190.41403236233307,1
C07802,0.0,0.0,40.0,1,18.03610124725773,308.4248526292447,1
C07803,0.0,0.0,44.0,1,29.933911954586744,261.60123936463026,1
C07804,0.0,0.0,55.0,1,29.03176204374436,164.7723352027627,1
C07805,0.0,0.0,28.0,1,63.07853831175995,332.9634160973734,1
C07806,0.0,0.0,23.0,1,22.142010610662354,565.313497512923,1
C07807,0.0,0.0,23.0,1,49.74124856463247,808.2660851980334,1
C07808,0.0,0.0,25.0,1,18.251487669332523,947.72371873726,1
C07809,0.0,0.0,22.0,1,25.124135034040528,757.5647212946444,1
C07810,0.0,0.0,22.0,1,13.810064761187077,612.0689232784846,1
C07811,0.0,0.0,14.0,1,29.592228120846837,548.0441831972443,1
C07812,0.0,0.0,10.0,1,21.26308592700687,592.5170770782778,1
C07813,0.0,0.0,14.0,1,31.90264358241616,725.8102689563141,1
C07814,0.0,0.0,11.0,1,35.20445895995273,909.6837947416059,1
C07815,0.0,0.0,19.0,1,4.765805288500148,987.4693518830794,1
C07816,0.0,0.0,21.0,1,45.286735708811406,790.3545042532479,1
C07817,0.0,0.0,26.0,1,34.33839154372183,631.8423568251859,1
C07818,0.0,0.0,20.0,1,80.52541892886669,546.6162139594963,1
C07819,0.0,0.0,12.0,1,34.557126460170274,568.642072703403,1
C07820,0.0,0.0,5.0,1,80.1481136641194,565.4041206992296,1
C07821,0.0,0.0,26.0,1,18.577350969240324,499.8803822249441,1
C07822,0.0,0.0,28.0,1,27.74819927307431,420.57886278547284,1
C07823,0.0,0.0,35.0,1,32.99758412708181,344.93944411646424,1
C07824,0.0,0.0,26.0,1,20.08180759754256,431.3697490469506,1
C07825,0.0,0.0,23.0,1,35.138806629066345,394.8854962948615,1
C07826,0.0,0.0,30.0,1,17.50891529216363,329.1019750105784,1
C07827,0.0,0.0,34.0,1,27.301962718985024,426.532424997625,1
C07828,0.0,0.0,28.0,1,19.76213258144969,404.46693825416486,1
C07829,0.0,0.0,16.0,1,27.491593679443053,312.21840450220606,1
C07830,0.0,0.0,18.0,1,49.32134208299427,230.1044533534841,1
C07831,0.0,0.0,18.0,1,26.96854684935625,365.2612582745511,1
C07832,0.0,0.0,34.0,1,35.19504496950185,582.1370235086503,1
C07833,0.0,0.0,34.0,1,27.2804799133443,689.1814895770733,1
C07834,0.0,0.0,79.0,1,10.481274255356162,783.1421985447879,1
C07835,0.0,0.0,37.0,1,61.25081403794913,936.2971113420431,1
C07836,0.0,0.0,51.0,1,4.2457815633895,1015.9622467306903,1
C07837,0.0,0.0,36.0,1,17.9542169337166,1024.9177953532076,1
C07838,0.0,0.0,25.0,1,25.92026428751579,1092.5812041588883,1
C07839,0.0,0.0,42.0,1,18.01793240741436,1209.1364224647664,1
C07840,0.0,0.0,11.0,1,37.327886734057714,1362.0896037267523,1
C07841,0.0,0.0,0.0,1,147.7773982928142,1540.637948718033,1
C07842,0.0,0.0,10.0,1,104.53047461436435,1706.164482613328,1
C07843,0.0,0.0,33.0,1,23.935548606420884,1540.3542153246228,1
C07844,0.0,0.0,17.0,1,82.87328860251641,1399.780331196815,1
C07845,0.0,0.0,37.0,1,14.67223031786702,1292.7021476514208,1
C07846,0.0,0.0,3.0,1,53.66753906861865,1225.4800167586616,1
C07847,0.0,0.0,2.0,1,152.5987011432123,1075.024623724115,1
C07848,0.0,0.0,8.0,1,121.42266678153399,952.800214011195,1
C07849,0.0,0.0,16.0,1,7.037096718754048,885.9901545877262,1
C07850,0.0,0.0,1.0,1,137.1169700588,853.3436209359102,1
C07851,0.0,0.0,0.0,1,231.3581567720955,851.8807857708784,1
C07852,0.0,0.0,0.0,1,386.00047761333957,920.9812218168231,1
C07853,0.0,0.0,0.0,1,183.00430902158683,1046.7626037993557,1
C07854,0.0,0.0,28.0,1,14.681835904915507,1211.7002461361499,1
C07855,0.0,0.0,12.0,1,46.729827120402845,1177.5405398854966,1
C07856,0.0,0.0,0.0,1,207.66715948405349,1165.0340630152782,1
C07857,0.0,0.0,0.0,1,159.41149440132006,1205.4074053605061,1
C07859,0.0,0.0,0.0,1,320.98667944521344,1118.1258909414219,1
C07860,0.0,0.0,2.0,1,101.34835997916032,954.8122075227116,1
C07861,0.0,0.0,1.0,1,115.93523860995178,835.5400620408569,1
C07862,0.0,0.0,0.0,1,161.0600766953997,780.761191989,1
C07863,0.0,0.0,28.0,1,42.002847616843574,646.3438878127346,1
C07864,0.0,0.0,10.0,1,68.1613155138858,570.0404045699468,1
C07865,0.0,0.0,0.0,1,271.0328922184225,597.6049735164997,1
C07898,0.0,0.0,0.0,1,324.1474838536801,594.6148840860128,1
C07899,0.0,0.0,0.0,1,363.25537784937876,442.227834698566,1
C07900,0.0,0.0,0.0,1,512.187069721019,403.19233026899474,1
C07908,0.0,0.0,0.0,1,245.8052928259415,1129.9672072176215,1
C07909,0.0,0.0,0.0,1,175.71946410459762,996.4813410729153,1
C07910,0.0,0.0,0.0,1,138.039021187835,913.3040221228418,1
C07911,0.0,0.0,18.0,1,15.205572964052866,894.5800190843997,1
C07912,0.0,0.0,2.0,1,167.85639999062678,717.9546209260487,1
C07913,0.0,0.0,0.0,1,245.28047985230836,469.20928700005635,1
C07914,0.0,0.0,0.0,1,140.56235899544376,223.28428584460684,1
C07915,0.0,1.0,0.0,1,225.87904651998443,67.4862178757334,1
C07916,0.0,0.0,2.0,1,53.42877969141408,290.2635128658196,1
C07917,0.0,0.0,0.0,1,282.2904981430477,268.6790909108618,1
C07918,4.0,2.0,0.0,1,158.1127003348923,57.20827545682285,1
C07919,0.0,0.0,7.0,1,16.193918842989955,134.72434760249595,1
C07920,0.0,0.0,12.0,1,8.990237759826996,328.0725084268783,1
C07921,0.0,0.0,0.0,1,226.0835990368166,411.2644571180367,1
C07922,0.0,0.0,0.0,1,255.42105555888566,437.4802178908837,1
C07923,0.0,0.0,11.0,1,37.99394838778226,344.8232602901141,1
C07924,0.0,1.0,12.0,1,70.06135314665873,105.32029463902192,1
C07925,0.0,0.0,2.0,1,122.10605486903047,168.1714841719517,1
C07926,0.0,0.0,21.0,1,44.08463184178365,377.1352333021394,1
C07927,0.0,1.0,40.0,1,12.143169862420882,133.48492195105393,1
C07928,0.0,0.0,54.0,1,28.549224393931322,135.666740871515,1
C07929,0.0,2.0,58.0,1,12.27694945666067,27.66122453749226,1
C07930,0.0,0.0,54.0,1,5.230463387482359,223.21482161295464,1
C07931,0.0,0.0,30.0,1,4.538059601076153,273.19424759684983,1
C07932,0.0,0.0,18.0,1,69.89802863170087,288.09768729503895,1
C07933,0.0,0.0,30.0,1,23.120433422142185,411.4095462914326,1
C07934,0.0,0.0,25.0,1,16.07145084483045,502.96374500632095,1
C07935,0.0,0.0,37.0,1,42.37102661762729,679.4757117085528,1
C07936,0.0,0.0,42.0,1,62.2111280843936,891.8531027096925,1
C07937,0.0,0.0,20.0,1,55.56955818846873,828.8011248074499,1
C07938,0.0,0.0,14.0,1,49.45756204692224,602.1921324420848,1
C07939,0.0,0.0,38.0,1,15.600786152809297,404.17746630434084,1
C07940,0.0,0.0,15.0,1,36.05819502143609,298.46856477901946,1
C07941,0.0,0.0,24.0,1,53.8312437018023,373.90847015586434,1
C07942,0.0,0.0,30.0,1,10.89799605971859,561.7219988102211,1
C07943,0.0,0.0,22.0,1,43.33209268367144,785.019530865571,1
C07944,0.0,0.0,11.0,1,64.88980280429703,875.7472020912833,1
C07945,0.0,0.0,6.0,1,90.27160579809974,645.3663172615372,1
C07946,0.0,0.0,14.0,1,43.683127905502324,437.10662879980157,1
C07947,0.0,0.0,19.0,1,56.153058947536096,301.04273189322436,1
C07948,0.0,0.0,13.0,1,39.74741600912372,339.3983616795227,1
C07949,0.0,0.0,13.0,1,17.889315574291448,363.79705665102097,1
C07950,0.0,0.0,20.0,1,69.56350712185642,250.0937329435373,1
C07951,0.0,0.0,13.0,1,46.72899875103824,258.80131987778947,1
C07952,0.0,1.0,22.0,1,46.300258958366065,95.26155287386227,1
C07953,0.0,0.0,16.0,1,86.47342544943028,275.9916733189489,1
C07954,0.0,0.0,24.0,1,22.457107900872845,233.57471432060575,1
C07955,0.0,1.0,35.0,1,9.448328271877982,83.25083748393686,1
C07956,0.0,0.0,20.0,1,44.209603878974946,216.97362104187428,1
C07957,0.0,0.0,28.0,1,20.790825352870765,169.5321408888789,1
C07958,0.0,0.0,36.0,1,30.71067981678371,215.26675907918516,1
C07959,0.0,1.0,27.0,1,37.2477388448064,42.51476105611456,1
C07960,0.0,0.0,18.0,1,42.07868154546777,286.8365950342827,1
C07961,0.0,0.0,29.0,1,29.027245728244885,536.4167778827053,1
C07962,0.0,0.0,34.0,1,23.925298641374805,786.2637515091652,1
C07963,0.0,0.0,89.0,1,22.12965707959793,1005.9587590415362,1
C07964,0.0,0.0,47.0,1,11.092901878650512,1129.2889809337014,1
C07965,0.0,0.0,25.0,1,78.22838597342397,1265.200307985777,1
C07966,0.0,0.0,37.0,1,71.88879372907994,1272.4028527855917,1
C07967,0.0,0.0,62.0,1,17.28397035620045,1327.5112881729178,1
C07968,0.0,0.0,25.0,1,33.67323342340261,1424.978393055883,1
C07969,0.0,0.0,6.0,1,103.94346510634308,1556.8688516139482,1
C07970,0.0,0.0,35.0,1,42.30455545096122,1715.2602780847405,1
C07971,0.0,0.0,30.0,1,38.78827236155653,1538.7893040310414,1
C07972,0.0,0.0,45.0,1,21.520131997419796,1352.6146491656325,1
C07973,0.0,0.0,36.0,1,11.673626142912074,1190.0673325802188,1
C07974,0.0,0.0,19.0,1,25.630327897046122,1062.0518457268117,1
C07975,0.0,0.0,0.0,1,139.3666760837605,982.1649504787155,1
C07976,0.0,0.0,3.0,1,23.01456345003118,962.4665484503801,1
C07977,0.0,0.0,0.0,1,242.85982684777971,1006.4967579794373,1
C07978,0.0,0.0,2.0,1,80.41820444076862,1106.6750158742395,1
C07979,0.0,0.0,23.0,1,35.66112647440203,1101.0848389442388,1
C07980,0.0,0.0,3.0,1,71.51327832401263,1099.9515263530748,1
C07981,0.0,0.0,0.0,1,271.1405853932093,1154.2958451367908,1
C07982,0.0,0.0,10.0,1,33.70547116495029,1256.9424950544305,1
C07983,0.0,0.0,4.0,1,103.09450677944504,1397.2866469151045,1
C07984,0.0,0.0,11.0,1,45.771170169911144,1425.016397425923,1
C07985,0.0,0.0,0.0,1,209.39347032268128,1414.6993948697427,1
C07987,0.0,0.0,0.0,1,456.59240164799076,1471.6507264568688,1
C07988,0.0,0.0,0.0,1,353.39190453919485,1304.6902714138232,1
C07989,0.0,0.0,0.0,1,179.2341482057497,1167.7660501841629,1
C07990,0.0,0.0,3.0,1,55.876866776591505,1072.4450529530945,1
C07991,0.0,0.0,0.0,1,175.2753783087682,990.695866648299,1
C07992,0.0,0.0,2.0,1,114.74462058031048,873.8786767757937,1
C07993,0.0,0.0,11.0,1,71.4522508519302,819.0540783445254,1
C07994,0.0,0.0,0.0,1,178.68962194524798,838.4719582563198,1
C08037,0.0,0.0,0.0,1,452.0668906077781,1336.2999132835066,1
C08038,0.0,0.0,0.0,1,418.11668427335553,1225.4985238509232,1
C08039,0.0,0.0,0.0,1,254.37937280216246,1158.8769588183538,1
C08040,0.0,0.0,0.0,1,208.47958426567934,1013.5538875852526,1
C08041,0.0,0.0,0.0,1,253.74742971002723,779.0956297767391,1
C08042,0.0,0.0,4.0,1,31.842020786651904,558.290710683286,1
C08043,0.0,0.0,5.0,1,38.216400173028646,376.01467382707733,1
C08044,0.0,0.0,3.0,1,23.13156767928113,309.9766962713782,1
C08045,0.0,0.0,0.0,1,206.90819530918813,415.0856242534468,1
C08046,0.0,0.0,0.0,1,184.71477406586263,167.53733710309842,1
C08047,0.0,1.0,4.0,1,39.09285179856743,94.02894865583087,1
C08048,0.0,0.0,18.0,1,17.286981924756343,251.65299977657355,1
C08049,0.0,0.0,4.0,1,110.25871625602342,436.95116542806414,1
C08050,0.0,0.0,0.0,1,214.02866571099864,658.2500167608589,1
C08051,0.0,0.0,4.0,1,130.1389187261012,664.1138259114696,1
C08052,0.0,0.0,48.0,1,44.43581295260519,456.3293299718048,1
C08053,0.0,0.0,18.0,1,26.80343273331281,316.90020671855507,1
C08054,0.0,0.0,5.0,1,42.33009340370163,342.9504696658244,1
C08055,0.0,0.0,4.0,1,112.60861569692274,389.847560344305,1
C08056,0.0,1.0,5.0,1,55.7515669873092,165.41040166313311,1
C08057,0.0,0.0,15.0,1,75.53561901641481,166.55353989126593,1
C08058,0.0,0.0,34.0,1,62.47301267857437,275.13002240981297,1
C08059,0.0,0.0,20.0,1,74.36814331433253,358.27058703935387,1
C08060,0.0,1.0,21.0,1,74.84520914112117,108.27277609013456,1
C08061,0.0,0.0,52.0,1,21.928999366263252,141.73275749453816,1
C08062,0.0,0.0,40.0,1,27.7480178481804,391.7312280783174,1
C08063,0.0,0.0,59.0,1,3.71900007735374,641.7308902931882,1
C08064,0.0,0.0,30.0,1,21.093259761692117,831.9492492551244,1
C08065,0.0,0.0,48.0,1,13.888480440468884,779.7767557791478,1
C08066,0.0,0.0,42.0,1,12.061143580660596,775.0112011493817,1
C08067,0.0,0.0,36.0,1,29.028452882049486,525.7056417807008,1
C08068,0.0,0.0,22.0,1,77.01890384030926,277.6517273368018,1
C08069,0.0,1.0,6.0,1,43.58823499497164,53.05225335611003,1
C08070,0.0,0.0,20.0,1,66.17614110323393,231.38409945199788,1
C08071,0.0,0.0,36.0,1,24.689823563329977,478.81380658066155,1
C08072,0.0,0.0,58.0,1,13.076597185022777,728.0018689985036,1
C08073,0.0,0.0,30.0,1,19.022719496601706,826.904228452747,1
C08074,0.0,0.0,18.0,1,15.541302816505569,577.3518203990017,1
C08075,0.0,0.0,30.0,1,36.682022760049676,328.480815273966,1
C08076,0.0,1.0,29.0,1,9.678874290380731,86.39541358230582,1
C08077,0.0,0.0,6.0,1,51.9457595588378,178.96560835273903,1
C08078,0.0,0.0,0.0,1,213.72178077494817,264.60305582555776,1
C08079,0.0,1.0,2.0,1,155.37172894315037,14.606641705418419,1
C08080,0.0,0.0,16.0,1,35.83489527301079,235.39738913504902,1
C08081,0.0,0.0,26.0,1,29.29567115696138,155.45516010896506,1
C08082,0.0,0.0,22.0,1,62.57262680078321,302.09757875553674,1
C08083,0.0,0.0,38.0,1,18.421368828839803,279.6064004200656,1
C08084,0.0,1.0,33.0,1,19.668195150423713,105.90314009120931,1
C08085,0.0,1.0,19.0,1,26.35410591940972,116.39373137041991,1
C08086,0.0,1.0,16.0,1,41.799830439442324,136.16515033718113,1
C08087,0.0,0.0,18.0,1,48.66787280105691,346.6975959233186,1
C08088,0.0,0.0,14.0,1,61.52457298602401,275.07626281126346,1
C08089,0.0,0.0,3.0,1,90.93636320268743,395.13880814900205,1
C08090,0.0,0.0,11.0,1,65.01640624409895,601.333854899769,1
C08091,0.0,0.0,40.0,1,1.355768130182405,828.9896078252917,1
C08092,0.0,0.0,50.0,1,12.76599681060866,1012.9080834401315,1
C08093,0.0,0.0,16.0,1,49.30776096554956,1220.5497946066723,1
C08094,0.0,0.0,20.0,1,9.360024376557348,1441.7006682145984,1
C08095,0.0,0.0,45.0,1,4.866186347896099,1520.7108707187388,1
C08096,0.0,0.0,27.0,1,10.485649107750156,1567.1115955067628,1
C08097,0.0,0.0,32.0,1,25.516742165051255,1650.4896101525023,1
C08098,0.0,0.0,10.0,1,80.40824539763388,1735.9701076189153,1
C08099,0.0,0.0,28.0,1,28.83909830306234,1572.0640689640893,1
C08100,0.0,0.0,28.0,1,40.47969753649605,1396.3337003272065,1
C08101,0.0,0.0,47.0,1,48.874795458678996,1188.0411060256286,1
C08102,0.0,0.0,21.0,1,44.47438513408522,999.0673333383138,1
C08103,0.0,0.0,25.0,1,40.127614447833956,842.513740826142,1
C08104,0.0,0.0,11.0,1,57.51252598600416,739.2721220349039,1
C08105,0.0,0.0,30.0,1,17.27786501284742,712.8934965021914,1
C08106,0.0,0.0,13.0,1,21.31420017008841,771.3047415206588,1
C08107,0.0,0.0,17.0,1,15.365128624810247,898.1118367048618,1
C08108,0.0,0.0,22.0,1,16.305982060061723,1069.251484996168,1
C08109,0.0,0.0,19.0,1,38.971394341869015,1266.883027395837,1
C08110,0.0,0.0,13.0,1,35.4843845109145,1393.4099846279657,1
C08111,0.0,0.0,24.0,1,23.401818448771632,1479.5597058025428,1
C08112,0.0,0.0,2.0,1,110.17620349108316,1600.5006906615522,1
C08113,0.0,0.0,4.0,1,75.22937109910652,1673.2428821876656,1
C08114,0.0,0.0,0.0,1,269.2966270899585,1664.465195702135,1
C08115,0.0,0.0,0.0,1,432.7420065576534,1692.969885324546,1
C08116,0.0,0.0,0.0,1,604.9422296603404,1656.1301449491696,1
C08117,0.0,0.0,0.0,1,521.2861287301002,1509.7111977627385,1
C08118,0.0,0.0,0.0,1,407.06627852498764,1393.0860505693995,1
C08119,0.0,0.0,0.0,1,300.8517676362118,1314.2106330158392,1
C08120,0.0,0.0,0.0,1,271.6434281934998,1205.1480492472929,1
C08121,0.0,0.0,1.0,1,90.21392594722508,1111.1109135158124,1
C08122,0.0,0.0,14.0,1,77.35814896418019,1068.528475831754,1
C08123,0.0,0.0,2.0,1,158.11263374955948,1083.4845385111496,1
C08167,0.0,0.0,0.0,1,603.9826787951023,1461.4096622149136,1
C08168,0.0,0.0,0.0,1,477.09074568717256,1337.5814473778003,1
C08170,0.0,0.0,0.0,1,327.81844734005955,907.4806680945666,1
C08171,0.0,0.0,0.0,1,198.03584214593909,726.7872317696533,1
C08172,0.0,0.0,0.0,1,244.5577179861144,598.2626493116803,1
C08173,0.0,0.0,0.0,1,225.2177004066278,559.1213775733007,1
C08174,15.0,0.0,1.0,1,123.19376186632208,503.1663550882389,1
C08175,0.0,0.0,4.0,1,70.13932590288542,324.61730013664834,1
C08176,0.0,0.0,0.0,1,208.02576652254487,194.52414736616095,1
C08177,0.0,0.0,18.0,1,23.622154851200214,308.71167174089317,1
C08178,0.0,0.0,0.0,1,131.43625253608232,400.71247774468554,1
C08179,0.0,0.0,10.0,1,72.24044188872672,533.1887256771773,1
C08180,0.0,0.0,3.0,1,14.679185829032296,730.075300608245,1
C08181,0.0,0.0,13.0,1,54.59563983070096,650.0537162019219,1
C08182,0.0,0.0,55.0,1,11.53601617702138,561.0339718534658,1
C08183,0.0,0.0,19.0,1,71.022923012345,576.1496343827896,1
C08184,0.0,0.0,10.0,1,50.29593063736043,399.85101408708374,1
C08185,0.0,0.0,3.0,1,33.15649884251217,187.77729931602943,1
C08186,0.0,1.0,3.0,1,21.088483572535647,64.66646659447552,1
C08187,0.0,0.0,3.0,1,108.37273649816245,172.52811190127514,1
C08188,0.0,0.0,17.0,1,42.39608032021199,276.4980168211603,1
C08189,0.0,0.0,38.0,1,15.31243395946138,219.6263325345209,1
C08190,0.0,0.0,24.0,1,50.37469415398983,203.17678428667307,1
C08191,0.0,0.0,42.0,1,51.440706103228734,399.156467320251,1
C08192,0.0,0.0,68.0,1,14.344791091250293,634.3271751502468,1
C08193,0.0,0.0,37.0,1,16.336099231673444,604.441297099284,1
C08194,0.0,0.0,26.0,1,49.73053595851259,530.340944257892,1
C08195,0.0,0.0,40.0,1,20.4040691530826,567.6035171434723,1
C08196,0.0,0.0,23.0,1,39.85091436216036,561.3354426944478,1
C08197,0.0,0.0,36.0,1,23.176267967325305,340.3256368803604,1
C08198,0.0,0.0,42.0,1,20.242827829455127,203.82737551927133,1
C08199,0.0,0.0,32.0,1,50.49136398934946,303.7592120481702,1
C08200,0.0,0.0,35.0,1,12.411421848701544,517.6810975853535,1
C08201,0.0,0.0,31.0,1,56.29073729126215,754.1337936269847,1
C08202,0.0,0.0,24.0,1,35.42224596661919,686.0087419221376,1
C08203,0.0,0.0,28.0,1,16.057382930172306,593.0325237745752,1
C08204,0.0,0.0,30.0,1,28.660306964132747,386.95876662167933,1
C08205,0.0,0.0,30.0,1,24.65351446504366,222.03965535547826,1
C08206,0.0,0.0,14.0,1,81.99133221559319,271.7832409023556,1
C08207,0.0,0.0,0.0,1,224.5936768999041,364.25438346916343,1
C08208,0.0,0.0,8.0,1,76.25967095727239,133.9446417167929,1
C08209,0.0,1.0,14.0,1,89.49023659826905,118.09955643085543,1
C08210,0.0,0.0,22.0,1,33.40724615130481,367.36064488958203,1
C08211,0.0,0.0,45.0,1,22.908904024959156,480.9932332564794,1
C08212,0.0,0.0,32.0,1,33.23492789797974,413.01635853007787,1
C08213,0.0,0.0,31.0,1,12.479032372002468,240.06765291992266,1
C08214,0.0,0.0,37.0,1,9.094042131278723,263.9743236443937,1
C08215,0.0,0.0,29.0,1,29.383666902750804,253.21568881061063,1
C08216,0.0,0.0,2.0,1,125.86328674933759,399.43976217854936,1
C08217,0.0,0.0,0.0,1,254.72949165693836,417.65677087798497,1
C08218,0.0,0.0,1.0,1,154.52594831022034,371.74748671141697,1
C08219,0.0,0.0,29.0,1,26.744541038973207,476.39816277173514,1
C08220,0.0,0.0,17.0,1,46.24845882943745,663.863107205329,1
C08221,0.0,0.0,35.0,1,62.33492782533959,882.8778175514116,1
C08222,0.0,0.0,36.0,1,45.178704736625434,1115.003253959545,1
C08223,0.0,0.0,16.0,1,70.99914651016371,1353.5107210348956,1
C08224,0.0,0.0,37.0,1,41.729164183101,1595.540750834159,1
C08225,0.0,0.0,32.0,1,77.89167385157502,1809.5279178053552,1
C08226,0.0,0.0,16.0,1,54.74948251902693,1766.52797670849,1
C08227,0.0,0.0,17.0,1,73.64183064356786,1566.3378674076969,1
C08228,0.0,0.0,23.0,1,14.163073164938073,1382.4642987277439,1
C08229,0.0,0.0,43.0,1,33.89124942444429,1222.293237990906,1
C08230,0.0,0.0,48.0,1,36.11289800874388,1057.50505912536,1
C08231,0.0,0.0,36.0,1,42.24284096329609,839.649222600046,1
C08232,0.0,0.0,32.0,1,17.297171222212437,645.5266717572495,1
C08233,0.0,0.0,30.0,1,39.82274857753907,503.38707858577567,1
C08234,0.0,0.0,26.0,1,60.65768047771392,463.7805707705446,1
C08235,0.0,0.0,8.0,1,84.48775080305822,549.350784800916,1
C08236,0.0,0.0,28.0,1,21.78546730567082,716.5752938097382,1
C08237,0.0,0.0,11.0,1,107.8349962473825,922.0488157552412,1
C08238,0.0,0.0,0.0,1,175.6630391126022,1145.3680131611732,1
C08239,0.0,0.0,18.0,1,86.42708418814054,1377.8830692442314,1
C08240,0.0,0.0,6.0,1,101.88186725038646,1615.6285524361822,1
C08241,0.0,0.0,0.0,1,152.75912249342628,1815.4324410368333,1
C08242,0.0,0.0,0.0,1,249.32274449944134,1921.9291747227876,1
C08243,0.0,0.0,3.0,1,91.82107572860745,1818.0163212611733,1
C08244,0.0,0.0,0.0,1,279.1112246435316,1691.0077904948616,1
C08245,0.0,0.0,0.0,1,357.4347154252098,1593.3710649615232,1
C08246,0.0,0.0,0.0,1,320.1576049136432,1530.7368662833346,1
C08247,0.0,0.0,0.0,1,345.83368706966513,1507.4744962821853,1
C08248,0.0,0.0,0.0,1,472.8818000800584,1525.386298641604,1
C08249,0.0,0.0,0.0,1,425.77797037283756,1431.1831961754883,1
C08251,0.0,0.0,0.0,1,194.7858450681908,1318.2020422051628,1
C08252,0.0,0.0,12.0,1,24.322943508475575,1330.3541880278538,1
C08253,0.0,0.0,2.0,1,147.91156566629897,1388.1743071864705,1
C08295,0.0,0.0,0.0,1,424.050022372479,1782.818161212786,1
C08296,0.0,0.0,0.0,1,634.4527198389682,1673.605919474296,1
C08297,0.0,0.0,0.0,1,715.685811567208,1459.6764336651595,1
C08300,0.0,0.0,0.0,1,216.48636645781428,932.6043335153141,1
C08301,0.0,0.0,2.0,1,73.0824967648477,836.3308915671943,1
C08302,90.0,0.0,4.0,1,82.02248252485698,762.114371659655,1
C08303,63.0,0.0,2.0,1,138.92041670021928,513.1097035242229,1
C08304,0.0,0.0,0.0,1,206.8138464894366,265.97898452930644,1
C08305,6.0,1.0,0.0,1,177.9306835192719,56.639849679939346,1
C08306,0.0,0.0,6.0,1,78.95561861848438,183.23928537484633,1
C08307,0.0,0.0,14.0,1,42.999576149205424,179.71188907151225,1
C08308,0.0,0.0,15.0,1,59.71588989031097,394.9887219182576,1
C08309,0.0,0.0,7.0,1,82.82757256030892,636.1885080788444,1
C08310,0.0,0.0,10.0,1,46.593867045134374,872.8706722667118,1
C08311,0.0,0.0,17.0,1,62.4217002931697,808.7598494788722,1
C08312,0.0,0.0,2.0,1,66.7410019478203,736.4788292643444,1
C08313,0.0,0.0,37.0,1,59.57936929906056,502.74769406915914,1
C08314,0.0,0.0,34.0,1,6.886634814015375,289.95054473148934,1
C08315,0.0,0.0,32.0,1,50.07297898797736,200.96614861293926,1
C08316,0.0,1.0,45.0,1,34.15043611544625,86.39413878585573,1
C08317,0.0,0.0,29.0,1,8.952981825710133,232.69970160351613,1
C08318,0.0,0.0,32.0,1,67.74359905935249,160.24120228215938,1
C08319,0.0,1.0,51.0,1,15.752273074460657,136.82953862138552,1
C08320,0.0,0.0,38.0,1,22.53883976138431,369.82077060361354,1
C08321,0.0,0.0,49.0,1,11.295867384436933,610.4480112382029,1
C08322,0.0,0.0,32.0,1,17.73712182984527,404.4242944507224,1
C08323,0.0,0.0,27.0,1,39.75795868587093,281.9064480625661,1
C08324,0.0,0.0,58.0,1,42.45393229389884,346.9632271243451,1
C08325,0.0,0.0,21.0,1,36.90093637891231,488.6898768129733,1
C08326,0.0,0.0,26.0,1,21.938476234248174,528.7273366707419,1
C08327,0.0,0.0,48.0,1,38.14679843713181,453.07466982384614,1
C08328,0.0,0.0,51.0,1,25.25061201298995,505.96513351123156,1
C08329,0.0,0.0,25.0,1,78.18559445994342,657.0576658270487,1
C08330,0.0,0.0,24.0,1,19.169440351662217,616.8584780260837,1
C08331,0.0,0.0,12.0,1,53.61164023701103,491.9440929210723,1
C08332,0.0,0.0,22.0,1,33.57928802958729,350.83980791920516,1
C08333,0.0,0.0,27.0,1,42.036057770617354,359.3997093510691,1
C08334,0.0,0.0,10.0,1,64.39283584605866,464.90757104256915,1
C08335,0.0,0.0,22.0,1,96.86375689871322,384.43324092951474,1
C08336,0.0,0.0,18.0,1,21.024503647865707,248.71744973201635,1
C08337,0.0,0.0,12.0,1,29.52088082534787,269.1623609880192,1
C08338,0.0,0.0,15.0,1,71.04902761462307,261.6385192535105,1
C08339,0.0,0.0,25.0,1,23.21443319243858,435.2712406554037,1
C08340,0.0,0.0,26.0,1,20.18450442184462,659.8995310850123,1
C08341,0.0,0.0,39.0,1,5.521800633045559,584.8072462878242,1
C08342,0.0,0.0,48.0,1,34.98166332135864,434.1669777655238,1
C08343,0.0,0.0,42.0,1,19.5589954147914,184.21428590495617,1
C08344,0.0,1.0,6.0,1,85.91454835923595,66.09721386637257,1
C08345,0.0,0.0,0.0,1,228.61412613668773,315.91578028063276,1
C08346,0.0,0.0,0.0,1,217.65110983588647,230.0600649530657,1
C08347,0.0,1.0,8.0,1,46.529842855906004,129.17681333055987,1
C08348,0.0,0.0,4.0,1,125.27220578891172,324.72398235773693,1
C08349,0.0,0.0,19.0,1,28.319054906611022,564.9820177087917,1
C08350,0.0,0.0,32.0,1,24.560863308853747,811.1496137891744,1
C08351,0.0,0.0,18.0,1,48.73670832455271,1059.1141164040619,1
C08352,0.0,0.0,16.0,1,12.1973963573193,1307.8538630834814,1
C08353,0.0,0.0,15.0,1,104.40875242535591,1556.997348359468,1
C08354,0.0,0.0,49.0,1,14.832879882294135,1806.3775237791365,1
C08355,0.0,0.0,21.0,1,25.767874874907697,1638.7321906958,1
C08356,0.0,0.0,29.0,1,12.287637096844554,1420.6464779121354,1
C08357,0.0,0.0,44.0,1,33.19024898814169,1214.9196012846514,1
C08358,0.0,0.0,38.0,1,25.40499696130127,1028.991185563393,1
C08359,0.0,0.0,18.0,1,43.659999863066325,875.5661496132988,1
C08360,0.0,0.0,27.0,1,23.224699903008304,732.7251172724964,1
C08361,0.0,0.0,24.0,1,29.14471331078891,498.5779421706538,1
C08362,0.0,0.0,31.0,1,25.720984277569816,292.01683402888614,1
C08363,0.0,0.0,34.0,1,35.05881228801504,216.72032275119992,1
C08364,0.0,0.0,28.0,1,10.947689237555295,365.5975454383063,1
C08365,0.0,0.0,2.0,1,106.73106494293566,587.669492289369,1
C08366,0.0,0.0,47.0,1,9.467849120832954,825.8627604540447,1
C08367,0.0,0.0,16.0,1,61.42083773862738,1069.4592867621961,1
C08368,0.0,0.0,20.0,1,31.564885406115767,1315.4607683161955,1
C08369,0.0,0.0,17.0,1,76.67919334788937,1562.731870768676,1
C08371,0.0,0.0,0.0,1,235.04482856344316,1784.563374622823,1
C08372,0.0,0.0,6.0,1,81.74180252945708,1616.7839809905042,1
C08373,0.0,0.0,0.0,1,225.2155647599803,1472.5197602510493,1
C08374,0.0,0.0,4.0,1,120.6816073632487,1359.2786496786125,1
C08375,0.0,0.0,4.0,1,84.87397795544062,1285.2869137334344,1
C08376,0.0,0.0,0.0,1,131.00515356534996,1257.4921287056718,1
C08378,0.0,0.0,0.0,1,217.6796301071942,1347.1950341510806,1
C08379,0.0,0.0,0.0,1,274.4260539584275,1431.7408639780494,1
C08380,0.0,0.0,0.0,1,196.1165240330747,1456.9612625811494,1
C08381,0.0,0.0,0.0,1,206.7579590256857,1523.3483973600732,1
C08382,0.0,0.0,9.0,1,28.374340212356184,1625.8673250966542,1
C08383,0.0,0.0,0.0,1,225.31949573160995,1711.758472762018,1
C08421,0.0,0.0,0.0,1,430.47194309838574,1915.7928427428467,1
C08422,0.0,0.0,0.0,1,181.7083543260026,2053.238283682902,1
C08423,0.0,0.0,1.0,1,75.6951667468165,2114.512471253166,1
C08424,0.0,0.0,0.0,1,321.6233674747415,2015.5178403587638,1
C08425,0.0,0.0,0.0,1,571.0984352480375,1807.6194113605748,1
C08426,0.0,0.0,0.0,1,820.8929619504123,1611.5788698123297,1
C08429,0.0,0.0,0.0,1,274.3238305105544,1155.9766457501164,1
C08430,0.0,0.0,0.0,1,187.1529638770952,1055.3309868438905,1
C08431,47.0,0.0,0.0,1,193.8938144791067,819.2598758351498,1
C08432,20.0,0.0,9.0,1,92.8610199914242,594.6847875252487,1
C08433,4.0,0.0,1.0,1,133.20024024956757,401.38914892467545,1
C08434,0.0,0.0,10.0,1,26.52787823003006,305.90276434677793,1
C08435,0.0,0.0,0.0,1,186.7204641325463,174.07615849980957,1
C08436,0.0,1.0,2.0,1,161.6763096899214,170.35913925298507,1
C08437,0.0,0.0,7.0,1,68.77215482843074,390.8221637727127,1
C08438,0.0,0.0,15.0,1,43.87643963388848,633.6100465309497,1
C08439,0.0,0.0,17.0,1,62.199312784186596,880.4438758001099,1
C08440,0.0,0.0,49.0,1,7.578322262220391,1057.556556730892,1
C08441,0.0,0.0,12.0,1,32.50406488914998,841.2162684946896,1
C08442,0.0,0.0,4.0,1,76.91267425947446,643.3979211019883,1
C08443,0.0,0.0,14.0,1,40.21105272534527,495.2544390276487,1
C08444,0.0,0.0,66.0,1,101.52662426276196,434.1390803959772,1
C08445,0.0,0.0,33.0,1,43.44951245854564,331.9065305728113,1
C08446,0.0,0.0,21.0,1,85.12872217305323,396.03932752530557,1
C08447,1.0,0.0,28.0,1,3.574843226816726,357.9368098912151,1
C08448,0.0,0.0,79.0,1,10.02964469965627,348.0859658268474,1
C08449,0.0,0.0,58.0,1,21.015101198469647,489.089888809939,1
C08450,0.0,0.0,58.0,1,20.274692066297014,543.9269277463442,1
C08451,0.0,0.0,59.0,1,25.72215979698238,294.5653378197516,1
C08452,0.0,1.0,53.0,1,27.74197630327082,51.778120496518696,1
C08453,0.0,0.0,38.0,1,50.4186208254135,208.78986871838308,1
C08454,0.0,0.0,33.0,1,22.841404687403585,238.9543539127174,1
C08455,0.0,0.0,20.0,1,24.79709472317688,334.2799519244408,1
C08456,0.0,0.0,14.0,1,27.93336720690691,539.8027318042849,1
C08457,0.0,0.0,8.0,1,89.79277107916519,738.0594649172596,1
C08458,0.0,0.0,14.0,1,48.1006476553827,564.718607170948,1
C08459,0.0,0.0,40.0,1,30.510703045696907,390.6207479575607,1
C08460,0.0,0.0,26.0,1,23.444893018989532,333.5596381230094,1
C08461,0.0,1.0,36.0,1,54.78200565883711,139.60504069383532,1
C08462,0.0,0.0,29.0,1,46.91511380703451,159.90355733371152,1
C08463,0.0,0.0,16.0,1,39.319142194644,395.7887415134793,1
C08464,0.0,0.0,8.0,1,17.6409362848536,277.8474356696703,1
C08465,0.0,1.0,26.0,1,9.617953609021926,47.20690350861924,1
C08466,0.0,0.0,20.0,1,36.1531765655304,203.22387853916143,1
C08467,0.0,0.0,37.0,1,30.759295052228595,453.1792116570746,1
C08468,0.0,0.0,35.0,1,31.86863520213297,607.4275779627553,1
C08469,0.0,0.0,30.0,1,69.87243993545162,774.6493455866686,1
C08470,0.0,0.0,36.0,1,28.30897435281211,527.7021602117599,1
C08471,0.0,0.0,30.0,1,30.088635936238916,286.1075517466498,1
C08472,0.0,1.0,27.0,1,59.67840630017628,101.2200199603114,1
C08473,0.0,0.0,3.0,1,98.99474900498558,252.25672184318458,1
C08474,0.0,0.0,0.0,1,244.116794549375,406.26769112419714,1
C08475,0.0,0.0,10.0,1,56.639705668435795,237.52492229699178,1
C08476,0.0,0.0,20.0,1,33.45236230266698,142.04613450643942,1
C08477,0.0,0.0,19.0,1,21.961440115752765,330.054722651034,1
C08478,0.0,0.0,14.0,1,33.801172305857,568.0626158798698,1
C08479,0.0,0.0,28.0,1,35.43628751166615,813.2983162261618,1
C08480,0.0,0.0,2.0,1,28.50676337848613,1060.760654809717,1
C08481,0.0,0.0,36.0,1,37.97801999393103,1280.008459762534,1
C08482,0.0,0.0,50.0,1,16.812513331025805,1506.6669865034721,1
C08483,0.0,0.0,33.0,1,20.1329388764087,1739.732496499175,1
C08484,0.0,0.0,36.0,1,23.272558382272912,1541.189570802865,1
C08485,0.0,0.0,26.0,1,39.53795652936085,1306.9271270935574,1
C08486,0.0,0.0,42.0,1,36.1861791026063,1079.7461451260292,1
C08487,0.0,0.0,42.0,1,38.4841496085178,865.2427175631244,1
C08488,0.0,0.0,22.0,1,34.608572750465676,675.6020890121057,1
C08489,0.0,0.0,25.0,1,21.153343051261555,537.8023847650935,1
C08490,0.0,0.0,39.0,1,25.829691773310774,453.27171198769497,1
C08491,0.0,0.0,42.0,1,52.873071528424184,205.30248860008044,1
C08492,0.0,1.0,16.0,1,17.439095829493915,61.991763666767724,1
C08493,0.0,0.0,28.0,1,18.83507896626092,300.89341252285107,1
C08494,0.0,0.0,29.0,1,27.518137424132593,549.7551387997904,1
C08495,0.0,0.0,85.0,1,45.729444987217185,799.3275796404794,1
C08496,0.0,0.0,22.0,1,18.888950884239616,1049.1036395471315,1
C08497,0.0,0.0,24.0,1,29.57020704705544,1298.9658630803842,1
C08498,0.0,0.0,5.0,1,93.40938395592175,1548.872551369317,1
C08499,0.0,0.0,0.0,1,153.70249402837777,1798.8051721413378,1
C08500,0.0,0.0,0.0,1,209.3338332041283,1618.1698102673563,1
C08501,0.0,0.0,14.0,1,71.87743354888548,1431.0127665408845,1
C08502,0.0,0.0,22.0,1,23.715151578726715,1265.7493990301955,1
C08503,0.0,0.0,80.0,1,4.889714089817155,1132.009515988097,1
C08504,0.0,0.0,43.0,1,31.3404468286501,1042.0026619111443,1
C08505,0.0,0.0,44.0,1,11.531690472291285,1007.5185112801724,1
C08506,0.0,0.0,18.0,1,89.67805884620807,1034.126468916892,1
C08507,0.0,0.0,26.0,1,28.44644641683017,1117.4710541471866,1
C08508,0.0,0.0,21.0,1,44.02573439819599,1181.7725476073492,1
C08509,0.0,0.0,12.0,1,46.48613512086625,1212.2048396850305,1
C08511,0.0,0.0,7.0,1,76.94070874183612,1410.7264127075464,1
C08512,0.0,0.0,0.0,1,209.47242617712664,1561.4106540523376,1
C08513,0.0,0.0,0.0,1,454.07034540840414,1735.1822525791333,1
C08550,0.0,0.0,0.0,1,483.66234381703987,2105.2763499899515,1
C08551,0.0,0.0,0.0,1,285.72905883643824,2263.2958896997648,1
C08552,0.0,0.0,0.0,1,233.1371426875628,2340.9473637695246,1
C08553,0.0,0.0,0.0,1,389.9548173025758,2157.3874435663297,1
C08560,0.0,0.0,0.0,1,194.63858809218888,941.570588334544,1
C08561,0.0,0.0,3.0,1,62.77510306519149,754.333099616598,1
C08562,0.0,0.0,3.0,1,57.96378268898033,613.5810276872237,1
C08563,0.0,0.0,2.0,1,37.98718712275621,527.549670497907,1
C08564,0.0,0.0,0.0,1,265.38679373511883,389.9081715114692,1
C08565,0.0,0.0,0.0,1,321.9192445515509,388.26293871600006,1
C08566,0.0,0.0,0.0,1,273.3082139966926,523.8967808159844,1
C08567,0.0,0.0,0.0,1,242.03202942485714,723.3170565653203,1
C08568,0.0,0.0,0.0,1,186.99899086065278,947.0518949283011,1
C08569,0.0,0.0,8.0,1,39.26579356686355,1181.366589614017,1
C08570,0.0,0.0,26.0,1,42.64917186970875,996.920483973839,1
C08571,0.0,0.0,14.0,1,67.16198864226965,836.759538855019,1
C08572,0.0,0.0,29.0,1,42.659016704565296,729.028531926628,1
C08573,0.0,0.0,12.0,1,47.1924477072963,645.1160662604797,1
C08574,0.0,0.0,6.0,1,116.64501559538162,581.2572088647256,1
C08575,0.0,0.0,28.0,1,57.775386961209854,527.324851240028,1
C08576,47.0,0.0,20.0,1,5.979444223911672,445.86848465135984,1
C08577,0.0,0.0,34.0,1,66.01391509794024,494.4956142123832,1
C08578,0.0,0.0,40.0,1,49.68877376412843,644.4013651019559,1
C08579,1.0,0.0,56.0,1,18.412066714523156,586.57159071206,1
C08580,1.0,0.0,56.0,1,16.425416488965926,367.39415693198515,1
C08581,0.0,0.0,67.0,1,40.050445280055285,225.5896763264041,1
C08582,0.0,0.0,70.0,1,23.898296099193345,265.9636588021889,1
C08583,0.0,1.0,64.0,1,10.158564798665328,19.50822411726424,1
C08584,0.0,0.0,63.0,1,11.975472221836077,234.5729605324784,1
C08585,0.0,0.0,52.0,1,28.58135920380569,484.4258217908434,1
C08586,0.0,0.0,55.0,1,9.182942448955723,712.249835842406,1
C08587,0.0,0.0,37.0,1,45.18106664895616,464.73357110000467,1
C08588,0.0,0.0,24.0,1,19.623539330672163,222.83347045987477,1
C08589,0.0,1.0,18.0,1,109.18563050306392,91.28098929689948,1
C08590,0.0,0.0,24.0,1,91.27884855617766,190.486302474915,1
C08591,0.0,0.0,32.0,1,36.368181341522785,216.72596571319787,1
C08592,0.0,0.0,21.0,1,57.35228927917943,421.95938723432425,1
C08593,0.0,0.0,14.0,1,23.736175572995062,238.98707753903795,1
C08594,0.0,1.0,12.0,1,50.20054286505071,88.89657709027902,1
C08595,0.0,0.0,12.0,1,60.34304366621628,289.292895879048,1
C08596,0.0,0.0,38.0,1,17.655291927857366,520.3263589477297,1
C08597,0.0,0.0,35.0,1,59.387496309513345,616.5737393772768,1
C08598,0.0,0.0,26.0,1,22.893385197412446,663.4924519186692,1
C08599,0.0,0.0,26.0,1,40.32638484770016,539.6170886085516,1
C08600,0.0,0.0,41.0,1,32.66471370352568,307.529776757753,1
C08601,0.0,0.0,30.0,1,48.33510248108888,151.5339066578083,1
C08602,0.0,0.0,33.0,1,18.706631876643474,276.31591727817874,1
C08603,0.0,0.0,11.0,1,32.76496307298521,504.7162048276093,1
C08604,0.0,0.0,22.0,1,32.07258602280057,430.00993469706617,1
C08605,0.0,0.0,26.0,1,35.17150190341082,353.62576306808967,1
C08606,0.0,0.0,30.0,1,16.126220088473428,362.8704058769301,1
C08607,0.0,0.0,6.0,1,46.743688036147105,513.1263807456086,1
C08608,0.0,0.0,37.0,1,13.07209799542614,721.0564705852701,1
C08609,0.0,0.0,30.0,1,35.01559430430339,949.4978593597175,1
C08610,0.0,0.0,27.0,1,45.83761743128607,1186.6633625778143,1
C08611,0.0,0.0,58.0,1,45.577542560278964,1428.213459970282,1
C08612,0.0,0.0,33.0,1,30.953329542012348,1651.836686104954,1
C08613,0.0,0.0,72.0,1,6.418673482719363,1440.1766568052158,1
C08614,0.0,0.0,45.0,1,24.94873958596095,1234.0504916176983,1
C08615,0.0,0.0,58.0,1,50.30463393921953,990.2897748858077,1
C08616,0.0,0.0,29.0,1,64.28188454969873,750.6444302230478,1
C08617,0.0,0.0,30.0,1,32.22509781944897,520.8265383084705,1
C08618,0.0,0.0,16.0,1,96.21566628311899,322.57325584723424,1
C08619,0.0,0.0,54.0,1,28.345712695038646,248.69002346170979,1
C08620,0.0,0.0,33.0,1,37.19586919047941,352.1709702609207,1
C08621,0.0,0.0,53.0,1,19.31578441626865,292.7768078787125,1
C08622,0.0,0.0,59.0,1,11.925034816777755,415.22539200870017,1
C08623,0.0,0.0,88.0,1,19.18060833361585,619.7628523120025,1
C08624,0.0,0.0,26.0,1,30.982322212043897,848.9993286469896,1
C08625,0.0,0.0,15.0,1,55.788942774021876,1087.425274205161,1
C08626,0.0,0.0,37.0,1,1.819801847532779,1330.1081136198288,1
C08627,0.0,0.0,18.0,1,89.18097194783633,1575.0814140400585,1
C08628,0.0,0.0,28.0,1,36.547112434139066,1694.9798313059305,1
C08629,0.0,0.0,19.0,1,28.3927676276282,1475.56112434429,1
C08630,0.0,0.0,29.0,1,17.124282825110615,1267.5190865697011,1
C08631,0.0,0.0,38.0,1,64.08369197610033,1077.4639845307101,1
C08632,0.0,0.0,37.0,1,71.72213392780748,916.6529556506645,1
C08633,0.0,0.0,18.0,1,12.043766322333575,802.8553071664929,1
C08634,0.0,0.0,36.0,1,6.263772657737271,757.5623059443417,1
C08635,0.0,0.0,48.0,1,37.039379939024485,792.6062392701771,1
C08636,0.0,0.0,40.0,1,62.57764103249896,898.6371090002448,1
C08637,0.0,0.0,41.0,1,6.290675967753658,931.8212312306038,1
C08638,0.0,0.0,32.0,1,31.191244509730343,970.1262938656823,1
C08639,0.0,0.0,40.0,1,28.921427376618798,1067.2390758995896,1
C08640,0.0,0.0,4.0,1,133.25899008300817,1209.0713230427957,1
C08641,0.0,0.0,0.0,1,307.5765197170781,1381.921735584871,1
C08642,0.0,0.0,0.0,1,536.2741363204515,1575.6147696563867,1
C08690,0.0,0.0,0.0,1,237.9984720040287,953.6177713530818,1
C08691,0.0,0.0,0.0,1,242.4272970064851,846.6700102170524,1
C08692,0.0,0.0,0.0,1,258.98018438343615,724.5926635674809,1
C08693,0.0,0.0,0.0,1,385.1039298495188,631.4699165160473,1
C08694,0.0,0.0,0.0,1,546.4428337630181,630.4553773533468,1
C08695,0.0,0.0,0.0,1,519.292933127708,721.9374697317753,1
C08696,0.0,0.0,0.0,1,478.7429632701709,877.4471138317598,1
C08697,0.0,0.0,0.0,1,310.06822370083574,1069.4078571530379,1
C08698,0.0,0.0,2.0,1,94.20221331697053,1281.5431683363693,1
C08699,0.0,0.0,4.0,1,111.20833649654844,1185.35062000791,1
C08700,0.0,0.0,0.0,1,239.30630867250713,1054.216375727188,1
C08701,0.0,0.0,0.0,1,191.38495865416567,970.9213363345139,1
C08703,0.0,0.0,0.0,1,303.77903867010895,567.9277314373326,1
C08704,6.0,0.0,2.0,1,118.72315023663997,343.9027696973916,1
C08705,47.0,0.0,8.0,1,55.033174431112975,197.47486390809175,1
C08706,63.0,0.0,6.0,1,124.76417010872667,291.07306427339086,1
C08707,0.0,0.0,22.0,1,52.70119728740393,505.4213446378019,1
C08708,0.0,0.0,4.0,1,30.233255564195456,719.2189926116914,1
C08709,0.0,0.0,2.0,1,114.77735742489729,555.1470029196446,1
C08710,0.0,0.0,3.0,1,120.38647527859014,473.39246969924596,1
C08711,0.0,0.0,38.0,1,49.897396127961684,372.8512509806188,1
C08712,0.0,0.0,48.0,1,16.45606859864869,262.0342694430914,1
C08713,0.0,0.0,42.0,1,5.755747178681227,351.14934339585045,1
C08714,0.0,0.0,55.0,1,20.160163336066926,550.4087248328274,1
C08715,0.0,0.0,67.0,1,13.423551561365713,727.5781851318812,1
C08716,0.0,0.0,53.0,1,38.95178746044095,487.9010954380312,1
C08717,0.0,0.0,29.0,1,58.55158912501096,267.815127241647,1
C08718,0.0,0.0,50.0,1,25.179570034447533,164.10164567762078,1
C08719,0.0,1.0,73.0,1,27.022464900853958,163.81620598261597,1
C08720,0.0,0.0,42.0,1,38.77485409571734,389.5409459491702,1
C08721,0.0,0.0,57.0,1,38.21709512348365,569.6057593120956,1
C08722,0.0,0.0,26.0,1,53.094999238014495,402.5300596888246,1
C08723,0.0,0.0,10.0,1,49.24661159872144,194.30613074689697,1
C08724,0.0,0.0,22.0,1,44.058680222635736,173.95233970658302,1
C08725,0.0,0.0,31.0,1,30.43045805057143,384.4007811294856,1
C08726,0.0,0.0,44.0,1,9.361731092439284,366.5869200528335,1
C08727,0.0,0.0,26.0,1,53.79819775902128,440.95921309934323,1
C08728,0.0,0.0,35.0,1,13.595867790615328,616.0390290237799,1
C08729,0.0,0.0,62.0,1,17.64981841616908,481.96638473952197,1
C08730,0.0,0.0,21.0,1,33.24150456482244,400.84854657736867,1
C08731,0.0,0.0,29.0,1,22.24914877828267,462.674311549164,1
C08732,0.0,0.0,32.0,1,33.555809053658585,617.6989210082212,1
C08733,0.0,0.0,32.0,1,38.459939682400126,371.7199324363976,1
C08734,0.0,1.0,32.0,1,21.13006327645452,140.71055158131966,1
C08735,0.0,0.0,34.0,1,29.08352545141156,162.5521777218579,1
C08736,0.0,0.0,11.0,1,44.927464870676566,397.55120630922215,1
C08737,0.0,0.0,29.0,1,69.74542440402342,643.9493091802467,1
C08738,0.0,0.0,36.0,1,77.18385357350316,892.3533290964494,1
C08739,0.0,0.0,24.0,1,109.2786879484172,1141.4544297103216,1
C08740,0.0,0.0,34.0,1,4.887056967944608,1390.878127752793,1
C08741,0.0,0.0,36.0,1,10.429810330782711,1543.0635950988976,1
C08742,0.0,0.0,49.0,1,10.057972151826181,1313.9975737283485,1
C08743,0.0,0.0,10.0,1,63.176266840170385,1094.1361839407552,1
C08744,0.0,0.0,39.0,1,70.61830342063418,890.3248588312528,1
C08745,0.0,0.0,38.0,1,68.20559964644293,709.4287567851671,1
C08746,0.0,0.0,31.0,1,52.84793092161004,459.4370286940837,1
C08747,0.0,0.0,11.0,1,89.78180836307946,209.4650465274549,1
C08748,0.0,1.0,18.0,1,36.447089276291614,40.851292491785,1
C08749,0.0,0.0,12.0,1,60.754915094484396,222.57626355515043,1
C08750,0.0,0.0,16.0,1,30.948746329290987,347.4294912744833,1
C08751,0.0,0.0,10.0,1,79.28292435735989,562.915899328062,1
C08752,0.0,0.0,71.0,1,20.57558339004853,768.7530641077414,1
C08753,0.0,0.0,16.0,1,102.85396063015976,963.1589383441194,1
C08754,0.0,0.0,51.0,1,14.83254305909156,1178.7149814307536,1
C08755,0.0,0.0,45.0,1,21.91973931441517,1405.7250351282898,1
C08756,0.0,0.0,38.0,1,58.26257618863875,1639.437934575006,1
C08757,0.0,0.0,38.0,1,22.879443773404333,1598.98834434444,1
C08758,0.0,0.0,37.0,1,18.928584210893664,1364.2168920269528,1
C08759,0.0,0.0,71.0,1,14.457953458561496,1135.9629094446627,1
C08760,0.0,0.0,45.0,1,28.504780335961414,919.09506297025,1
C08761,0.0,0.0,29.0,1,26.054848335493563,723.9197040546641,1
C08762,0.0,0.0,22.0,1,49.30261900783541,573.0477650780057,1
C08763,0.0,0.0,39.0,1,63.48157416062344,507.64923343111815,1
C08764,0.0,0.0,30.0,1,5.9993593916212715,558.5980194607805,1
C08765,0.0,0.0,47.0,1,13.289583336598215,700.967724283944,1
C08766,0.0,0.0,46.0,1,18.451130959807063,681.9056090588136,1
C08767,0.0,0.0,25.0,1,64.7941033181517,733.3822187258958,1
C08768,0.0,0.0,29.0,1,30.53756123615754,857.7317166927918,1
C08769,0.0,0.0,2.0,1,109.52506361104764,1028.8624382774453,1
C08770,0.0,0.0,0.0,1,359.27312033478916,1227.3598233507792,1
C08771,0.0,0.0,0.0,1,609.2278805432231,1441.9661421313267,1
C08821,0.0,0.0,0.0,1,507.64007467994276,946.9743403858326,1
C08827,0.0,0.0,0.0,1,176.94915633632704,1419.1824285704026,1
C08828,0.0,0.0,0.0,1,262.7598857758969,1393.2916899700651,1
C08833,0.0,0.0,0.0,1,194.37866151495837,288.9060942170598,1
C08834,3.0,1.0,8.0,1,83.15335482497487,64.76062187578799,1
C08836,0.0,0.0,0.0,1,216.78566109908127,469.73221295297935,1
C08837,0.0,0.0,0.0,1,278.7098769547097,718.5927628049739,1
C08838,0.0,0.0,1.0,1,107.59305155413006,778.7155598506836,1
C08839,0.0,0.0,0.0,1,147.6655085632749,722.7102868168207,1
C08840,0.0,0.0,6.0,1,90.43821450760976,576.4541984513406,1
C08841,0.0,0.0,4.0,1,117.61381435882882,511.8040112356876,1
C08842,0.0,0.0,13.0,1,66.96777932853671,562.6608649281574,1
C08843,0.0,0.0,23.0,1,27.429001239724087,704.4367621912306,1
C08844,0.0,0.0,81.0,1,13.768178898284962,822.4598484437217,1
C08845,0.0,0.0,65.0,1,32.38700618766911,620.5784928209312,1
C08846,0.0,0.0,54.0,1,8.816345639363607,467.75541600469717,1
C08847,0.0,0.0,22.0,1,80.17349007969844,377.4653202958882,1
C08848,0.0,0.0,45.0,1,8.927412422536891,377.3413140043281,1
C08849,0.0,0.0,40.0,1,50.77011771184833,517.0037393316884,1
C08850,0.0,0.0,58.0,1,42.00337187688165,650.2853637075932,1
C08851,0.0,0.0,39.0,1,60.08835919966118,406.66398696698116,1
C08852,0.0,0.0,30.0,1,32.238335896446884,181.32882379656374,1
C08853,0.0,1.0,53.0,1,9.957022384284405,159.3257241722425,1
C08854,0.0,0.0,43.0,1,22.609434707777353,280.26720492165606,1
C08855,0.0,1.0,40.0,1,35.43240341599274,116.65660640515395,1
C08856,0.0,0.0,28.0,1,19.532442071289093,271.41816719102735,1
C08857,0.0,0.0,35.0,1,22.620110786112143,508.6520216658004,1
C08858,0.0,0.0,31.0,1,24.048686917620103,703.5684959157114,1
C08859,0.0,0.0,18.0,1,41.99817227455558,650.6893188914356,1
C08860,0.0,0.0,27.0,1,30.52029580386016,690.4958732633413,1
C08861,0.0,0.0,59.0,1,24.342772898009123,633.4826248884426,1
C08862,0.0,0.0,16.0,1,25.025622821961058,397.39651129740747,1
C08863,0.0,0.0,42.0,1,21.320102181803538,198.8661317247101,1
C08864,0.0,0.0,26.0,1,18.442983019033377,214.875520948639,1
C08865,0.0,0.0,22.0,1,59.24715034777348,421.657729276659,1
C08866,0.0,0.0,27.0,1,13.87937683834143,659.104689571048,1
C08867,0.0,0.0,25.0,1,34.82596783256155,903.3508415728337,1
C08868,0.0,0.0,34.0,1,34.27123361759831,1150.0723864723238,1
C08869,0.0,0.0,33.0,1,51.45013416688342,1397.959314601804,1
C08870,0.0,0.0,40.0,1,21.774743214485387,1469.1923221542077,1
C08871,0.0,0.0,37.0,1,43.77479976873804,1226.405497672497,1
C08872,0.0,0.0,15.0,1,73.59329701567566,987.2258150827382,1
C08873,0.0,0.0,40.0,1,9.124195481829048,755.0888525267928,1
C08874,0.0,0.0,40.0,1,17.919654328237986,539.169305927814,1
C08875,0.0,0.0,41.0,1,10.604504912266517,369.11773961587454,1
C08876,0.0,0.0,66.0,1,14.731482910038535,326.79086728913416,1
C08877,0.0,0.0,30.0,1,50.776119481352886,234.35658550673574,1
C08878,0.0,1.0,36.0,1,29.11013446315117,33.01616996943207,1
C08879,0.0,0.0,46.0,1,16.08507816210467,268.8068559180084,1
C08880,0.0,0.0,70.0,1,18.233333294494564,518.0966937721176,1
C08881,0.0,0.0,22.0,1,61.90419052605255,767.8484501558064,1
C08882,0.0,0.0,42.0,1,23.810541415180474,1017.7221137008611,1
C08883,0.0,0.0,8.0,1,98.17134026422188,1258.4438499268745,1
C08884,0.0,0.0,36.0,1,29.050788060192932,1463.3627341470738,1
C08885,0.0,0.0,46.0,1,26.649973212015272,1680.5296962452119,1
C08886,0.0,0.0,56.0,1,27.597309621990306,1538.0412290198424,1
C08887,0.0,0.0,29.0,1,10.099442100595947,1292.2441043808913,1
C08888,0.0,0.0,29.0,1,39.09216516853648,1048.436373104957,1
C08889,0.0,0.0,38.0,1,69.43974104489003,808.4199599167385,1
C08890,0.0,0.0,20.0,1,40.22320478775585,576.9461281039034,1
C08891,0.0,0.0,14.0,1,56.87999279800391,370.3928156381959,1
C08892,0.0,0.0,51.0,1,28.653735868895897,257.90471306026046,1
C08893,0.0,0.0,39.0,1,25.3492971776393,347.6188202054083,1
C08894,0.0,0.0,42.0,1,36.29489881926956,488.7182146003758,1
C08895,0.0,0.0,39.0,1,51.0819620621816,432.08762115990436,1
C08896,0.0,0.0,25.0,1,6.632257539853538,509.4643573765206,1
C08897,0.0,0.0,0.0,1,151.33380887738434,676.3195624218755,1
C08898,0.0,0.0,0.0,1,227.8793445352441,883.3246116756644,1
C08899,0.0,0.0,0.0,1,432.5820779396584,1108.2042179442421,1
C08900,0.0,0.0,0.0,1,464.4894129860371,1342.0025364159544,1
C08956,0.0,0.0,0.0,1,422.7859397643916,1584.5518731857132,1
C08957,0.0,0.0,0.0,1,465.2737952080305,1563.6586306467486,1
C08965,0.0,0.0,0.0,1,449.2148357720054,557.5356205265477,1
C08966,0.0,0.0,0.0,1,448.96232208087247,778.8280779645177,1
C08967,0.0,0.0,0.0,1,294.61161607236403,1013.5582775035124,1
C08968,0.0,0.0,0.0,1,311.4881089243873,919.74829571018,1
C08969,0.0,0.0,0.0,1,148.76896366085953,806.5859101587027,1
C08970,0.0,0.0,4.0,1,82.09533427889615,761.7248410491187,1
C08971,0.0,0.0,0.0,1,194.922302358073,796.7864434565057,1
C08972,0.0,0.0,8.0,1,129.94161437164556,879.1650989439016,1
C08973,0.0,0.0,7.0,1,79.29859576920794,685.4145202852676,1
C08974,0.0,0.0,32.0,1,65.9840325244801,540.0507920878617,1
C08975,0.0,0.0,37.0,1,69.04256363932524,488.38166576108296,1
C08976,0.0,0.0,33.0,1,22.31628068678454,557.1161861482876,1
C08977,0.0,0.0,43.0,1,27.190578170203235,618.8191861654639,1
C08978,0.0,0.0,68.0,1,21.04507145638922,712.6314506074809,1
C08979,0.0,0.0,58.0,1,40.66859656998859,736.8828428901924,1
C08980,0.0,0.0,49.0,1,32.09880909587643,534.3228127167097,1
C08981,0.0,0.0,54.0,1,3.0870346100921244,391.1590625730922,1
C08982,0.0,0.0,48.0,1,27.708455176108004,381.4576729817143,1
C08983,0.0,0.0,61.0,1,3.6693078618950343,287.7021029098363,1
C08984,0.0,0.0,45.0,1,14.749249284167142,133.5348556823704,1
C08985,0.0,0.0,46.0,1,21.43248109476852,279.08890222558284,1
C08986,0.0,0.0,31.0,1,11.874351273604862,512.786186445043,1
C08987,0.0,0.0,25.0,1,25.706462773834943,756.9734015619174,1
C08988,0.0,0.0,45.0,1,17.603922407144182,900.6184664693545,1
C08989,0.0,0.0,28.0,1,27.33340857383575,929.7857728637903,1
C08990,0.0,0.0,24.0,1,78.96942209217355,738.9509557855525,1
C08991,0.0,0.0,31.0,1,12.993689797008216,550.15658335803,1
C08992,0.0,0.0,72.0,1,47.4506777871167,429.297120148715,1
C08993,0.0,0.0,21.0,1,51.068918351724875,436.9436674489968,1
C08994,0.0,0.0,32.0,1,15.807882234489957,567.9291502287753,1
C08995,0.0,0.0,39.0,1,22.33497793152068,761.0304007300746,1
C08996,0.0,0.0,30.0,1,48.96563722805305,980.1994807135827,1
C08997,0.0,0.0,38.0,1,28.183191988704046,1211.3689665609634,1
C08998,0.0,0.0,53.0,1,20.88077340097721,1448.8058960063545,1
C08999,0.0,0.0,31.0,1,45.317563120644216,1435.6207369755466,1
C09000,0.0,0.0,33.0,1,14.196589724625488,1185.9811405240234,1
C09001,0.0,0.0,12.0,1,61.856905117771284,936.5338386428518,1
C09002,0.0,0.0,29.0,1,43.58954717146742,687.4881789293305,1
C09003,0.0,0.0,56.0,1,29.10088578509341,439.52742964690964,1
C09004,0.0,0.0,62.0,1,10.201176833024444,196.7961550855885,1
C09005,0.0,1.0,32.0,1,22.012696184399445,96.29689455492796,1
C09006,0.0,0.0,32.0,1,33.41745420935947,323.75524265311105,1
C09007,0.0,0.0,12.0,1,78.27263622894696,278.6394477828455,1
C09008,0.0,0.0,30.0,1,18.805027624714175,385.7551038804329,1
C09009,0.0,0.0,55.0,1,45.39099210832261,578.6174016385229,1
C09010,0.0,0.0,45.0,1,4.980315306598727,719.4078577208766,1
C09011,0.0,0.0,22.0,1,64.53822521402303,908.4587134384074,1
C09012,0.0,0.0,1.0,1,153.45174532724718,1121.6268551946282,1
C09013,0.0,0.0,2.0,1,133.63627544904247,1347.5148869550262,1
C09014,0.0,0.0,40.0,1,18.32492868303849,1580.6789486916825,1
C09015,0.0,0.0,47.0,1,52.42259403200355,1516.3699809018776,1
C09016,0.0,0.0,49.0,1,55.334174848505675,1266.373531831215,1
C09017,0.0,0.0,33.0,1,29.640211826758375,1016.3788296029044,1
C09018,0.0,0.0,42.0,1,21.807047051147872,766.3875836724357,1
C09019,0.0,0.0,19.0,1,43.78096620367959,516.4048136390475,1
C09020,0.0,0.0,15.0,1,55.535916600557094,266.4543763796797,1
C09021,0.0,1.0,14.0,1,21.85722909058874,17.94262617870438,1
C09022,0.0,0.0,22.0,1,43.16774854604498,233.76471285566913,1
C09023,0.0,0.0,26.0,1,93.83987517588486,292.489223691972,1
C09024,0.0,0.0,37.0,1,54.67486222865477,182.76806354880065,1
C09025,0.0,0.0,9.0,1,129.98522567204589,325.9729806760439,1
C09026,0.0,0.0,0.0,1,285.95060777131044,551.4640543211049,1
C09027,0.0,0.0,0.0,1,408.4592736450946,791.8123655802027,1
C09028,0.0,0.0,0.0,1,504.3144937190671,1036.7357625562854,1
C09029,0.0,0.0,0.0,1,304.8626526264869,1283.6180352583897,1
C09095,0.0,0.0,0.0,1,633.8666312642506,906.5157424425261,1
C09096,0.0,0.0,0.0,1,535.738503289441,1114.6739425348142,1
C09097,0.0,0.0,0.0,1,465.1582044056329,1135.4374993878553,1
C09098,0.0,0.0,0.0,1,248.0285994644416,1045.8786822671682,1
C09099,0.0,0.0,4.0,1,47.364242090650045,1011.6847933154231,1
C09100,0.0,0.0,0.0,1,233.0544242509875,1009.7317303187559,1
C09101,0.0,0.0,0.0,1,204.15811397044976,769.0383349543455,1
C09102,0.0,0.0,13.0,1,57.450059905363354,536.9187592608358,1
C09103,0.0,0.0,0.0,1,153.30863156620742,331.8788144233353,1
C09104,0.0,0.0,14.0,1,39.86863740846286,238.7579127063267,1
C09105,0.0,0.0,17.0,1,38.86066012667027,358.9806879161123,1
C09106,0.0,0.0,47.0,1,20.12098279023842,430.368525164472,1
C09107,0.0,0.0,55.0,1,29.78517498319882,593.7456429014221,1
C09108,0.0,0.0,31.0,1,37.230244419544974,803.0259706115384,1
C09109,0.0,0.0,39.0,1,6.410940306736286,728.4408953944795,1
C09110,0.0,0.0,49.0,1,22.438978807974316,630.9759758712493,1
C09111,0.0,0.0,47.0,1,18.73689410489698,625.0081808826502,1
C09112,0.0,0.0,25.0,1,16.344604877520176,460.4294667838783,1
C09113,0.0,0.0,30.0,1,42.08148645075452,383.4766636266879,1
C09114,0.0,0.0,45.0,1,33.95205746977893,455.09714260762547,1
C09115,0.0,0.0,41.0,1,26.927852524226616,626.2367498582265,1
C09116,0.0,0.0,18.0,1,27.026486270408896,837.9925563728859,1
C09117,0.0,0.0,44.0,1,28.790889418778647,1066.4382692869447,1
C09118,0.0,0.0,36.0,1,51.331052752747794,1088.197152597549,1
C09119,0.0,0.0,46.0,1,2.9355883773638514,903.214699878834,1
C09120,0.0,0.0,22.0,1,34.31322015006933,756.5847905112893,1
C09121,0.0,0.0,29.0,1,36.54280277215875,673.8280911247399,1
C09122,0.0,0.0,39.0,1,10.174598350056993,678.7253108177196,1
C09123,0.0,0.0,16.0,1,31.553156115626972,769.6049627571338,1
C09124,0.0,0.0,35.0,1,19.65371973269501,921.3661323579289,1
C09125,0.0,0.0,36.0,1,36.10992479241822,1109.2967596689389,1
C09126,0.0,0.0,27.0,1,12.06291817556576,1318.014814851414,1
C09127,0.0,0.0,63.0,1,12.835163116365015,1539.086353432973,1
C09128,0.0,0.0,46.0,1,18.64774966326193,1445.160102338682,1
C09129,0.0,0.0,28.0,1,61.265923521732944,1197.5107876908676,1
C09130,0.0,0.0,18.0,1,25.3669977976176,951.0922415204814,1
C09131,0.0,0.0,22.0,1,46.598419791638634,707.1922066347349,1
C09132,0.0,0.0,36.0,1,20.135424409973076,469.750127588442,1
C09133,0.0,0.0,41.0,1,17.479122855746823,257.31215986386934,1
C09134,0.0,0.0,52.0,1,21.82551537762429,191.71310038247609,1
C09135,0.0,0.0,40.0,1,12.08845439117856,363.728302586853,1
C09136,0.0,0.0,10.0,1,77.82438229447307,379.0314496327226,1
C09137,0.0,0.0,40.0,1,42.440867832066594,276.4315612991912,1
C09138,0.0,0.0,24.0,1,16.844728674316332,366.284010508149,1
C09139,0.0,0.0,25.0,1,16.27315037201304,562.9507479571895,1
C09140,0.0,0.0,26.0,1,20.223285524818728,790.3563202108176,1
C09141,0.0,0.0,28.0,1,17.968230533860055,1028.3057333151507,1
C09142,0.0,0.0,25.0,1,67.3024174795936,1270.8903372991845,1
C09143,0.0,0.0,48.0,1,27.915150623709312,1515.8864791639448,1
C09144,0.0,0.0,55.0,1,63.126629240458946,1535.6383089112664,1
C09145,0.0,0.0,37.0,1,68.73207201938861,1289.3831932122268,1
C09146,0.0,0.0,19.0,1,32.50966428826528,1044.908140498706,1
C09147,0.0,0.0,20.0,1,8.098148609397873,803.8389298999944,1
C09148,0.0,0.0,42.0,1,28.94217452108844,570.5094463416647,1
C09149,0.0,0.0,30.0,1,57.143196620554576,360.28465344415855,1
C09150,0.0,0.0,27.0,1,17.75004469671283,243.16462458524296,1
C09151,0.0,0.0,46.0,1,40.829023189917386,336.8279053047518,1
C09152,0.0,0.0,44.0,1,28.417266788883776,239.27891396795877,1
C09153,0.0,1.0,40.0,1,58.28262676914966,71.47459511694942,1
C09154,0.0,0.0,30.0,1,22.745423207947063,279.2182601918755,1
C09155,0.0,0.0,8.0,1,55.54570099403204,525.1828785309208,1
C09156,0.0,0.0,0.0,1,293.54686582884375,773.7385055556366,1
C09157,0.0,0.0,0.0,1,360.0083223038484,1022.9982864388952,1
C09158,0.0,0.0,2.0,1,156.97134920683632,1272.5485111123905,1
C09225,0.0,0.0,0.0,1,782.4547804754283,1258.0523098966617,1
C09227,0.0,0.0,0.0,1,386.24273853717614,1289.2414845851313,1
C09228,0.0,0.0,0.0,1,296.18070911301993,1231.3346674336663,1
C09229,0.0,0.0,0.0,1,380.1285592615383,981.349507892484,1
C09230,0.0,0.0,0.0,1,379.0804475873133,731.3744937155409,1
C09231,0.0,0.0,0.0,1,271.1658924490956,481.4254287784424,1
C09232,0.0,0.0,1.0,1,24.35191918546433,231.58634867226178,1
C09233,0.0,1.0,0.0,1,206.39008420167855,22.226792575486318,1
C09234,0.0,0.0,13.0,1,24.23503163561257,132.1748988339729,1
C09235,0.0,0.0,14.0,1,32.942304814092246,244.5138541963446,1
C09236,0.0,0.0,27.0,1,44.436526585472144,476.5541374347007,1
C09237,0.0,0.0,65.0,1,25.179592430997193,720.7084479304456,1
C09238,0.0,0.0,32.0,1,30.66858557698482,949.0792422009482,1
C09239,0.0,0.0,10.0,1,91.27385398542306,876.5021118173592,1
C09240,0.0,0.0,12.0,1,46.19836072413127,810.0364375036851,1
C09241,0.0,0.0,69.0,1,22.817451322149022,682.801645975631,1
C09242,0.0,0.0,37.0,1,10.50512387132,633.464399481455,1
C09243,0.0,0.0,65.0,1,7.6948617914035475,679.2173459753291,1
C09244,0.0,0.0,74.0,1,31.39456401996636,803.9871023450186,1
C09245,0.0,0.0,45.0,1,15.827620969986105,977.9848252404067,1
C09246,0.0,0.0,52.0,1,16.330368903343953,1177.7123720649267,1
C09247,0.0,0.0,45.0,1,21.200793050044766,1006.9239084361551,1
C09248,0.0,0.0,58.0,1,25.75533088737602,875.0914714736332,1
C09249,0.0,0.0,26.0,1,46.69541388700913,801.669763376064,1
C09250,0.0,0.0,16.0,1,29.25665824739446,802.8472679015482,1
C09251,0.0,0.0,58.0,1,20.629916915573325,878.3240072106228,1
C09252,0.0,0.0,17.0,1,81.92819182288176,993.4989067539228,1
C09253,0.0,0.0,27.0,1,37.42113845572965,1115.1967668878167,1
C09254,0.0,0.0,26.0,1,92.33438096750542,1274.8676715772656,1
C09255,0.0,0.0,17.0,1,79.35932156182001,1460.1066163772555,1
C09256,0.0,0.0,27.0,1,38.20421713047695,1662.38836688195,1
C09257,0.0,0.0,40.0,1,61.74157391783412,1496.9864870294882,1
C09258,0.0,0.0,37.0,1,39.800086726274834,1259.568540252312,1
C09259,0.0,0.0,32.0,1,21.105667555071037,1028.132906212904,1
C09260,0.0,0.0,26.0,1,38.03832341583385,807.8376310139582,1
C09261,0.0,0.0,45.0,1,8.807275106245966,610.8567780803419,1
C09262,0.0,0.0,57.0,1,14.382231766590706,467.6434203227368,1
C09263,0.0,0.0,64.0,1,47.71357797343227,435.01118814991395,1
C09264,0.0,0.0,72.0,1,29.993529703310998,510.17756753318343,1
C09265,0.0,0.0,82.0,1,15.603439272477583,260.82698994870384,1
C09266,0.0,2.0,62.0,1,13.551994610565716,27.933616975368206,1
C09267,0.0,0.0,62.0,1,24.214987042674966,241.92944266655908,1
C09268,0.0,0.0,42.0,1,23.67887871272278,491.2020190314543,1
C09269,0.0,0.0,30.0,1,15.091317053731178,740.9649058978451,1
C09270,0.0,0.0,24.0,1,19.4171412806278,990.8473949321499,1
C09271,0.0,0.0,43.0,1,6.734026244503595,1240.7772275132443,1
C09272,0.0,0.0,37.0,1,18.02993002407968,1490.7305915513637,1
C09273,0.0,0.0,37.0,1,37.46631688889931,1594.3626038675604,1
C09274,0.0,0.0,19.0,1,46.41071950095419,1358.7921532573155,1
C09275,0.0,0.0,19.0,1,31.767480538041596,1129.4423929072066,1
C09276,0.0,0.0,20.0,1,91.95621789964109,911.0236671120358,1
C09277,0.0,0.0,32.0,1,44.05538304141247,713.644256741807,1
C09278,0.0,0.0,9.0,1,33.81847896351878,560.0108287550079,1
C09279,0.0,0.0,28.0,1,17.896096552606128,492.8855155765643,1
C09280,0.0,0.0,31.0,1,41.48433995038125,545.2156771475672,1
C09281,0.0,0.0,27.0,1,29.57188768987253,392.37590568667594,1
C09282,0.0,0.0,28.0,1,64.17741844870046,319.08160467329554,1
C09283,0.0,0.0,27.0,1,9.510310023491373,417.93215899034533,1
C09284,0.0,0.0,12.0,1,88.32634194946768,610.3454010605612,1
C09285,0.0,0.0,0.0,1,268.89405140771834,833.8919160618019,1
C09286,0.0,0.0,0.0,1,217.15428784543366,1069.2193164878147,1
C09287,0.0,0.0,18.0,1,16.023602851252257,1309.9939564090039,1
C09359,0.0,0.0,0.0,1,572.4505214623757,776.7865469264871,1
C09360,0.0,0.0,0.0,1,360.2244776009076,547.9590613383622,1
C09361,0.0,0.0,0.0,1,232.5525513594143,349.45804658021854,1
C09362,0.0,0.0,10.0,1,23.680205454782204,262.64561625221444,1
C09363,0.0,1.0,18.0,1,55.2391823988917,130.53796889594807,1
C09364,0.0,0.0,9.0,1,73.83099763630872,243.63288434786426,1
C09365,0.0,0.0,9.0,1,23.67314816088781,476.1027235249134,1
C09366,0.0,0.0,36.0,1,56.93856562092462,720.4100390472223,1
C09367,0.0,0.0,20.0,1,63.199280184690615,967.6298080217458,1
C09368,0.0,0.0,31.0,1,53.028562723741054,1124.0023229130381,1
C09369,0.0,0.0,16.0,1,82.01563653458962,1017.5371363973926,1
C09370,0.0,0.0,15.0,1,16.796984261839004,919.4785922527916,1
C09371,0.0,0.0,52.0,1,31.881417397410956,883.4590761741853,1
C09372,0.0,0.0,46.0,1,31.054524789682976,916.8200461038766,1
C09373,0.0,0.0,23.0,1,46.15417059251337,1012.7280259779936,1
C09374,0.0,0.0,41.0,1,50.426683755296125,1155.714978818157,1
C09375,0.0,0.0,64.0,1,24.704532669791575,1026.2945729935525,1
C09376,0.0,0.0,65.0,1,5.009735786019279,824.724121522806,1
C09377,0.0,0.0,46.0,1,22.572334527374053,657.3121044732934,1
C09378,0.0,0.0,67.0,1,13.959501798082405,555.8313851813837,1
C09379,0.0,0.0,22.0,1,56.83860840100301,557.528344407889,1
C09380,0.0,0.0,34.0,1,67.14397663018246,661.6095380840179,1
C09381,0.0,0.0,12.0,1,89.02061440280094,830.4315185187118,1
C09382,0.0,0.0,20.0,1,74.07122493397736,1032.7176927964579,1
C09383,0.0,0.0,18.0,1,65.16333582509311,1252.3558436324658,1
C09384,0.0,0.0,16.0,1,18.67893346982723,1481.649244978693,1
C09385,0.0,0.0,25.0,1,61.67267223535757,1716.7334712212835,1
C09386,0.0,0.0,14.0,1,33.047189140787374,1586.9623068322155,1
C09387,0.0,0.0,4.0,1,93.49016542099291,1365.2815565115786,1
C09388,0.0,0.0,13.0,1,87.3210635184581,1155.2220971722843,1
C09389,0.0,0.0,21.0,1,23.725207774025638,964.407828172077,1
C09390,0.0,0.0,2.0,1,93.40720978573798,806.6144210736841,1
C09391,0.0,0.0,11.0,1,35.48036465597408,704.3942003796499,1
C09392,0.0,0.0,28.0,1,16.369648188610785,683.165832556736,1
C09393,0.0,0.0,35.0,1,39.4117626220136,516.3057790053901,1
C09394,0.0,0.0,36.0,1,4.7296069904141005,282.1866313439917,1
C09395,0.0,0.0,44.0,1,16.714956341555943,132.99222678103018,1
C09396,0.0,0.0,71.0,1,21.908317881206354,284.1558900657948,1
C09397,0.0,0.0,31.0,1,22.481319750922985,518.4613846121919,1
C09398,0.0,0.0,38.0,1,36.24951337236826,762.7973812283956,1
C09399,0.0,0.0,22.0,1,4.309586565990077,1009.9096406529673,1
C09400,0.0,0.0,57.0,1,16.497046981916217,1258.1633915190475,1
C09401,0.0,0.0,20.0,1,60.48257606895341,1506.9946108840668,1
C09402,0.0,0.0,23.0,1,43.98008829631292,1688.430990424791,1
C09403,0.0,0.0,11.0,1,39.49440301313228,1468.0337913580686,1
C09404,0.0,0.0,5.0,1,90.4955183216299,1258.7482733697989,1
C09405,0.0,0.0,0.0,1,202.9332990175246,1067.1322405652238,1
C09406,0.0,0.0,0.0,1,183.19320972012855,904.4861646239037,1
C09407,0.0,0.0,34.0,1,74.86290206740603,734.8717591681149,1
C09408,0.0,0.0,31.0,1,78.28010505674241,603.7732740562716,1
C09409,0.0,0.0,24.0,1,24.954978006377768,560.3997060192121,1
C09410,0.0,0.0,18.0,1,17.609494602259044,612.91378191161,1
C09411,0.0,0.0,8.0,1,143.11194779203853,568.7860082092726,1
C09412,0.0,0.0,6.0,1,93.30543380220973,629.5806081925369,1
C09413,0.0,0.0,0.0,1,163.36697663299827,770.8605329691816,1
C09415,0.0,0.0,19.0,1,68.62667898889067,1168.3040697714027,1
C09416,0.0,0.0,29.0,1,43.040179463519635,1392.0447616804097,1
C09493,0.0,0.0,3.0,1,76.39677017666062,428.8670420740773,1
C09494,0.0,0.0,42.0,1,33.60947434982027,592.6582158289452,1
C09495,0.0,0.0,22.0,1,44.47952085039493,802.2222770540151,1
C09496,0.0,0.0,27.0,1,40.391388642666975,1029.9890304337757,1
C09497,0.0,0.0,22.0,1,26.76565373939824,1266.173062352098,1
C09498,0.0,0.0,27.0,1,65.32815262158428,1240.8080503494286,1
C09499,0.0,0.0,21.0,1,40.70235307759656,1161.7502638154724,1
C09500,0.0,0.0,15.0,1,55.788723419147175,1133.4561011078856,1
C09501,0.0,0.0,25.0,1,12.182442769573768,1159.6472699929313,1
C09502,0.0,0.0,44.0,1,29.00322315569525,1236.8673528173617,1
C09503,0.0,0.0,43.0,1,4.868939064527277,1158.7343715156176,1
C09504,0.0,0.0,34.0,1,27.6975660048502,918.9965559224036,1
C09505,0.0,0.0,14.0,1,115.81886405786167,686.6177946010322,1
C09506,0.0,0.0,30.0,1,68.69188160706697,472.58155055855826,1
C09507,0.0,0.0,67.0,1,38.09420609677637,316.57960767218896,1
C09508,0.0,0.0,24.0,1,41.13920580756108,319.549642558747,1
C09509,0.0,0.0,12.0,1,33.68955002518376,478.5408029885946,1
C09510,0.0,0.0,10.0,1,30.70614325866076,693.4627792394591,1
C09511,0.0,0.0,15.0,1,19.39731854731931,926.1641065470312,1
C09512,0.0,0.0,21.0,1,61.21484456061585,1166.0485745978194,1
C09513,0.0,0.0,24.0,1,21.327403014046993,1409.4532998248478,1
C09514,0.0,0.0,35.0,1,8.771846604051799,1654.8256495633304,1
C09515,0.0,0.0,27.0,1,28.285146307295395,1709.0729019745079,1
C09516,0.0,0.0,19.0,1,69.36475041651074,1505.4815008853539,1
C09517,0.0,0.0,21.0,1,60.560321420614365,1317.960133976923,1
C09518,0.0,0.0,18.0,1,35.09414440694031,1154.367047345393,1
C09519,0.0,0.0,6.0,1,48.56081754844467,1026.2103318722595,1
C09520,0.0,0.0,16.0,1,47.88968769303463,947.9725789735824,1
C09521,0.0,0.0,27.0,1,107.05312335029379,841.1348257743526,1
C09522,0.0,0.0,16.0,1,18.0134091603108,628.9399276603114,1
C09523,0.0,0.0,4.0,1,50.23065754826833,456.7527450166718,1
C09524,0.0,0.0,24.0,1,80.61786853729568,382.98917420101037,1
C09525,0.0,0.0,15.0,1,5.23771405489628,457.9719915345031,1
C09526,0.0,0.0,19.0,1,26.226715696314894,630.710696361641,1
C09527,0.0,0.0,22.0,1,78.17449610057153,843.1213554286792,1
C09528,0.0,0.0,33.0,1,42.62979723248347,1071.8727804430898,1
C09529,0.0,0.0,38.0,1,12.239161157255003,1308.422292277882,1
C09530,0.0,0.0,23.0,1,37.87331297579514,1549.201901756067,1
C09531,0.0,0.0,39.0,1,19.991042927310293,1753.5865103943506,1
C09532,0.0,0.0,24.0,1,32.45255835264558,1508.1681980067165,1
C09533,0.0,0.0,4.0,1,107.55714684729217,1264.546154760915,1
C09535,0.0,0.0,0.0,1,196.69664456329858,789.3594273866596,1
C09536,0.0,0.0,30.0,1,51.85308153383137,567.9735642140265,1
C09537,0.0,0.0,14.0,1,37.078520672318,383.5357006691484,1
C09538,0.0,0.0,22.0,1,52.900074995591204,310.81392782429225,1
C09539,0.0,0.0,34.0,1,5.9439752494022144,413.65560768754733,1
C09540,0.0,0.0,25.0,1,16.419974703206325,592.2133307146338,1
C09541,0.0,0.0,31.0,1,61.750212051706804,781.393254230946,1
C09542,0.0,0.0,37.0,1,7.236168011261347,970.0156771842835,1
C09543,0.0,0.0,10.0,1,116.31582576253015,1124.181761576272,1
C09544,0.0,0.0,41.0,1,19.74475552790575,1308.2961637710996,1
C09545,0.0,0.0,42.0,1,38.319872201178285,1511.4539593436587,1
C09622,0.0,0.0,0.0,1,235.3776775171709,658.4048125728402,1
C09623,0.0,0.0,8.0,1,45.95965001872206,775.1217441352404,1
C09624,0.0,0.0,0.0,1,165.6223456171463,945.0558392197984,1
C09625,0.0,0.0,21.0,1,38.04949188376722,1144.7477277791897,1
C09626,0.0,0.0,12.0,1,69.66560479265497,1361.162804835556,1
C09627,0.0,0.0,18.0,1,33.681908903726324,1472.6939300737595,1
C09628,0.0,0.0,23.0,1,9.584385277753226,1406.7289964095658,1
C09629,0.0,0.0,16.0,1,75.85094648846895,1383.4542012668269,1
C09630,0.0,0.0,29.0,1,15.39041030306295,1404.9927347378716,1
C09631,0.0,0.0,53.0,1,26.241273207192457,1371.8783243813457,1
C09632,0.0,0.0,38.0,1,23.144401675277855,1122.0247158476122,1
C09633,0.0,0.0,44.0,1,15.445127833791439,872.2550023006236,1
C09634,0.0,0.0,20.0,1,48.14756004616565,622.6701495206001,1
C09635,0.0,0.0,41.0,1,16.18971172486037,373.64079162954425,1
C09636,0.0,1.0,30.0,1,66.08298009007257,128.43974164992085,1
C09637,0.0,0.0,33.0,1,22.694734834176348,135.59532919921804,1
C09638,0.0,0.0,35.0,1,56.038691859920235,381.1501270709354,1
C09639,0.0,0.0,10.0,1,34.118518901388754,630.2100803952093,1
C09640,0.0,0.0,32.0,1,29.44460127887873,879.8034277594525,1
C09641,0.0,0.0,9.0,1,62.3575541779027,1129.576645280358,1
C09642,0.0,0.0,23.0,1,14.975901833077293,1379.4320293614956,1
C09643,0.0,0.0,14.0,1,59.67077732169758,1629.3317801153698,1
C09644,0.0,0.0,9.0,1,52.771442816283646,1856.9897698212837,1
C09645,0.0,0.0,18.0,1,17.20987158743071,1671.5128986835118,1
C09646,0.0,0.0,15.0,1,33.25684215729731,1504.8254834730196,1
C09647,0.0,0.0,16.0,1,59.78406333897815,1363.8343377970284,1
C09648,0.0,0.0,5.0,1,136.33791188507317,1257.2145664916197,1
C09649,0.0,0.0,10.0,1,108.55093034725115,1182.558215406979,1
C09650,0.0,0.0,9.0,1,79.50668626761528,980.5618645967452,1
C09651,0.0,0.0,19.0,1,15.222508042535654,805.9523607362612,1
C09652,0.0,0.0,33.0,1,19.58506814955135,680.1594263488963,1
C09653,0.0,0.0,23.0,1,27.577323198509124,632.9885328551907,1
C09654,0.0,0.0,10.0,1,29.674188917315426,680.9787957059117,1
C09655,0.0,0.0,4.0,1,127.10433460219699,807.33497240983,1
C09656,0.0,0.0,8.0,1,14.658777666187488,982.2664583252796,1
C09657,0.0,0.0,8.0,1,69.93237508782558,1184.4429207968594,1
C09658,0.0,0.0,19.0,1,32.7307358075543,1402.12790789596,1
C09659,0.0,0.0,13.0,1,82.13228386633992,1629.116419282431,1
C09660,0.0,0.0,19.0,1,38.80469353626898,1682.1180611179352,1
C09661,0.0,0.0,24.0,1,15.583671534958055,1477.203026229628,1
C09662,0.0,0.0,51.0,1,27.43666119961271,1227.450383821587,1
C09663,0.0,0.0,28.0,1,35.19212655108835,977.8241706899817,1
C09664,0.0,0.0,30.0,1,2.9939549935613874,728.4543725089034,1
C09665,0.0,0.0,39.0,1,22.03605747067294,479.7410102014732,1
C09666,0.0,0.0,34.0,1,3.9591259559478447,233.7885816521408,1
C09667,0.0,1.0,28.0,1,34.41937551914844,64.51949281193566,1
C09668,0.0,0.0,26.0,1,44.10771465510561,240.02528299008975,1
C09669,0.0,0.0,30.0,1,38.548682437370445,438.71508425854273,1
C09670,0.0,0.0,25.0,1,86.75931311293277,672.5546177356065,1
C09671,0.0,0.0,36.0,1,69.82315638534686,914.9800558039478,1
C09672,0.0,0.0,37.0,1,12.889596999590626,1160.6236647598148,1
C09673,0.0,0.0,31.0,1,55.06121385998322,1407.801861016674,1
C09674,0.0,0.0,36.0,1,12.209877474739487,1655.827547954049,1
C09754,0.0,0.0,0.0,1,287.01881116411926,1298.0821690853495,1
C09755,0.0,0.0,0.0,1,156.70170953649924,1492.4255890025158,1
C09756,0.0,0.0,0.0,1,179.41479272850546,1701.3673794103631,1
C09757,0.0,0.0,0.0,1,239.54914130477243,1653.211802281731,1
C09758,0.0,0.0,8.0,1,108.9278668829357,1633.4528829650944,1
C09759,0.0,0.0,22.0,1,3.652397521196889,1634.452486333893,1
C09760,0.0,0.0,34.0,1,26.717936736739926,1386.8396649031172,1
C09761,0.0,0.0,24.0,1,82.94051727793097,1140.2690832492724,1
C09762,0.0,0.0,6.0,1,92.181980917711,895.6019809489493,1
C09763,0.0,0.0,34.0,1,30.562714393667697,654.9749875722187,1
C09764,0.0,0.0,40.0,1,23.081097136310504,425.30172867127385,1
C09765,0.0,0.0,24.0,1,25.602092423700395,240.35574982995468,1
C09766,0.0,0.0,16.0,1,40.109940776679736,244.25440127429772,1
C09767,0.0,0.0,14.0,1,94.51559598006892,431.9138092344485,1
C09768,0.0,0.0,13.0,1,84.54805095743042,662.1471623989319,1
C09769,0.0,0.0,46.0,1,66.02917584785266,902.9552540068104,1
C09770,0.0,0.0,15.0,1,61.45041171405174,1147.7009701154955,1
C09771,0.0,0.0,9.0,1,103.92395269443324,1394.3123189836613,1
C09772,0.0,0.0,6.0,1,99.2659353638936,1641.948893521093,1
C09773,0.0,0.0,6.0,1,89.08010750767482,1890.207791487668,1
C09774,0.0,0.0,9.0,1,78.50885012089925,1856.4579692044456,1
C09775,0.0,0.0,1.0,1,137.38588297525712,1707.9170227698844,1
C09776,0.0,0.0,2.0,1,66.82921251168843,1585.0946097667475,1
C09777,0.0,0.0,0.0,1,175.64183030363563,1494.3457722883447,1
C09778,0.0,0.0,0.0,1,308.2916048775355,1333.2058010665621,1
C09779,0.0,0.0,1.0,1,131.81084820601728,1157.797627166527,1
C09781,0.0,0.0,0.0,1,162.0194689208508,917.3933836813162,1
C09782,0.0,0.0,12.0,1,89.75690968599922,882.9882546767889,1
C09783,0.0,0.0,25.0,1,19.44253394483805,918.0010323371476,1
C09784,0.0,0.0,49.0,1,23.563360299247996,1015.2751020521363,1
C09785,0.0,0.0,32.0,1,19.16998656195959,1159.241635864535,1
C09786,0.0,0.0,35.0,1,39.51993598952981,1334.8778250449702,1
C09787,0.0,0.0,24.0,1,50.557009449787245,1531.325061922418,1
C09788,0.0,0.0,19.0,1,72.7712037230473,1702.9517810238995,1
C09789,0.0,0.0,16.0,1,82.97672045545505,1506.880390245383,1
C09790,0.0,0.0,48.0,1,6.7404431211126585,1329.0343308280956,1
C09791,0.0,0.0,33.0,1,31.952817202034254,1177.6994500012684,1
C09792,0.0,0.0,69.0,1,18.186939569743213,994.3327290241912,1
C09793,0.0,0.0,58.0,1,26.679778338044848,750.468680259533,1
C09794,0.0,0.0,38.0,1,100.22389456503834,512.5513672718814,1
C09795,0.0,0.0,37.0,1,13.957302027528218,295.3211271380102,1
C09796,0.0,1.0,6.0,1,41.77896258262565,120.44768106038889,1
C09797,0.0,0.0,11.0,1,76.01542934795087,156.09750976339353,1
C09798,0.0,0.0,29.0,1,54.13978677781544,399.0303512714795,1
C09799,0.0,0.0,20.0,1,19.851466986038112,647.3669824120998,1
C09800,0.0,0.0,33.0,1,25.589275051986217,896.628573378551,1
C09801,0.0,0.0,15.0,1,80.70482616356334,1146.2118422352664,1
C09802,0.0,0.0,39.0,1,76.29453488394236,1395.9442596185102,1
C09803,0.0,0.0,43.0,1,20.515926534586,1645.7579301474984,1
C09887,0.0,0.0,1.0,1,81.85590516789429,1883.451914632047,1
C09888,0.0,0.0,6.0,1,67.97088437821303,1684.5501029427014,1
C09889,0.0,0.0,17.0,1,73.02947072995529,1445.5443180303437,1
C09890,0.0,0.0,24.0,1,31.211453409085205,1210.9862515550528,1
C09891,0.0,0.0,22.0,1,71.42197972543286,984.0614958024236,1
C09892,0.0,0.0,44.0,1,2.685981487240544,771.5350630959356,1
C09893,0.0,0.0,12.0,1,68.6614459945371,589.1991850401655,1
C09894,0.0,0.0,39.0,1,19.793481645794955,473.33392622707817,1
C09895,0.0,0.0,29.0,1,29.61173915552976,475.3255008760702,1
C09896,0.0,0.0,14.0,1,68.12087395662844,593.9896108928446,1
C09897,0.0,0.0,18.0,1,54.89666454013494,777.6329364900762,1
C09898,0.0,0.0,4.0,1,44.3926884682167,990.7584518840729,1
C09899,0.0,0.0,3.0,1,78.92032929323793,1217.9867142318387,1
C09900,0.0,0.0,18.0,1,20.476478595067174,1452.7150312813646,1
C09901,0.0,0.0,28.0,1,20.71053273199097,1691.8245441464555,1
C09902,0.0,0.0,17.0,1,52.41220066775219,1933.6906718091982,1
C09903,0.0,0.0,13.0,1,53.967469674513595,2055.2170231827176,1
C09904,0.0,0.0,22.0,1,52.41327863446266,1922.098170652187,1
C09905,0.0,0.0,2.0,1,122.32528613969023,1813.8372977940817,1
C09906,0.0,0.0,0.0,1,330.21888798651094,1686.2306620666168,1
C09907,0.0,0.0,0.0,1,379.1528564964988,1510.440824120074,1
C09910,0.0,0.0,0.0,1,260.6938904607863,1160.0018946507155,1
C09911,0.0,0.0,0.0,1,204.31095313190445,1132.9880992614867,1
C09912,0.0,0.0,23.0,1,103.59331616229144,1160.4825162591048,1
C09913,0.0,0.0,29.0,1,89.07470790010403,1238.8612949067262,1
C09914,0.0,0.0,3.0,1,15.962001319909328,1359.3509280141307,1
C09915,0.0,0.0,0.0,1,173.69098008397484,1511.9168571610626,1
C09916,0.0,0.0,12.0,1,35.28193799372572,1687.883355105646,1
C09917,0.0,0.0,16.0,1,36.21444554894274,1565.2679852330757,1
C09918,0.0,0.0,21.0,1,46.83756485994973,1355.3065518446347,1
C09919,0.0,0.0,49.0,1,7.529057170172776,1154.3394611147103,1
C09920,0.0,0.0,65.0,1,38.99763123949435,976.2905988998389,1
C09921,0.0,0.0,48.0,1,14.625486353785934,835.9348512377098,1
C09922,0.0,0.0,58.0,1,46.828640075360326,754.6063990766434,1
C09923,0.0,0.0,32.0,1,9.31314692803035,648.2795471981359,1
C09924,0.0,0.0,38.0,1,25.015833773122573,470.53496285736054,1
C09925,0.0,0.0,13.0,1,17.19319368939121,325.97843479697434,1
C09926,0.0,0.0,0.0,1,133.37361456665482,340.76491696504326,1
C09927,0.0,0.0,26.0,1,29.272657562148787,500.9785597365424,1
C09928,0.0,0.0,4.0,1,104.82815251442588,714.7295334580823,1
C09929,0.0,0.0,16.0,1,92.90297577021947,946.4127506953378,1
C09930,0.0,0.0,22.0,1,64.8677515280826,1185.561421167298,1
C09931,0.0,0.0,32.0,1,31.10149626139395,1428.430842582773,1
C09932,0.0,0.0,28.0,1,22.84049854456117,1673.4017630931428,1
C10017,0.0,0.0,0.0,1,238.47556728980962,1768.8932043980176,1
C10018,0.0,0.0,0.0,1,148.29873229945446,1543.0076132770807,1
C10019,0.0,0.0,0.0,1,223.29892778855776,1325.8061022248235,1
C10020,0.0,0.0,20.0,1,63.25921605069347,1122.3418136923015,1
C10021,0.0,0.0,25.0,1,39.846495462739256,941.5627822018406,1
C10022,0.0,0.0,22.0,1,25.04432105735936,799.0180216323137,1
C10023,0.0,0.0,13.0,1,48.548801144643086,717.8573151809226,1
C10024,0.0,0.0,6.0,1,14.17324640925383,719.1720594018572,1
C10025,0.0,0.0,4.0,1,93.14484154992839,802.5570241981901,1
C10026,0.0,0.0,12.0,1,22.402581760188678,946.5659528819955,1
C10027,0.0,0.0,18.0,1,45.86282982398022,1128.2182542491262,1
C10028,0.0,0.0,2.0,1,118.88397983139505,1332.2033460723974,1
C10029,0.0,0.0,11.0,1,38.32053547641075,1549.7274216300225,1
C10030,0.0,0.0,8.0,1,64.87734430396797,1775.8221778707416,1
C10031,0.0,0.0,7.0,1,84.64093797882194,2007.594016100648,1
C10032,0.0,0.0,2.0,1,106.82715943028415,2243.2839899461405,1
C10033,0.0,0.0,12.0,1,63.59085673619054,2144.0480868165764,1
C10034,0.0,0.0,0.0,1,146.16824915724715,2039.438644183666,1
C10035,0.0,0.0,6.0,1,80.96728080892738,1863.428995391189,1
C10036,0.0,0.0,0.0,1,199.70665999588655,1705.9968517964865,1
C10039,0.0,0.0,0.0,1,151.6698365778543,1405.2039605567031,1
C10040,0.0,0.0,8.0,1,65.03680816394132,1382.9880000344008,1
C10041,0.0,0.0,40.0,1,17.46540230981069,1405.6007419299617,1
C10042,0.0,0.0,15.0,1,24.980027002458385,1470.9762347464916,1
C10043,0.0,0.0,6.0,1,54.44151752093395,1573.7943705147356,1
C10044,0.0,0.0,0.0,1,175.42030263002923,1707.3038271317675,1
C10045,0.0,0.0,6.0,1,75.57014342968804,1542.537735603525,1
C10046,0.0,0.0,1.0,1,83.98109159353531,1367.498265322652,1
C10047,0.0,0.0,4.0,1,51.96765449675489,1218.884877894575,1
C10048,0.0,0.0,29.0,1,47.410621327690556,1011.7642662465973,1
C10049,0.0,0.0,30.0,1,49.495548366478495,802.6896489099146,1
C10050,0.0,0.0,60.0,1,31.171181357095946,624.4633011480563,1
C10051,0.0,0.0,38.0,1,14.741658766207772,510.4881550969956,1
C10052,0.0,0.0,16.0,1,52.66519458323673,506.2034161361819,1
C10053,0.0,0.0,16.0,1,116.90182250119807,613.9101241399646,1
C10054,0.0,0.0,14.0,1,79.35803823745408,568.3451733168368,1
C10055,0.0,0.0,4.0,1,68.91926475958448,576.9532257592922,1
C10056,0.0,0.0,38.0,1,20.013627688404167,683.9106764743188,1
C10057,0.0,0.0,20.0,1,22.861299829831754,852.9903880332229,1
C10058,0.0,0.0,14.0,1,23.159766601602694,1054.7281122443715,1
C10059,0.0,0.0,6.0,1,122.00778606899111,1253.1212398495556,1
C10060,0.0,0.0,29.0,1,44.466809883253646,1391.051431102441,1
C10061,0.0,0.0,14.0,1,66.61963781242663,1557.156166279481,1
C10146,0.0,0.0,0.0,1,388.84202803914275,1882.8853623645568,1
C10147,0.0,0.0,0.0,1,139.75761255472247,1672.4672235569385,1
C10148,0.0,0.0,2.0,1,103.60422973843463,1474.4612371770918,1
C10149,0.0,0.0,1.0,1,127.46974849924574,1294.5753226457493,1
C10150,0.0,0.0,3.0,1,121.87053663075761,1141.4090380178754,1
C10151,0.0,0.0,21.0,1,30.18146377043191,1026.98778869782,1
C10152,0.0,0.0,9.0,1,98.67029717657121,965.1907812448189,1
C10153,0.0,0.0,0.0,1,214.8890530406995,966.1690174423571,1
C10154,0.0,0.0,0.0,1,189.01540960084336,1029.743607084344,1
C10155,0.0,0.0,20.0,1,36.110830038890924,1145.5397079091679,1
C10156,0.0,0.0,33.0,1,9.960452215623706,1299.6732468055836,1
C10157,0.0,0.0,13.0,1,37.36715757385785,1480.216158041694,1
C10158,0.0,0.0,11.0,1,113.03456859995687,1678.668877591188,1
C10159,0.0,0.0,10.0,1,122.7875923714315,1889.3963392202297,1
C10160,0.0,0.0,1.0,1,78.7479879586961,2108.7218528588237,1
C10161,0.0,0.0,6.0,1,101.02313160305637,2334.223035356711,1
C10162,0.0,0.0,21.0,1,29.607319528379783,2371.586603845443,1
C10163,0.0,0.0,0.0,1,178.8310507834996,2216.597337939551,1
C10164,0.0,0.0,2.0,1,121.69866907129158,2055.8116149189377,1
C10167,0.0,0.0,0.0,1,427.02943748703154,1707.4935749396927,1
C10168,0.0,0.0,0.0,1,257.1050670672545,1651.8450126858875,1
C10169,0.0,0.0,8.0,1,131.69863661537408,1632.9879311893724,1
C10170,0.0,0.0,38.0,1,75.45633316937909,1652.1825628195734,1
C10171,0.0,0.0,4.0,1,85.0474640336296,1708.146615007026,1
C10172,0.0,0.0,0.0,1,204.0622618175288,1797.4488854581841,1
C10173,0.0,0.0,4.0,1,44.332980208521946,1599.6191627778437,1
C10174,0.0,0.0,0.0,1,149.77424626840022,1387.2311652445317,1
C10175,0.0,0.0,4.0,1,96.2687921643007,1189.554179398867,1
C10176,0.0,0.0,26.0,1,31.60845333824167,1015.2181960666995,1
C10177,0.0,0.0,15.0,1,50.3578485332678,878.235062796137,1
C10178,0.0,0.0,38.0,1,48.84352153687578,678.5853015163515,1
C10179,0.0,0.0,72.0,1,36.74672870601304,454.00633635186625,1
C10180,0.0,0.0,28.0,1,35.211227110053564,277.0658684523414,1
C10181,0.0,0.0,31.0,1,74.74251051035654,269.08964579644527,1
C10182,0.0,0.0,68.0,1,15.396209738604659,439.3779460651873,1
C10183,0.0,0.0,8.0,1,29.976132910809504,662.3418464071774,1
C10184,0.0,0.0,28.0,1,47.70593115409175,821.3582170977003,1
C10185,0.0,0.0,17.0,1,30.542679978774515,860.1277665276816,1
C10186,0.0,0.0,2.0,1,131.32911067413005,854.1258788738108,1
C10187,0.0,0.0,2.0,1,130.91324677231876,918.8265664269952,1
C10188,0.0,0.0,18.0,1,103.05183373920129,1041.130876202451,1
C10189,0.0,0.0,24.0,1,48.332824571587,1203.604895134672,1
C10190,0.0,0.0,44.0,1,30.583969184144966,1322.482847012828,1
C10278,0.0,0.0,1.0,1,120.42538325085944,1489.0263212060986,1
C10279,0.0,0.0,0.0,1,241.9002803267873,1357.972279286331,1
C10280,0.0,0.0,1.0,1,163.3966380769623,1263.3202433966057,1
C10281,0.0,0.0,35.0,1,67.74403968758863,1213.6174699802261,1
C10282,0.0,0.0,46.0,1,29.101192951100426,1214.3956066730277,1
C10283,0.0,0.0,26.0,1,95.4343786332967,1265.5615415981542,1
C10284,0.0,0.0,33.0,1,32.3961838111396,1361.4460480084558,1
C10285,0.0,0.0,16.0,1,51.26095573158198,1493.4606348020657,1
C10286,0.0,0.0,19.0,1,16.177349006108646,1652.9712622332352,1
C10287,0.0,0.0,17.0,1,80.89661835580387,1832.8129527680887,1
C10288,0.0,0.0,8.0,1,44.54101809187573,2027.5829566012897,1
C10289,0.0,0.0,7.0,1,57.962954487775896,2233.379047982132,1
C10290,0.0,0.0,3.0,1,59.451050509973584,2447.421356863407,1
C10291,0.0,0.0,35.0,1,49.07107037759405,2569.8715719383317,1
C10292,0.0,0.0,4.0,1,133.15695286327818,2406.719246969139,1
C10293,0.0,0.0,0.0,1,275.81232850074474,2259.5033018799963,1
C10296,0.0,0.0,0.0,1,177.1623416066404,1947.9548464046406,1
C10297,0.0,0.0,0.0,1,168.26957699496822,1899.3645571891234,1
C10298,0.0,0.0,32.0,1,44.876308641440566,1882.987880625136,1
C10299,0.0,0.0,6.0,1,68.02131998881859,1899.6581260995486,1
C10300,0.0,0.0,0.0,1,181.97869703179185,1825.740271875098,1
C10301,0.0,0.0,0.0,1,170.9011161885718,1627.6591464947899,1
C10302,0.0,0.0,9.0,1,69.6257169225546,1445.759680579639,1
C10303,0.0,0.0,8.0,1,80.54093288456042,1262.6947160301856,1
C10304,0.0,0.0,4.0,1,76.88688776223921,1041.6461903113563,1
C10305,0.0,0.0,40.0,1,3.3133014886032877,837.0517461243203,1
C10306,0.0,0.0,46.0,1,69.15526216341118,664.2924548641093,1
C10307,0.0,0.0,28.0,1,35.43849501924074,553.9975681255252,1
C10308,0.0,0.0,21.0,1,38.47717319642879,383.78261088089926,1
C10309,0.0,0.0,41.0,1,57.64080488997133,133.91353340184102,1
C10310,0.0,1.0,34.0,1,19.744331975799255,116.51856694009001,1
C10311,0.0,0.0,17.0,1,47.12615757748359,366.3609128378442,1
C10312,0.0,0.0,14.0,1,63.59304672825906,616.3311289144698,1
C10313,0.0,0.0,8.0,1,30.556740116206857,716.7629958095159,1
C10314,0.0,0.0,0.0,1,230.90011633231654,615.1913802808797,1
C10315,0.0,0.0,2.0,1,124.72805727673776,606.7715192574184,1
C10316,0.0,0.0,4.0,1,132.29198235903596,694.8977757857751,1
C10317,0.0,0.0,16.0,1,55.85087167917356,850.0553870202101,1
C10318,0.0,0.0,44.0,1,32.16442799068504,1041.0739450931967,1
C10319,0.0,0.0,44.0,1,3.633391127619581,1079.9570371558186,1
C10407,0.0,0.0,0.0,1,366.4790135111235,1698.079357534797,1
C10408,0.0,0.0,0.0,1,422.27993089317914,1584.4124559442641,1
C10409,0.0,0.0,0.0,1,381.84263926228147,1504.0785074645808,1
C10412,0.0,0.0,28.0,1,31.36726914278576,1505.9615316512964,1
C10413,0.0,0.0,44.0,1,35.84185796206301,1587.3907713222552,1
C10414,0.0,0.0,14.0,1,41.50769304520917,1701.9690910661716,1
C10415,0.0,0.0,21.0,1,7.6770571599159,1843.5260000906296,1
C10416,0.0,0.0,17.0,1,14.202539286768983,2006.3592497545653,1
C10417,0.0,0.0,0.0,1,192.6969179257371,2185.7188211527227,1
C10418,0.0,0.0,15.0,1,14.4371182004054,2377.8679717778264,1
C10419,0.0,0.0,4.0,1,66.06325209432963,2579.9506617903257,1
C10420,0.0,0.0,43.0,1,45.11457711721037,2758.3026794439706,1
C10421,0.0,0.0,0.0,1,148.62600316542384,2606.9697560391246,1
C10422,0.0,0.0,7.0,1,42.805347050248564,2471.7097213017555,1
C10423,0.0,0.0,0.0,1,209.75931300129523,2355.2933116392337,1
C10424,0.0,0.0,37.0,1,40.9830521584061,2260.633588471917,1
C10425,0.0,0.0,10.0,1,19.1814484437882,2190.5528660140394,1
C10426,0.0,0.0,10.0,1,40.24300441312951,2147.4588462359948,1
C10427,0.0,0.0,4.0,1,60.43604348261455,2132.987841913811,1
C10428,0.0,0.0,17.0,1,48.845119085708156,1918.2109232468176,1
C10429,0.0,0.0,1.0,1,122.95680711373737,1694.249067547331,1
C10430,0.0,0.0,0.0,1,183.02810216055695,1478.6570460071503,1
C10431,0.0,0.0,16.0,1,19.858983490284047,1275.6854692784516,1
C10432,0.0,0.0,13.0,1,41.21560180322716,1092.39195042337,1
C10433,0.0,0.0,20.0,1,30.367597063196982,938.0908409397313,1
C10434,0.0,0.0,49.0,1,52.18448189441156,704.0193646162181,1
C10435,0.0,0.0,18.0,1,48.20832363573323,486.0782916920223,1
C10436,0.0,0.0,24.0,1,6.49473196371161,319.21927503496073,1
C10437,0.0,0.0,46.0,1,43.97993849601167,304.18708955749105,1
C10438,0.0,0.0,49.0,1,35.2596644454392,290.00029895688357,1
C10439,0.0,0.0,34.0,1,16.851192685764968,282.3896517379631,1
C10440,0.0,0.0,16.0,1,44.67752986233736,447.6467998570908,1
C10444,0.0,0.0,14.0,1,78.26681944516884,363.05968683117584,1
C10445,0.0,0.0,3.0,1,81.49217360215172,496.5114081388395,1
C10446,0.0,0.0,0.0,1,186.30817277819375,697.3053998228287,1
C10447,0.0,0.0,23.0,1,23.34883912076045,791.3161698152841,1
C10448,0.0,0.0,47.0,1,18.451266237490806,841.8156113791151,1
C10537,0.0,0.0,0.0,1,259.65050442405686,1817.040712200075,1
C10538,0.0,0.0,0.0,1,398.0632299099412,1747.4341978621403,1
C10541,0.0,0.0,18.0,1,25.371697673840032,1749.055246141396,1
C10542,0.0,0.0,17.0,1,28.4132000329688,1819.638310247475,1
C10543,0.0,0.0,0.0,1,152.26827910152537,1920.4095673022023,1
C10544,0.0,0.0,1.0,1,91.43610128049323,2046.915296794515,1
C10545,0.0,0.0,18.0,1,79.7563364795794,2194.709902997871,1
C10546,0.0,0.0,27.0,1,37.2385899738709,2359.796788789761,1
C10547,0.0,0.0,2.0,1,69.47717613318828,2538.804878372502,1
C10548,0.0,0.0,12.0,1,46.88719381803618,2728.9960675152247,1
C10549,0.0,0.0,29.0,1,32.96913590818943,2928.192080888668,1
C10550,0.0,0.0,13.0,1,67.58180472713066,2815.1882857232995,1
C10551,0.0,0.0,2.0,1,111.25661764769102,2690.416830446278,1
C10552,0.0,0.0,0.0,1,206.98715591360727,2583.873131371489,1
C10553,0.0,0.0,29.0,1,57.92581752802177,2497.8907094783813,1
C10554,0.0,0.0,13.0,1,27.555903930549295,2434.6489755144,1
C10555,0.0,0.0,12.0,1,42.577302115005416,2309.716864673822,1
C10556,0.0,0.0,6.0,1,108.92189704145395,2067.785954053335,1
C10557,0.0,0.0,0.0,1,146.6126975225605,1828.0277647240075,1
C10558,0.0,0.0,29.0,1,25.937931522240813,1591.4246024940808,1
C10559,0.0,0.0,20.0,1,9.274481508466424,1359.6245887174277,1
C10560,0.0,0.0,28.0,1,17.977804804235717,1135.5728858451255,1
C10561,0.0,0.0,22.0,1,19.747752375117955,924.9175832949754,1
C10562,0.0,0.0,31.0,1,30.423571871721887,739.2017943091109,1
C10563,0.0,0.0,41.0,1,21.206774526365617,601.9684788520082,1
C10564,0.0,0.0,38.0,1,38.215332227720495,395.29703479672685,1
C10565,0.0,0.0,16.0,1,31.799475630957822,147.94791522253996,1
C10566,0.0,1.0,38.0,1,33.902510762938974,111.8813010216947,1
C10567,0.0,0.0,36.0,1,42.611202144195445,357.9752301737067,1
C10568,0.0,0.0,22.0,1,54.79987987069094,520.4913585983959,1
C10569,0.0,0.0,8.0,1,60.38350174101835,625.7435548123609,1
C10570,0.0,0.0,0.0,1,271.9316796821047,652.9312897937746,1
C10571,0.0,0.0,0.0,1,342.6103643298665,407.46841767408654,1
C10572,0.0,0.0,2.0,1,149.2051255927476,175.3332644191786,1
C10573,0.0,1.0,10.0,1,108.13401958847751,143.0139707229589,1
C10574,0.0,0.0,5.0,1,118.84273983183567,367.64689313525975,1
C10575,0.0,0.0,4.0,1,113.8822188274033,579.7028196583911,1
C10576,0.0,0.0,18.0,1,7.5861861857006145,541.7818768382263,1
C10577,0.0,0.0,38.0,1,13.841477973111465,613.1882622986294,1
C10665,0.0,0.0,0.0,1,191.36637544156991,2142.666969682464,1
C10666,0.0,0.0,2.0,1,57.167260812749845,2053.7553576397013,1
C10667,0.0,0.0,0.0,1,307.08963881495663,1992.435794473519,1
C10669,0.0,0.0,0.0,1,204.5511220661373,1961.7795613244662,1
C10670,0.0,0.0,5.0,1,106.40884303273106,1993.8576612426377,1
C10671,0.0,0.0,5.0,1,83.21610961997347,2056.053914507474,1
C10672,0.0,0.0,4.0,1,91.4642250978415,2145.7509234361414,1
C10673,0.0,0.0,1.0,1,98.69905386906143,2259.6761607568014,1
C10674,0.0,0.0,3.0,1,134.8030907323329,2394.3737547755873,1
C10675,0.0,0.0,2.0,1,136.18115245267805,2546.5496271668635,1
C10676,0.0,0.0,21.0,1,21.926657955127585,2713.264515245286,1
C10677,0.0,0.0,3.0,1,135.75603480049946,2892.0051272006385,1
C10678,0.0,0.0,30.0,1,27.918670139234237,3080.6789806502607,1
C10679,0.0,0.0,18.0,1,63.45692102505941,3029.732473213548,1
C10680,0.0,0.0,11.0,1,53.66676989041339,2914.1613710842425,1
C10681,0.0,0.0,7.0,1,124.9161823879222,2816.095547774347,1
C10682,0.0,0.0,20.0,1,23.291692437101407,2737.4169890006538,1
C10683,0.0,0.0,17.0,1,53.82205284153194,2511.1745460392676,1
C10684,0.0,0.0,17.0,1,5.659480996947818,2263.1713053803755,1
C10685,0.0,0.0,11.0,1,75.76895526025598,2015.6614582609611,1
C10686,0.0,0.0,0.0,1,186.73501386093344,1768.8521337693255,1
C10687,0.0,0.0,8.0,1,114.72391928134269,1523.0839201967458,1
C10688,0.0,0.0,18.0,1,68.53053787802439,1278.9571473600975,1
C10689,0.0,0.0,18.0,1,25.6784006195263,1037.631023825459,1
C10690,0.0,0.0,28.0,1,6.696922396219929,801.6388828061306,1
C10691,0.0,0.0,6.0,1,108.95678859188374,577.5566251444551,1
C10692,0.0,0.0,14.0,1,31.604129480310217,386.6761074463277,1
C10693,0.0,0.0,26.0,1,34.28412722385223,300.7742822972658,1
C10694,0.0,0.0,20.0,1,27.781832757872117,258.6043806348722,1
C10695,0.0,0.0,4.0,1,97.04938540984023,239.80213840405395,1
C10696,0.0,0.0,20.0,1,32.65749704185727,416.0936258617383,1
C10697,0.0,0.0,16.0,1,20.94595863680741,643.2439237042037,1
C10698,0.0,0.0,0.0,1,153.43758512391972,841.2623463320618,1
C10699,0.0,0.0,0.0,1,326.33335855928254,663.2947525887402,1
C10700,0.0,0.0,4.0,1,107.9651098540953,423.87636289585635,1
C10701,0.0,0.0,0.0,1,168.06928155624266,210.671339369838,1
C10702,0.0,0.0,3.0,1,35.98297487086457,184.64467347297946,1
C10703,0.0,0.0,12.0,1,90.65033594945761,385.7523786731651,1
C10704,0.0,0.0,0.0,1,281.38064331522804,358.33180235517534,1
C10705,0.0,0.0,0.0,1,146.65420597078642,293.0425285339489,1
C10706,0.0,0.0,16.0,1,64.28415710445763,410.30009320012596,1
C10790,0.0,0.0,0.0,1,1214.3966834418788,2893.914055038136,1
C10791,0.0,0.0,0.0,1,970.2222524509426,2738.909980998429,1
C10794,0.0,0.0,0.0,1,229.9932797684644,2373.2458495085275,1
C10795,0.0,0.0,4.0,1,73.96913897247329,2293.2913439585036,1
C10798,0.0,0.0,0.0,1,197.77374664144796,2211.3012382919783,1
C10799,0.0,0.0,6.0,1,38.630050084499906,2239.808583905594,1
C10800,0.0,0.0,0.0,1,185.56865106284624,2295.350042717391,1
C10801,0.0,0.0,0.0,1,264.90272027562696,2376.030543715353,1
C10802,0.0,0.0,0.0,1,230.65658455477327,2479.3971990654945,1
C10803,0.0,0.0,6.0,1,13.708978972341331,2602.7485081734976,1
C10804,0.0,0.0,0.0,1,205.27520208641513,2743.3900785096007,1
C10805,0.0,0.0,2.0,1,132.9194540067929,2898.806383484495,1
C10806,0.0,0.0,13.0,1,47.865155408231566,3066.7519911130744,1
C10807,0.0,0.0,14.0,1,108.18828549282597,3245.2822837253384,1
C10808,0.0,0.0,8.0,1,103.3288981543485,3249.3495709781178,1
C10809,0.0,0.0,23.0,1,51.604621402656576,3141.867322451823,1
C10810,0.0,0.0,13.0,1,47.408656336491276,2993.5357772324655,1
C10811,0.0,0.0,4.0,1,135.06037500218247,2743.5748953495645,1
C10812,0.0,0.0,4.0,1,95.08689794866815,2493.6218564998912,1
C10813,0.0,0.0,15.0,1,65.47204633230488,2243.6792819018397,1
C10814,0.0,0.0,14.0,1,44.813980359682304,1993.751107048507,1
C10815,0.0,0.0,4.0,1,88.96144626468895,1743.8435232780316,1
C10816,0.0,0.0,26.0,1,19.819198324553625,1493.966863923136,1
C10817,0.0,0.0,27.0,1,30.68855797743178,1244.1397619728748,1
C10818,0.0,0.0,8.0,1,127.31016682652415,994.3995696617699,1
C10819,0.0,0.0,4.0,1,105.74881500755436,744.8337136335227,1
C10820,0.0,0.0,12.0,1,5.5224642155976715,495.70557570668495,1
C10821,0.0,0.0,18.0,1,11.12291311994006,248.33601150112597,1
C10822,0.0,1.0,22.0,1,18.071078245029245,51.1618161315524,1
C10823,0.0,0.0,26.0,1,37.096022497629384,261.84783415462914,1
C10824,0.0,0.0,21.0,1,25.705032934841014,476.96195408859086,1
C10825,0.0,0.0,18.0,1,13.651838304063254,585.7657770368786,1
C10826,0.0,0.0,16.0,1,43.64103946040263,764.0355917411371,1
C10827,0.0,0.0,1.0,0,134.9900320231783,974.3609317633998,1
C10828,0.0,0.0,0.0,1,254.61389762851812,760.6579970208384,1
C10829,0.0,0.0,2.0,1,134.37798394782206,564.1913067761817,1
C10830,0.0,0.0,0.0,1,170.5237656584139,427.811959687755,1
C10831,0.0,0.0,7.0,1,28.559966298842134,415.613179605675,1
C10832,0.0,0.0,14.0,1,45.942265865444,461.8178851970395,1
C10833,0.0,0.0,4.0,1,101.35783459972718,213.88782583010135,1
C10834,0.0,1.0,6.0,1,35.99095820951717,56.74720247544877,1
C10835,0.0,0.0,8.0,1,44.38897827496155,292.7327927295666,1
C10918,0.0,0.0,0.0,1,1363.457976009916,3246.4016004066634,1
C10919,0.0,0.0,0.0,1,1186.7093278361058,3088.8529711186466,1
C10920,0.0,0.0,0.0,1,961.9891198814167,2944.1300927870084,1
C10921,0.0,0.0,0.0,1,738.2387029934758,2814.212381701065,1
C10922,0.0,0.0,0.0,1,498.8502906284084,2701.236875097245,1
C10924,0.0,0.0,0.0,1,164.33293884784564,2534.848971342518,1
C10928,0.0,0.0,0.0,1,187.08124540474324,2486.567234517982,1
C10929,0.0,0.0,0.0,1,262.8348710427527,2536.7116386857906,1
C10932,0.0,0.0,0.0,1,230.26241392244657,2817.9023964716357,1
C10933,0.0,0.0,0.0,1,340.0867694762297,2948.298363820414,1
C10936,0.0,0.0,9.0,1,101.45029378528336,3420.2530930185226,1
C10937,0.0,0.0,0.0,1,164.31932804466786,3473.0773687878986,1
C10941,0.0,0.0,4.0,0,101.90180327219663,2501.0602403285707,1
C10944,0.0,0.0,6.0,1,94.12147763516924,1754.463620659369,1
C10945,0.0,0.0,10.0,1,69.93436998226,1506.3496782084742,1
C10946,0.0,0.0,18.0,1,37.75371863736922,1258.9821721773367,1
C10947,0.0,0.0,18.0,1,55.98645056840523,1012.9081235146436,1
C10948,0.0,0.0,12.0,1,37.95846536257299,769.3696273596638,1
C10949,0.0,0.0,0.0,1,153.2000155042172,531.8612416083159,1
C10950,0.0,0.0,12.0,1,125.17693971128564,314.36147529035867,1
C10951,0.0,0.0,8.0,1,71.20708027383266,199.42390520778142,1
C10952,0.0,0.0,27.0,1,47.93712621981114,325.1409706418334,1
C10953,0.0,0.0,8.0,1,16.940261053741057,544.6681628400039,1
C10954,0.0,0.0,2.0,1,125.5795385598576,782.6941704351045,1
C10955,0.0,0.0,19.0,1,32.94947853509025,937.4102759795625,1
C10956,0.0,0.0,0.0,1,187.0491863651461,1107.939531672053,1
C10957,0.0,0.0,0.0,1,211.22105967915573,917.7370255425841,1
C10958,0.0,0.0,10.0,1,61.9251558825579,762.8581062437571,1
C10959,0.0,0.0,0.0,1,183.47464399573855,668.3290600234836,1
C10960,0.0,0.0,0.0,1,182.1074228925652,660.5868411359213,1
C10961,0.0,0.0,2.0,1,77.56308178590808,505.5908232425558,1
C10962,0.0,0.0,4.0,1,131.4851812343833,296.80687912773703,1
C10963,0.0,0.0,2.0,1,127.59689536793456,213.46326721009615,1
C10964,0.0,0.0,0.0,1,151.53528021514066,163.20014253440817,1
C11047,0.0,0.0,0.0,1,1182.7147750081363,3439.5344845435357,1
C11048,0.0,0.0,0.0,1,1011.7640471335798,3291.243958814009,1
C11049,0.0,0.0,0.0,1,839.9965682061219,3155.8162371239646,1
C11050,0.0,0.0,0.0,1,629.5073678530366,3034.9737146408374,1
C11051,0.0,0.0,0.0,1,404.2568047395854,2930.521246233569,1
C11052,0.0,0.0,0.0,1,220.83468535289495,2844.2651248946354,1
C11053,0.0,0.0,0.0,1,223.17297816851865,2777.900902976462,1
C11054,0.0,0.0,0.0,1,410.8099787601006,2732.8781079336463,1
C11065,0.0,0.0,8.0,1,20.21253583361276,3604.0817609405026,1
C11066,0.0,0.0,1.0,1,123.33236048293315,3521.8841066969376,1
C11074,0.0,0.0,0.0,1,264.62808518988635,1559.2439564023382,1
C11075,0.0,0.0,0.0,1,195.72188412725515,1321.8125708279554,1
C11076,0.0,0.0,0.0,1,141.17179568493344,1090.0161600730514,1
C11077,0.0,0.0,8.0,1,97.16463143888758,868.3789415007664,1
C11078,0.0,0.0,8.0,1,85.94593307120594,667.1047465455352,1
C11079,0.0,0.0,2.0,1,126.11232744548803,510.8576119479617,1
C11080,0.0,0.0,16.0,1,66.68763006529512,449.3576042605328,1
C11081,0.0,0.0,17.0,1,64.52587458090818,517.560637344415,1
C11082,0.0,0.0,12.0,1,89.08755413557166,677.3594098777609,1
C11083,0.0,0.0,12.0,1,96.55697471073009,880.2059571324996,1
C11084,0.0,0.0,4.0,1,103.6677723629257,1102.5920749729391,1
C11085,0.0,0.0,15.0,1,7.547349961984812,1271.2870114422171,1
C11086,0.0,0.0,0.0,1,172.83743835036682,1109.4511740819178,1
C11087,0.0,0.0,2.0,1,142.76058238475812,985.1868603883262,1
C11088,0.0,0.0,12.0,1,76.79359977821427,913.9498848907795,1
C11089,0.0,0.0,0.0,1,146.32707767255553,845.8700603850705,1
C11090,0.0,0.0,0.0,1,195.510787743656,650.360209427287,1
C11091,0.0,0.0,4.0,1,133.66931752913476,484.0448824861947,1
C11092,0.0,0.0,6.0,1,87.57670277817392,242.6217848946262,1
C11093,0.0,1.0,2.0,1,117.4907184821372,91.82163552145242,1
